{
    "name" : "Wyoming", 
	"FIPS" : "56",
    "population" : 583029, 
    "demographics" : {
        "race_and_ethnicity" : {
            "White" : 0.8436269900000001, 
            "Hispanic" : 0.09600552000000001, 
            "Black" : 0.011037189999999999, 
            "Asian" : 0.00923625, 
            "Mixed" : 0.01967998, 
            "Other" : 0.02041408
        }, 
        "age_and_sex" : {
            "85+" : 0.01652, 
            "80-84" : 0.01724, 
            "75-79" : 0.0226, 
            "70-74" : 0.033690000000000005, 
            "67-69" : 0.025750000000000002, 
            "65-66" : 0.022629999999999997, 
            "62-64" : 0.03856, 
            "60-61" : 0.02881, 
            "55-59" : 0.07092999999999999, 
            "50-54" : 0.06803, 
            "45-49" : 0.05779, 
            "40-44" : 0.059640000000000006, 
            "35-39" : 0.061630000000000004, 
            "30-34" : 0.07029, 
            "25-29" : 0.06978, 
            "22-24" : 0.04117, 
            "21" : 0.014530000000000001, 
            "20" : 0.01671, 
            "18-19" : 0.02557, 
            "15-17" : 0.03772, 
            "10-14" : 0.06627, 
            "5-9" : 0.06904, 
            "0-4" : 0.06512
        }, 
        "household_types" : {
            "Married" : 0.51803864, 
            "Single Female" : 0.08431835, 
            "Single Male" : 0.04949666, 
            "One-Person" : 0.28092165, 
            "Other Non-Family" : 0.06722471
        }, 
        "marital_status" : {
            "Never Married" : {
                "female" : 0.23542995, 
                "male" : 0.30653452999999997
            }, 
            "Now Married" : {
                "female" : 0.51645281, 
                "male" : 0.50722667
            }, 
            "Separated" : {
                "female" : 0.01491336, 
                "male" : 0.0150217
            }, 
            "Absent Spouse" : {
                "female" : 0.01802724, 
                "male" : 0.021720000000000003
            }, 
            "Widowed" : {
                "female" : 0.08354982, 
                "male" : 0.0250081
            }, 
            "Divorced" : {
                "female" : 0.13162682, 
                "male" : 0.124489
            }
        }, 
        "ancestry" : {
            "German" : 0.23626612000000002, 
            "Other" : 0.21833905, 
            "Unclassified" : 0.21312147, 
            "English" : 0.12384976, 
            "Irish" : 0.11617432000000001, 
            "American" : 0.0726156, 
            "Norwegian" : 0.03466208, 
            "Italian" : 0.03273594, 
            "Scottish" : 0.029218099999999997, 
            "French" : 0.02857662, 
            "Swedish" : 0.02642407, 
            "Dutch" : 0.01967312, 
            "Polish" : 0.01826667, 
            "European" : 0.01727187, 
            "Scotch-Irish" : 0.015163910000000001, 
            "Danish" : 0.013374980000000002, 
            "Welsh" : 0.0112087, 
            "Czech" : 0.00775776, 
            "Russian" : 0.00718489, 
            "Scandinavian" : 0.0050786500000000005, 
            "Mexican" : 0.76109318, 
            "Other Hispanic" : 0.07361, 
            "Spanish" : 0.16404781, 
            "Spaniard" : 0.01587, 
            "Central American" : 0.051147450000000004, 
            "Puerto Rican" : 0.0049499999999999995, 
            "Guatemalan" : 0.03917639, 
            "South American" : 0.00379, 
            "Salvadoran" : 0.032117900000000005, 
            "Cuban" : 0.00311, 
            "Filipino" : 0.24382544, 
            "Chinese" : 0.0022500000000000003, 
            "Indian" : 0.19442896999999998, 
            "Japanese" : 0.0018, 
            "Korean" : 0.13073352, 
            "Vietnamese" : 0.00121, 
            "Thai" : 0.11030641, 
            "Pakistani" : 0.0010199999999999999, 
            "Mixed" : 0.09433612, 
            "Nepalese" : 0.0008699999999999999, 
            "Indonesian" : 0.07743733, 
            "Cambodian" : 0.0007199999999999999, 
            "Not Specified" : 0.0356546, 
            "Hmong" : 0.00033
        }, 
        "employment_status" : {
            "Armed Forces" : 0.005200369999999999, 
            "Employed" : 0.6393712500000001, 
            "Unemployed" : 0.03292262, 
            "Other" : 0.32250576000000003
        }, 
        "industries" : {
            "Healthcare" : 0.11790611999999999, 
            "Retail" : 0.11127459999999999, 
            "Education" : 0.11012677, 
            "Oil & Gas, and Mining" : 0.09032078, 
            "Hospitality" : 0.08377441, 
            "Construction" : 0.0759576, 
            "Government" : 0.06447931999999999, 
            "Transportation" : 0.046321839999999996, 
            "Other Services" : 0.0456747, 
            "Professional" : 0.041093599999999994, 
            "Manufacturing" : 0.03884904, 
            "Agriculture" : 0.03493893, 
            "Administrative" : 0.02638301, 
            "Entertainment" : 0.023109829999999998, 
            "Finance & Insurance" : 0.02284076, 
            "Wholesalers" : 0.020333929999999997, 
            "Utilities" : 0.0157324, 
            "Information" : 0.0154497, 
            "Real estate" : 0.015241929999999999, 
            "Management" : 0.00019074
        }, 
        "educational_attainment" : {
            "Doctorate" : 0.0124502, 
            "Professional" : 0.01340095, 
            "Master's" : 0.061785969999999996, 
            "Bachelor's" : 0.17246074, 
            "Associate's" : 0.10693894, 
            "Some College" : 0.2651074, 
            "High School" : 0.29176721, 
            "Some H.S." : 0.05704771, 
            "Less than H.S." : 0.01619379, 
            "None" : 0.00284709
        }
    }
}