{
    "name" : "Salem County", 
	"state" : "New Jersey", 
	"FIPS" : "34033",
    "population" : 64504, 
    "demographics" : {
        "race_and_ethnicity" : {
            "White" : 0.75528649, 
            "Hispanic" : 0.0766154, 
            "Black" : 0.1351234, 
            "Asian" : 0.00920873, 
            "Mixed" : 0.02077391, 
            "Other" : 0.0029920600000000004
        }, 
        "age_and_sex" : {
            "85+" : 0.025830000000000002, 
            "80-84" : 0.02346, 
            "75-79" : 0.027069999999999997, 
            "70-74" : 0.041139999999999996, 
            "67-69" : 0.03025, 
            "65-66" : 0.0233, 
            "62-64" : 0.04141, 
            "60-61" : 0.02411, 
            "55-59" : 0.07827, 
            "50-54" : 0.07844000000000001, 
            "45-49" : 0.06787, 
            "40-44" : 0.06286, 
            "35-39" : 0.05486, 
            "30-34" : 0.05688, 
            "25-29" : 0.057699999999999994, 
            "22-24" : 0.03609, 
            "21" : 0.010740000000000001, 
            "20" : 0.01431, 
            "18-19" : 0.02259, 
            "15-17" : 0.04105, 
            "10-14" : 0.06272, 
            "5-9" : 0.06341999999999999, 
            "0-4" : 0.05561
        }, 
        "household_types" : {
            "Married" : 0.48608534, 
            "Single Female" : 0.13560091, 
            "Single Male" : 0.049762940000000006, 
            "One-Person" : 0.27730365, 
            "Other Non-Family" : 0.05124717
        }, 
        "marital_status" : {
            "Never Married" : {
                "female" : 0.29097296, 
                "male" : 0.34760913000000004
            }, 
            "Now Married" : {
                "female" : 0.43898423000000003, 
                "male" : 0.48029547
            }, 
            "Separated" : {
                "female" : 0.01895422, 
                "male" : 0.01897764
            }, 
            "Absent Spouse" : {
                "female" : 0.01730762, 
                "male" : 0.02561785
            }, 
            "Widowed" : {
                "female" : 0.11526218, 
                "male" : 0.03540136
            }, 
            "Divorced" : {
                "female" : 0.11851879, 
                "male" : 0.09209854
            }
        }, 
        "ancestry" : {
            "Other" : 0.26049547, 
            "Irish" : 0.21071561, 
            "German" : 0.19750713, 
            "Unclassified" : 0.14248729000000002, 
            "Italian" : 0.13506139, 
            "English" : 0.11368287, 
            "American" : 0.052585889999999996, 
            "Polish" : 0.04289656, 
            "French" : 0.02029332, 
            "Dutch" : 0.01761131, 
            "Swedish" : 0.015177350000000001, 
            "Scottish" : 0.01403014, 
            "Welsh" : 0.01072802, 
            "Pennsylvania German" : 0.00970482, 
            "European" : 0.00823205, 
            "Scotch-Irish" : 0.007984, 
            "Russian" : 0.00722436, 
            "Ukrainian" : 0.00717785, 
            "Hungarian" : 0.005891110000000001, 
            "Puerto Rican" : 0.46268656999999996, 
            "Mexican" : 0.036520000000000004, 
            "Central American" : 0.37529458, 
            "Guatemalan" : 0.02963, 
            "Cuban" : 0.05793401, 
            "Dominican" : 0.00457, 
            "South American" : 0.050471329999999995, 
            "Other Hispanic" : 0.00398, 
            "Colombian" : 0.03790259, 
            "Spanish" : 0.00299, 
            "Korean" : 0.33164983, 
            "Chinese" : 0.0030499999999999998, 
            "Indian" : 0.22390571999999997, 
            "Filipino" : 0.0020599999999999998, 
            "Pakistani" : 0.18518519, 
            "Japanese" : 0.0017100000000000001, 
            "Cambodian" : 0.16161615999999998
        }, 
        "employment_status" : {
            "Armed Forces" : 0.00013440000000000001, 
            "Employed" : 0.55906691, 
            "Unemployed" : 0.05773255, 
            "Other" : 0.38306614000000005
        }, 
        "industries" : {
            "Healthcare" : 0.13554724, 
            "Manufacturing" : 0.11590371, 
            "Education" : 0.10302552000000001, 
            "Retail" : 0.09821766, 
            "Construction" : 0.0776469, 
            "Transportation" : 0.05810639, 
            "Hospitality" : 0.05542773, 
            "Government" : 0.05058553, 
            "Other Services" : 0.04804423, 
            "Professional" : 0.04739174, 
            "Utilities" : 0.04344243, 
            "Finance & Insurance" : 0.04042034, 
            "Administrative" : 0.03526907, 
            "Wholesalers" : 0.03289948, 
            "Agriculture" : 0.022425220000000003, 
            "Information" : 0.01329029, 
            "Entertainment" : 0.0105086, 
            "Real estate" : 0.010474259999999999, 
            "Oil & Gas, and Mining" : 0.00120196, 
            "Management" : 0.00017171
        }, 
        "educational_attainment" : {
            "Doctorate" : 0.005700739999999999, 
            "Professional" : 0.00581252, 
            "Master's" : 0.0511055, 
            "Bachelor's" : 0.14005947000000002, 
            "Associate's" : 0.09110013, 
            "Some College" : 0.18693971, 
            "High School" : 0.38485613999999996, 
            "Some H.S." : 0.08589121999999999, 
            "Less than H.S." : 0.038787419999999996, 
            "None" : 0.00974716
        }
    }
}