{
    "name" : "Camden County", 
	"state" : "New Jersey", 
	"FIPS" : "34007",
    "population" : 511145, 
    "demographics" : {
        "race_and_ethnicity" : {
            "White" : 0.58054955, 
            "Hispanic" : 0.1427951, 
            "Black" : 0.19593266, 
            "Asian" : 0.056524080000000004, 
            "Mixed" : 0.01987499, 
            "Other" : 0.00432363
        }, 
        "age_and_sex" : {
            "85+" : 0.021509999999999998, 
            "80-84" : 0.01813, 
            "75-79" : 0.02299, 
            "70-74" : 0.03382, 
            "67-69" : 0.02532, 
            "65-66" : 0.020720000000000002, 
            "62-64" : 0.03291, 
            "60-61" : 0.024220000000000002, 
            "55-59" : 0.07211000000000001, 
            "50-54" : 0.07408000000000001, 
            "45-49" : 0.06941, 
            "40-44" : 0.06486, 
            "35-39" : 0.06245, 
            "30-34" : 0.06763, 
            "25-29" : 0.06891, 
            "22-24" : 0.03971, 
            "21" : 0.01284, 
            "20" : 0.01234, 
            "18-19" : 0.02308, 
            "15-17" : 0.04073, 
            "10-14" : 0.0644, 
            "5-9" : 0.06534, 
            "0-4" : 0.06249
        }, 
        "household_types" : {
            "Married" : 0.45478726, 
            "Single Female" : 0.16830532, 
            "Single Male" : 0.05302011, 
            "One-Person" : 0.27413015, 
            "Other Non-Family" : 0.04975716
        }, 
        "marital_status" : {
            "Never Married" : {
                "female" : 0.34899817, 
                "male" : 0.40525385999999997
            }, 
            "Now Married" : {
                "female" : 0.39521027, 
                "male" : 0.44911217000000003
            }, 
            "Separated" : {
                "female" : 0.028633730000000003, 
                "male" : 0.018513440000000003
            }, 
            "Absent Spouse" : {
                "female" : 0.01970797, 
                "male" : 0.02407509
            }, 
            "Widowed" : {
                "female" : 0.10004906999999999, 
                "male" : 0.02819427
            }, 
            "Divorced" : {
                "female" : 0.10740079, 
                "male" : 0.07485118
            }
        }, 
        "ancestry" : {
            "Other" : 0.39114928, 
            "Irish" : 0.19141731, 
            "Italian" : 0.16352503, 
            "German" : 0.14564947, 
            "Unclassified" : 0.10352639999999999, 
            "English" : 0.06439856, 
            "Polish" : 0.05266999, 
            "American" : 0.030140180000000003, 
            "Russian" : 0.01862485, 
            "French" : 0.01443622, 
            "Scottish" : 0.0106506, 
            "West Indian" : 0.010611470000000001, 
            "Subsaharan African" : 0.0092283, 
            "Dutch" : 0.00684542, 
            "Ukrainian" : 0.006416969999999999, 
            "Jamaican" : 0.00581048, 
            "Scotch-Irish" : 0.00574397, 
            "African" : 0.005669619999999999, 
            "Greek" : 0.005315520000000001, 
            "Welsh" : 0.005025969999999999, 
            "Puerto Rican" : 0.56221998, 
            "Mexican" : 0.08813, 
            "Dominican" : 0.15802414, 
            "Central American" : 0.02477, 
            "South American" : 0.10787874, 
            "Other Hispanic" : 0.01691, 
            "Colombian" : 0.07099979000000001, 
            "Honduran" : 0.01113, 
            "Cuban" : 0.048747610000000004, 
            "Salvadoran" : 0.00764, 
            "Nicaraguan" : 0.03092591, 
            "Spaniard" : 0.00485, 
            "Ecuadorian" : 0.02240194, 
            "Spanish" : 0.0035099999999999997, 
            "Guatemalan" : 0.02125376, 
            "Peruvian" : 0.00333, 
            "Indian" : 0.29302229, 
            "Chinese" : 0.01656, 
            "Vietnamese" : 0.17849232, 
            "Filipino" : 0.010089999999999998, 
            "Korean" : 0.16897411, 
            "Pakistani" : 0.00955, 
            "Bangladeshi" : 0.13709676999999998, 
            "Cambodian" : 0.00775, 
            "Japanese" : 0.09583968000000001, 
            "Mixed" : 0.00542, 
            "Taiwanese" : 0.03565001, 
            "Nepalese" : 0.00202
        }, 
        "employment_status" : {
            "Armed Forces" : 0.00071259, 
            "Employed" : 0.60395498, 
            "Unemployed" : 0.058404939999999995, 
            "Other" : 0.3369275
        }, 
        "industries" : {
            "Healthcare" : 0.16687556, 
            "Retail" : 0.12401253000000001, 
            "Education" : 0.10029272, 
            "Professional" : 0.07451121, 
            "Manufacturing" : 0.07209841, 
            "Hospitality" : 0.06811381, 
            "Finance & Insurance" : 0.05771139, 
            "Construction" : 0.0515426, 
            "Transportation" : 0.051064939999999996, 
            "Government" : 0.04590864, 
            "Administrative" : 0.04455731, 
            "Other Services" : 0.04365097, 
            "Wholesalers" : 0.032268729999999995, 
            "Information" : 0.01987401, 
            "Entertainment" : 0.01979236, 
            "Real estate" : 0.01698763, 
            "Utilities" : 0.00792429, 
            "Agriculture" : 0.00163712, 
            "Management" : 0.00100432, 
            "Oil & Gas, and Mining" : 0.00017146999999999998
        }, 
        "educational_attainment" : {
            "Doctorate" : 0.010783510000000001, 
            "Professional" : 0.022860580000000002, 
            "Master's" : 0.07620483, 
            "Bachelor's" : 0.19659237999999998, 
            "Associate's" : 0.07108819999999999, 
            "Some College" : 0.19381799, 
            "High School" : 0.31119203, 
            "Some H.S." : 0.07131004, 
            "Less than H.S." : 0.030178280000000002, 
            "None" : 0.01597216
        }
    }
}