{
    "name" : "Kennebec County", 
	"state" : "Maine", 
	"FIPS" : "23011",
    "population" : 120953, 
    "demographics" : {
        "race_and_ethnicity" : {
            "White" : 0.9502120700000001, 
            "Hispanic" : 0.01331922, 
            "Black" : 0.009416879999999999, 
            "Asian" : 0.00831728, 
            "Mixed" : 0.01288104, 
            "Other" : 0.005853509999999999
        }, 
        "age_and_sex" : {
            "85+" : 0.02125, 
            "80-84" : 0.0236, 
            "75-79" : 0.03057, 
            "70-74" : 0.03945, 
            "67-69" : 0.033769999999999994, 
            "65-66" : 0.02606, 
            "62-64" : 0.043230000000000005, 
            "60-61" : 0.03166, 
            "55-59" : 0.08121, 
            "50-54" : 0.08185, 
            "45-49" : 0.07162, 
            "40-44" : 0.06192, 
            "35-39" : 0.05516, 
            "30-34" : 0.05739, 
            "25-29" : 0.05525, 
            "22-24" : 0.0341, 
            "21" : 0.0123, 
            "20" : 0.01514, 
            "18-19" : 0.025230000000000002, 
            "15-17" : 0.0363, 
            "10-14" : 0.05726, 
            "5-9" : 0.055279999999999996, 
            "0-4" : 0.0504
        }, 
        "household_types" : {
            "Married" : 0.46811859, 
            "Single Female" : 0.10924866, 
            "Single Male" : 0.04395129, 
            "One-Person" : 0.29613016, 
            "Other Non-Family" : 0.0825513
        }, 
        "marital_status" : {
            "Never Married" : {
                "female" : 0.25232682, 
                "male" : 0.31276504
            }, 
            "Now Married" : {
                "female" : 0.46168370000000003, 
                "male" : 0.49099625
            }, 
            "Separated" : {
                "female" : 0.01090937, 
                "male" : 0.005982009999999999
            }, 
            "Absent Spouse" : {
                "female" : 0.010546990000000001, 
                "male" : 0.011677219999999999
            }, 
            "Widowed" : {
                "female" : 0.09057446000000001, 
                "male" : 0.027472189999999997
            }, 
            "Divorced" : {
                "female" : 0.17395865, 
                "male" : 0.15110729
            }
        }, 
        "ancestry" : {
            "French" : 0.21782841, 
            "English" : 0.20784933, 
            "Irish" : 0.16566766000000002, 
            "Unclassified" : 0.16451018, 
            "Other" : 0.13577175, 
            "French Canadian" : 0.08204013, 
            "German" : 0.07445041, 
            "American" : 0.06939886, 
            "Italian" : 0.04683637, 
            "Scottish" : 0.04498442, 
            "Polish" : 0.01851959, 
            "Scotch-Irish" : 0.01162435, 
            "Swedish" : 0.01131845, 
            "Canadian" : 0.00979719, 
            "Dutch" : 0.009772389999999999, 
            "Welsh" : 0.0070853999999999995, 
            "Norwegian" : 0.007035789999999999, 
            "European" : 0.006911779999999999, 
            "Portuguese" : 0.006638939999999999, 
            "Russian" : 0.0062669, 
            "Puerto Rican" : 0.36589595, 
            "Mexican" : 0.00523, 
            "Other Hispanic" : 0.29653179, 
            "Cuban" : 0.00424, 
            "South American" : 0.11849710999999999, 
            "Spaniard" : 0.00169, 
            "Colombian" : 0.10751445, 
            "Uruguayan" : 0.00154, 
            "Dominican" : 0.0849711, 
            "Spanish American" : 0.00122, 
            "Peruvian" : 0.049710979999999995, 
            "Central American" : 0.0007099999999999999, 
            "Guatemalan" : 0.04624277, 
            "Chinese" : 0.41451292, 
            "Filipino" : 0.00345, 
            "Indian" : 0.20974155, 
            "Cambodian" : 0.0017399999999999998, 
            "Japanese" : 0.16898607999999998, 
            "Vietnamese" : 0.0014099999999999998, 
            "Not Specified" : 0.09642147
        }, 
        "employment_status" : {
            "Armed Forces" : 0.00105393, 
            "Employed" : 0.57081916, 
            "Unemployed" : 0.04275949, 
            "Other" : 0.38536741999999996
        }, 
        "industries" : {
            "Healthcare" : 0.17731981000000002, 
            "Retail" : 0.12609682, 
            "Education" : 0.11535283, 
            "Government" : 0.09189541, 
            "Manufacturing" : 0.07594647, 
            "Construction" : 0.07125147, 
            "Hospitality" : 0.06699608, 
            "Professional" : 0.041604390000000005, 
            "Other Services" : 0.041604390000000005, 
            "Administrative" : 0.03940635, 
            "Finance & Insurance" : 0.02904922, 
            "Transportation" : 0.02822276, 
            "Wholesalers" : 0.02820517, 
            "Agriculture" : 0.01638854, 
            "Entertainment" : 0.01594894, 
            "Information" : 0.01320579, 
            "Real estate" : 0.010427470000000001, 
            "Utilities" : 0.00986478, 
            "Oil & Gas, and Mining" : 0.00121331, 
            "Management" : 0.0
        }, 
        "educational_attainment" : {
            "Doctorate" : 0.0134902, 
            "Professional" : 0.01449762, 
            "Master's" : 0.0729976, 
            "Bachelor's" : 0.15165762000000002, 
            "Associate's" : 0.10386872999999999, 
            "Some College" : 0.20640582, 
            "High School" : 0.35086094, 
            "Some H.S." : 0.05254808, 
            "Less than H.S." : 0.025509789999999997, 
            "None" : 0.0081636
        }
    }
}