{
    "name" : "Armstrong County", 
	"state" : "Texas", 
	"FIPS" : "48011",
    "population" : 1913, 
    "demographics" : {
        "race_and_ethnicity" : {
            "White" : 0.83690538, 
            "Hispanic" : 0.12075274, 
            "Black" : 0.01359122, 
            "Asian" : 0.0, 
            "Mixed" : 0.01672765, 
            "Other" : 0.012022999999999999
        }, 
        "age_and_sex" : {
            "85+" : 0.02875, 
            "80-84" : 0.03816, 
            "75-79" : 0.03136, 
            "70-74" : 0.05959, 
            "67-69" : 0.036070000000000005, 
            "65-66" : 0.025089999999999998, 
            "62-64" : 0.03973, 
            "60-61" : 0.024569999999999998, 
            "55-59" : 0.08155, 
            "50-54" : 0.08102000000000001, 
            "45-49" : 0.07475, 
            "40-44" : 0.05489, 
            "35-39" : 0.053840000000000006, 
            "30-34" : 0.04809, 
            "25-29" : 0.03293, 
            "22-24" : 0.00889, 
            "21" : 0.0115, 
            "20" : 0.021429999999999998, 
            "18-19" : 0.021429999999999998, 
            "15-17" : 0.05332, 
            "10-14" : 0.047569999999999994, 
            "5-9" : 0.07005, 
            "0-4" : 0.05541
        }, 
        "household_types" : {
            "Married" : 0.66951567, 
            "Single Female" : 0.058404559999999994, 
            "Single Male" : 0.00569801, 
            "One-Person" : 0.22222222, 
            "Other Non-Family" : 0.044159540000000004
        }, 
        "marital_status" : {
            "Never Married" : {
                "female" : 0.14007782000000002, 
                "male" : 0.2108508
            }, 
            "Now Married" : {
                "female" : 0.58754864, 
                "male" : 0.6189889000000001
            }, 
            "Separated" : {
                "female" : 0.024643320000000003, 
                "male" : 0.0135635
            }, 
            "Absent Spouse" : {
                "female" : 0.00648508, 
                "male" : 0.0049321799999999996
            }, 
            "Widowed" : {
                "female" : 0.11024642999999999, 
                "male" : 0.02342787
            }, 
            "Divorced" : {
                "female" : 0.1309987, 
                "male" : 0.12823674000000002
            }
        }, 
        "employment_status" : {
            "Armed Forces" : 0.0, 
            "Employed" : 0.60130719, 
            "Unemployed" : 0.00980392, 
            "Other" : 0.38888889
        }, 
        "industries" : {
            "Construction" : 0.15760870000000002, 
            "Education" : 0.13369565, 
            "Healthcare" : 0.10652174, 
            "Retail" : 0.09130435, 
            "Agriculture" : 0.08913043, 
            "Government" : 0.07173913, 
            "Transportation" : 0.052173910000000004, 
            "Other Services" : 0.05, 
            "Professional" : 0.044565219999999996, 
            "Manufacturing" : 0.043478260000000005, 
            "Wholesalers" : 0.03913043, 
            "Hospitality" : 0.03478261, 
            "Finance & Insurance" : 0.027173910000000003, 
            "Oil & Gas, and Mining" : 0.014130430000000001, 
            "Entertainment" : 0.013043480000000001, 
            "Information" : 0.01195652, 
            "Utilities" : 0.008695650000000001, 
            "Real estate" : 0.0076087, 
            "Administrative" : 0.0032608700000000003, 
            "Management" : 0.0
        }, 
        "educational_attainment" : {
            "Doctorate" : 0.00588668, 
            "Professional" : 0.00367918, 
            "Master's" : 0.06475349999999999, 
            "Bachelor's" : 0.15673289, 
            "Associate's" : 0.09124356, 
            "Some College" : 0.30684327, 
            "High School" : 0.26857983999999996, 
            "Some H.S." : 0.07431935, 
            "Less than H.S." : 0.01177336, 
            "None" : 0.01618837
        }
    }
}