{
    "name" : "Blanco County", 
	"state" : "Texas", 
	"FIPS" : "48031",
    "population" : 10918, 
    "demographics" : {
        "race_and_ethnicity" : {
            "White" : 0.7799047400000001, 
            "Hispanic" : 0.18190145000000002, 
            "Black" : 0.00705257, 
            "Asian" : 0.00705257, 
            "Mixed" : 0.02271478, 
            "Other" : 0.00137388
        }, 
        "age_and_sex" : {
            "85+" : 0.01456, 
            "80-84" : 0.03288, 
            "75-79" : 0.03288, 
            "70-74" : 0.06961, 
            "67-69" : 0.0381, 
            "65-66" : 0.027200000000000002, 
            "62-64" : 0.06567, 
            "60-61" : 0.05147, 
            "55-59" : 0.06759, 
            "50-54" : 0.08692, 
            "45-49" : 0.06567, 
            "40-44" : 0.06109, 
            "35-39" : 0.048819999999999995, 
            "30-34" : 0.04195, 
            "25-29" : 0.03957, 
            "22-24" : 0.020790000000000003, 
            "21" : 0.00916, 
            "20" : 0.011359999999999999, 
            "18-19" : 0.023450000000000002, 
            "15-17" : 0.03645, 
            "10-14" : 0.047439999999999996, 
            "5-9" : 0.06375, 
            "0-4" : 0.0436
        }, 
        "household_types" : {
            "Married" : 0.59032103, 
            "Single Female" : 0.08337325999999999, 
            "Single Male" : 0.05079061, 
            "One-Person" : 0.24988021, 
            "Other Non-Family" : 0.02563488
        }, 
        "marital_status" : {
            "Never Married" : {
                "female" : 0.16948427, 
                "male" : 0.24720088
            }, 
            "Now Married" : {
                "female" : 0.52942435, 
                "male" : 0.60263447
            }, 
            "Separated" : {
                "female" : 0.02824738, 
                "male" : 0.011416029999999999
            }, 
            "Absent Spouse" : {
                "female" : 0.03595121, 
                "male" : 0.0169045
            }, 
            "Widowed" : {
                "female" : 0.08923603999999999, 
                "male" : 0.03754116
            }, 
            "Divorced" : {
                "female" : 0.14765675, 
                "male" : 0.08430296
            }
        }, 
        "ancestry" : {
            "German" : 0.30729071, 
            "Other" : 0.27871405, 
            "Unclassified" : 0.15011907000000002, 
            "English" : 0.13674666, 
            "Irish" : 0.10404835999999999, 
            "American" : 0.04918483, 
            "Italian" : 0.04762777, 
            "Scotch-Irish" : 0.03672834, 
            "French" : 0.03159919, 
            "Scottish" : 0.026470050000000002, 
            "Welsh" : 0.023355929999999997, 
            "Czech" : 0.020608170000000002, 
            "Swedish" : 0.01676131, 
            "Norwegian" : 0.01474629, 
            "Greek" : 0.01428833, 
            "Dutch" : 0.012548090000000001, 
            "Polish" : 0.01209013, 
            "Portuguese" : 0.00723576, 
            "Danish" : 0.0056787, 
            "British" : 0.0054039199999999996, 
            "Mexican" : 0.85346919, 
            "Other Hispanic" : 0.16111, 
            "Puerto Rican" : 0.08199903000000001, 
            "Spanish" : 0.01548, 
            "Central American" : 0.04657933, 
            "Nicaraguan" : 0.00879, 
            "South American" : 0.04657933, 
            "Venezuelan" : 0.00879, 
            "Spaniard" : 0.01018923, 
            "Burmese" : 0.7012986999999999, 
            "Chinese" : 0.0049499999999999995
        }, 
        "employment_status" : {
            "Armed Forces" : 0.00044038, 
            "Employed" : 0.5297809099999999, 
            "Unemployed" : 0.03434988, 
            "Other" : 0.43542882
        }, 
        "industries" : {
            "Construction" : 0.16874479999999997, 
            "Healthcare" : 0.12157107, 
            "Education" : 0.11346633, 
            "Retail" : 0.10016625, 
            "Manufacturing" : 0.07709892, 
            "Professional" : 0.06463009, 
            "Hospitality" : 0.04862843, 
            "Administrative" : 0.04530341, 
            "Other Services" : 0.04488778, 
            "Government" : 0.04447215, 
            "Agriculture" : 0.03595179, 
            "Finance & Insurance" : 0.02909393, 
            "Wholesalers" : 0.026392350000000002, 
            "Utilities" : 0.019950120000000002, 
            "Real estate" : 0.01392352, 
            "Transportation" : 0.0120532, 
            "Information" : 0.01184539, 
            "Entertainment" : 0.01163757, 
            "Oil & Gas, and Mining" : 0.01018288, 
            "Management" : 0.0
        }, 
        "educational_attainment" : {
            "Doctorate" : 0.01354179, 
            "Professional" : 0.02375969, 
            "Master's" : 0.07090976, 
            "Bachelor's" : 0.17949034, 
            "Associate's" : 0.05699865, 
            "Some College" : 0.23575033999999997, 
            "High School" : 0.31884772, 
            "Some H.S." : 0.0425951, 
            "Less than H.S." : 0.0238828, 
            "None" : 0.03422381
        }
    }
}