{
    "name" : "Brewster County", 
	"state" : "Texas", 
	"FIPS" : "48043",
    "population" : 9188, 
    "demographics" : {
        "race_and_ethnicity" : {
            "White" : 0.52122333, 
            "Hispanic" : 0.43970396, 
            "Black" : 0.00272094, 
            "Asian" : 0.0162168, 
            "Mixed" : 0.00794515, 
            "Other" : 0.01218981
        }, 
        "age_and_sex" : {
            "85+" : 0.01926, 
            "80-84" : 0.01426, 
            "75-79" : 0.041139999999999996, 
            "70-74" : 0.05115, 
            "67-69" : 0.04702, 
            "65-66" : 0.0172, 
            "62-64" : 0.04462, 
            "60-61" : 0.02144, 
            "55-59" : 0.08663, 
            "50-54" : 0.06802, 
            "45-49" : 0.057359999999999994, 
            "40-44" : 0.06138, 
            "35-39" : 0.0579, 
            "30-34" : 0.06215, 
            "25-29" : 0.06236, 
            "22-24" : 0.04811, 
            "21" : 0.00501, 
            "20" : 0.011970000000000001, 
            "18-19" : 0.01796, 
            "15-17" : 0.026770000000000002, 
            "10-14" : 0.05714, 
            "5-9" : 0.06585, 
            "0-4" : 0.05529
        }, 
        "household_types" : {
            "Married" : 0.44593921000000003, 
            "Single Female" : 0.07174888, 
            "Single Male" : 0.04932735, 
            "One-Person" : 0.3694569, 
            "Other Non-Family" : 0.06352764999999999
        }, 
        "marital_status" : {
            "Never Married" : {
                "female" : 0.27119959, 
                "male" : 0.25665399
            }, 
            "Now Married" : {
                "female" : 0.4516546, 
                "male" : 0.50407387
            }, 
            "Separated" : {
                "female" : 0.00387797, 
                "male" : 0.015752310000000002
            }, 
            "Absent Spouse" : {
                "female" : 0.0098242, 
                "male" : 0.01873982
            }, 
            "Widowed" : {
                "female" : 0.09203723, 
                "male" : 0.01982618
            }, 
            "Divorced" : {
                "female" : 0.17140640999999998, 
                "male" : 0.18495383
            }
        }, 
        "ancestry" : {
            "Other" : 0.47518501999999996, 
            "German" : 0.13539399, 
            "Unclassified" : 0.12940792, 
            "Irish" : 0.10132782000000001, 
            "American" : 0.0847845, 
            "English" : 0.07281235999999999, 
            "Scottish" : 0.03406617, 
            "Italian" : 0.02274706, 
            "French" : 0.02144101, 
            "Polish" : 0.0153461, 
            "Swedish" : 0.012080979999999998, 
            "Scotch-Irish" : 0.01033957, 
            "European" : 0.01023074, 
            "Dutch" : 0.00881585, 
            "Norwegian" : 0.00794515, 
            "Welsh" : 0.00696561, 
            "Mexican" : 0.9242574299999999, 
            "Other Hispanic" : 0.4064, 
            "South American" : 0.06039604, 
            "Peruvian" : 0.02656, 
            "Pakistani" : 0.61744966, 
            "Chinese" : 0.010009999999999998
        }, 
        "employment_status" : {
            "Armed Forces" : 0.0, 
            "Employed" : 0.5798150400000001, 
            "Unemployed" : 0.043961940000000005, 
            "Other" : 0.37622303
        }, 
        "industries" : {
            "Education" : 0.27877947, 
            "Retail" : 0.10332871, 
            "Government" : 0.10332871, 
            "Hospitality" : 0.0852982, 
            "Healthcare" : 0.0543227, 
            "Construction" : 0.047850210000000004, 
            "Agriculture" : 0.047387889999999995, 
            "Other Services" : 0.04045307, 
            "Entertainment" : 0.03675451, 
            "Professional" : 0.03282478, 
            "Manufacturing" : 0.028895050000000002, 
            "Finance & Insurance" : 0.028895050000000002, 
            "Transportation" : 0.024040680000000002, 
            "Real estate" : 0.02288488, 
            "Oil & Gas, and Mining" : 0.021035599999999998, 
            "Information" : 0.017799350000000002, 
            "Wholesalers" : 0.01687471, 
            "Administrative" : 0.00785945, 
            "Utilities" : 0.0013869600000000002, 
            "Management" : 0.0
        }, 
        "educational_attainment" : {
            "Doctorate" : 0.02384956, 
            "Professional" : 0.01116037, 
            "Master's" : 0.11619018, 
            "Bachelor's" : 0.20868369, 
            "Associate's" : 0.04433573, 
            "Some College" : 0.22809968000000003, 
            "High School" : 0.2313102, 
            "Some H.S." : 0.07154869, 
            "Less than H.S." : 0.04693472, 
            "None" : 0.017887169999999997
        }
    }
}