{
    "name" : "Calhoun County", 
	"state" : "Texas", 
	"FIPS" : "48057",
    "population" : 21805, 
    "demographics" : {
        "race_and_ethnicity" : {
            "White" : 0.43650539, 
            "Hispanic" : 0.47677137999999997, 
            "Black" : 0.02779179, 
            "Asian" : 0.04723687, 
            "Mixed" : 0.00944737, 
            "Other" : 0.00224719
        }, 
        "age_and_sex" : {
            "85+" : 0.01949, 
            "80-84" : 0.022010000000000002, 
            "75-79" : 0.02674, 
            "70-74" : 0.03481, 
            "67-69" : 0.032189999999999996, 
            "65-66" : 0.02426, 
            "62-64" : 0.035179999999999996, 
            "60-61" : 0.026000000000000002, 
            "55-59" : 0.06792, 
            "50-54" : 0.06833, 
            "45-49" : 0.06530999999999999, 
            "40-44" : 0.06182000000000001, 
            "35-39" : 0.05146, 
            "30-34" : 0.062, 
            "25-29" : 0.0659, 
            "22-24" : 0.03696, 
            "21" : 0.00358, 
            "20" : 0.012470000000000002, 
            "18-19" : 0.028530000000000003, 
            "15-17" : 0.04577, 
            "10-14" : 0.06673, 
            "5-9" : 0.07585, 
            "0-4" : 0.06668
        }, 
        "household_types" : {
            "Married" : 0.5244871799999999, 
            "Single Female" : 0.11487178999999999, 
            "Single Male" : 0.06564103, 
            "One-Person" : 0.26166667, 
            "Other Non-Family" : 0.03333333
        }, 
        "marital_status" : {
            "Never Married" : {
                "female" : 0.24355972, 
                "male" : 0.32302919
            }, 
            "Now Married" : {
                "female" : 0.4941452, 
                "male" : 0.49655252
            }, 
            "Separated" : {
                "female" : 0.025644029999999998, 
                "male" : 0.0313721
            }, 
            "Absent Spouse" : {
                "female" : 0.012880560000000001, 
                "male" : 0.01700758
            }, 
            "Widowed" : {
                "female" : 0.10573769999999999, 
                "male" : 0.027350029999999997
            }, 
            "Divorced" : {
                "female" : 0.11803279, 
                "male" : 0.10468858
            }
        }, 
        "ancestry" : {
            "Other" : 0.57367576, 
            "German" : 0.15725751000000002, 
            "Unclassified" : 0.10460903, 
            "Irish" : 0.08942902999999999, 
            "English" : 0.07076359, 
            "Czech" : 0.037651910000000004, 
            "American" : 0.03600092, 
            "Scotch-Irish" : 0.01462967, 
            "Scottish" : 0.01458381, 
            "French" : 0.013712450000000001, 
            "Italian" : 0.012611790000000001, 
            "Polish" : 0.00898876, 
            "Swedish" : 0.00862188, 
            "European" : 0.00674157, 
            "French Canadian" : 0.00651227, 
            "Dutch" : 0.00531988, 
            "Mexican" : 0.91545245, 
            "Other Hispanic" : 0.43796999999999997, 
            "Spanish" : 0.06527991, 
            "Puerto Rican" : 0.03123, 
            "Spaniard" : 0.03230445, 
            "Chinese" : 0.43883495000000006, 
            "Burmese" : 0.02073, 
            "Taiwanese" : 0.23203883, 
            "Indian" : 0.010960000000000001, 
            "Vietnamese" : 0.17864078, 
            "Laotian" : 0.00844
        }, 
        "employment_status" : {
            "Armed Forces" : 0.00053498, 
            "Employed" : 0.57861261, 
            "Unemployed" : 0.03887535, 
            "Other" : 0.38197706
        }, 
        "industries" : {
            "Manufacturing" : 0.25107869, 
            "Construction" : 0.11968358, 
            "Healthcare" : 0.11454695, 
            "Retail" : 0.08701459, 
            "Education" : 0.07427573, 
            "Administrative" : 0.05907130000000001, 
            "Professional" : 0.034518179999999996, 
            "Hospitality" : 0.034518179999999996, 
            "Wholesalers" : 0.03123074, 
            "Oil & Gas, and Mining" : 0.031025269999999997, 
            "Agriculture" : 0.03030614, 
            "Other Services" : 0.02496404, 
            "Finance & Insurance" : 0.02219026, 
            "Transportation" : 0.02177933, 
            "Real estate" : 0.020752000000000003, 
            "Government" : 0.01982741, 
            "Entertainment" : 0.01273885, 
            "Information" : 0.00544483, 
            "Utilities" : 0.00441751, 
            "Management" : 0.0006164
        }, 
        "educational_attainment" : {
            "Doctorate" : 0.00345638, 
            "Professional" : 0.0075349100000000006, 
            "Master's" : 0.04341214, 
            "Bachelor's" : 0.09975114, 
            "Associate's" : 0.08011889999999999, 
            "Some College" : 0.23620903999999998, 
            "High School" : 0.33492327000000005, 
            "Some H.S." : 0.10058067, 
            "Less than H.S." : 0.07445044, 
            "None" : 0.019563109999999998
        }
    }
}