{
    "name" : "Coleman County", 
	"state" : "Texas", 
	"FIPS" : "48083",
    "population" : 8476, 
    "demographics" : {
        "race_and_ethnicity" : {
            "White" : 0.77725342, 
            "Hispanic" : 0.17284096000000002, 
            "Black" : 0.02760736, 
            "Asian" : 0.00849457, 
            "Mixed" : 0.00589901, 
            "Other" : 0.00790467
        }, 
        "age_and_sex" : {
            "85+" : 0.020059999999999998, 
            "80-84" : 0.03693, 
            "75-79" : 0.03941, 
            "70-74" : 0.05203, 
            "67-69" : 0.04401, 
            "65-66" : 0.030670000000000003, 
            "62-64" : 0.05333, 
            "60-61" : 0.03492, 
            "55-59" : 0.07669, 
            "50-54" : 0.08388, 
            "45-49" : 0.054619999999999995, 
            "40-44" : 0.0479, 
            "35-39" : 0.0479, 
            "30-34" : 0.04401, 
            "25-29" : 0.049429999999999995, 
            "22-24" : 0.017230000000000002, 
            "21" : 0.02076, 
            "20" : 0.00437, 
            "18-19" : 0.02253, 
            "15-17" : 0.03716, 
            "10-14" : 0.06064, 
            "5-9" : 0.06489, 
            "0-4" : 0.05663
        }, 
        "household_types" : {
            "Married" : 0.56677429, 
            "Single Female" : 0.10155562, 
            "Single Male" : 0.03140593, 
            "One-Person" : 0.25975932, 
            "Other Non-Family" : 0.04050484
        }, 
        "marital_status" : {
            "Never Married" : {
                "female" : 0.14351986, 
                "male" : 0.20241171000000002
            }, 
            "Now Married" : {
                "female" : 0.55088431, 
                "male" : 0.60953201
            }, 
            "Separated" : {
                "female" : 0.03131342, 
                "male" : 0.0163652
            }, 
            "Absent Spouse" : {
                "female" : 0.01913598, 
                "male" : 0.04048234
            }, 
            "Widowed" : {
                "female" : 0.17599304, 
                "male" : 0.01780075
            }, 
            "Divorced" : {
                "female" : 0.07915338, 
                "male" : 0.11340797999999999
            }
        }, 
        "ancestry" : {
            "Other" : 0.32503539000000004, 
            "Unclassified" : 0.27866917999999996, 
            "German" : 0.11998584, 
            "English" : 0.11243511, 
            "Irish" : 0.10936763, 
            "American" : 0.08058045999999999, 
            "Italian" : 0.02041057, 
            "Scottish" : 0.01840491, 
            "French" : 0.01828693, 
            "Dutch" : 0.01415762, 
            "Scotch-Irish" : 0.01297782, 
            "Polish" : 0.005663049999999999, 
            "Mexican" : 0.95767918, 
            "Other Hispanic" : 0.16553, 
            "Puerto Rican" : 0.025938569999999998, 
            "Nepalese" : 0.91666667, 
            "Korean" : 0.00779
        }, 
        "employment_status" : {
            "Armed Forces" : 0.00043745, 
            "Employed" : 0.48687663999999997, 
            "Unemployed" : 0.031058620000000002, 
            "Other" : 0.48162730000000004
        }, 
        "industries" : {
            "Healthcare" : 0.17729859, 
            "Retail" : 0.12099431, 
            "Manufacturing" : 0.09763401999999999, 
            "Construction" : 0.08325846, 
            "Other Services" : 0.06618748, 
            "Government" : 0.06498952, 
            "Oil & Gas, and Mining" : 0.05959868, 
            "Education" : 0.05600479, 
            "Agriculture" : 0.054507339999999994, 
            "Transportation" : 0.049715480000000006, 
            "Hospitality" : 0.049715480000000006, 
            "Finance & Insurance" : 0.03354298, 
            "Professional" : 0.03114705, 
            "Utilities" : 0.015274030000000001, 
            "Information" : 0.01287811, 
            "Wholesalers" : 0.012279130000000001, 
            "Real estate" : 0.00628931, 
            "Administrative" : 0.00479185, 
            "Entertainment" : 0.00389338, 
            "Management" : 0.0
        }, 
        "educational_attainment" : {
            "Doctorate" : 0.00923026, 
            "Professional" : 0.01021922, 
            "Master's" : 0.026042529999999998, 
            "Bachelor's" : 0.09658810000000001, 
            "Associate's" : 0.051920219999999996, 
            "Some College" : 0.23026206999999999, 
            "High School" : 0.40135157, 
            "Some H.S." : 0.12230097000000001, 
            "Less than H.S." : 0.04203066, 
            "None" : 0.01005439
        }
    }
}