{
    "name" : "Crosby County", 
	"state" : "Texas", 
	"FIPS" : "48107",
    "population" : 5987, 
    "demographics" : {
        "race_and_ethnicity" : {
            "White" : 0.40988809000000004, 
            "Hispanic" : 0.54300985, 
            "Black" : 0.039752800000000005, 
            "Asian" : 0.0, 
            "Mixed" : 0.0058460000000000005, 
            "Other" : 0.00150326
        }, 
        "age_and_sex" : {
            "85+" : 0.02155, 
            "80-84" : 0.023889999999999998, 
            "75-79" : 0.03708, 
            "70-74" : 0.049109999999999994, 
            "67-69" : 0.02472, 
            "65-66" : 0.029900000000000003, 
            "62-64" : 0.032400000000000005, 
            "60-61" : 0.024220000000000002, 
            "55-59" : 0.06648, 
            "50-54" : 0.06480999999999999, 
            "45-49" : 0.047439999999999996, 
            "40-44" : 0.06264, 
            "35-39" : 0.05295, 
            "30-34" : 0.05479, 
            "25-29" : 0.04861, 
            "22-24" : 0.02689, 
            "21" : 0.01603, 
            "20" : 0.014870000000000001, 
            "18-19" : 0.02656, 
            "15-17" : 0.0441, 
            "10-14" : 0.08836000000000001, 
            "5-9" : 0.07232, 
            "0-4" : 0.07032
        }, 
        "household_types" : {
            "Married" : 0.52938389, 
            "Single Female" : 0.14218009, 
            "Single Male" : 0.04881517, 
            "One-Person" : 0.26161137, 
            "Other Non-Family" : 0.01800948
        }, 
        "marital_status" : {
            "Never Married" : {
                "female" : 0.24844977000000001, 
                "male" : 0.2993135
            }, 
            "Now Married" : {
                "female" : 0.45928069, 
                "male" : 0.53592677
            }, 
            "Separated" : {
                "female" : 0.042579580000000006, 
                "male" : 0.01418764
            }, 
            "Absent Spouse" : {
                "female" : 0.029764370000000002, 
                "male" : 0.03798627
            }, 
            "Widowed" : {
                "female" : 0.11120298, 
                "male" : 0.02562929
            }, 
            "Divorced" : {
                "female" : 0.10872261, 
                "male" : 0.08695652000000001
            }
        }, 
        "employment_status" : {
            "Armed Forces" : 0.00133393, 
            "Employed" : 0.5506892, 
            "Unemployed" : 0.057803469999999996, 
            "Other" : 0.39017341
        }, 
        "industries" : {
            "Agriculture" : 0.1481631, 
            "Healthcare" : 0.1396851, 
            "Education" : 0.12434395999999999, 
            "Retail" : 0.10940654, 
            "Construction" : 0.07710941, 
            "Wholesalers" : 0.055308840000000005, 
            "Other Services" : 0.05329027, 
            "Administrative" : 0.04965684000000001, 
            "Government" : 0.047234559999999995, 
            "Manufacturing" : 0.04117885, 
            "Hospitality" : 0.0343157, 
            "Finance & Insurance" : 0.03027856, 
            "Information" : 0.02543399, 
            "Transportation" : 0.023819140000000003, 
            "Real estate" : 0.012515140000000001, 
            "Professional" : 0.01170771, 
            "Oil & Gas, and Mining" : 0.00645943, 
            "Utilities" : 0.005248279999999999, 
            "Entertainment" : 0.00484457, 
            "Management" : 0.0
        }, 
        "educational_attainment" : {
            "Doctorate" : 0.00104302, 
            "Professional" : 0.00260756, 
            "Master's" : 0.019035200000000002, 
            "Bachelor's" : 0.09804433, 
            "Associate's" : 0.044850070000000006, 
            "Some College" : 0.2232073, 
            "High School" : 0.33402867999999997, 
            "Some H.S." : 0.15097784, 
            "Less than H.S." : 0.10169492, 
            "None" : 0.02451108
        }
    }
}