{
    "name" : "Dewitt County", 
	"state" : "Texas", 
	"FIPS" : "48123",
    "population" : 20660, 
    "demographics" : {
        "race_and_ethnicity" : {
            "White" : 0.56200387, 
            "Hispanic" : 0.33504356, 
            "Black" : 0.09970957999999999, 
            "Asian" : 0.00111326, 
            "Mixed" : 0.00193611, 
            "Other" : 0.00019360999999999998
        }, 
        "age_and_sex" : {
            "85+" : 0.03238, 
            "80-84" : 0.02173, 
            "75-79" : 0.0408, 
            "70-74" : 0.03567, 
            "67-69" : 0.03558, 
            "65-66" : 0.02628, 
            "62-64" : 0.03412, 
            "60-61" : 0.0304, 
            "55-59" : 0.07075999999999999, 
            "50-54" : 0.07735, 
            "45-49" : 0.0652, 
            "40-44" : 0.05518, 
            "35-39" : 0.06612, 
            "30-34" : 0.057359999999999994, 
            "25-29" : 0.05431, 
            "22-24" : 0.031219999999999998, 
            "21" : 0.01268, 
            "20" : 0.007019999999999999, 
            "18-19" : 0.02154, 
            "15-17" : 0.040369999999999996, 
            "10-14" : 0.05842, 
            "5-9" : 0.05958, 
            "0-4" : 0.06591999999999999
        }, 
        "household_types" : {
            "Married" : 0.5086558800000001, 
            "Single Female" : 0.12301195999999999, 
            "Single Male" : 0.07417312, 
            "One-Person" : 0.26713581999999997, 
            "Other Non-Family" : 0.02702322
        }, 
        "marital_status" : {
            "Never Married" : {
                "female" : 0.18574649000000001, 
                "male" : 0.30712032
            }, 
            "Now Married" : {
                "female" : 0.49423848, 
                "male" : 0.43386661
            }, 
            "Separated" : {
                "female" : 0.01803607, 
                "male" : 0.0375169
            }, 
            "Absent Spouse" : {
                "female" : 0.032064129999999996, 
                "male" : 0.06568274
            }, 
            "Widowed" : {
                "female" : 0.15869238, 
                "male" : 0.03571429
            }, 
            "Divorced" : {
                "female" : 0.11122244, 
                "male" : 0.12009914000000001
            }
        }, 
        "ancestry" : {
            "Other" : 0.49569216, 
            "German" : 0.25009681, 
            "Irish" : 0.09883832999999999, 
            "Unclassified" : 0.08886738, 
            "English" : 0.06815102, 
            "Czech" : 0.05624395, 
            "American" : 0.03964182, 
            "Polish" : 0.02967086, 
            "French" : 0.010067759999999999, 
            "Scotch-Irish" : 0.00813166, 
            "Scottish" : 0.007502419999999999, 
            "Italian" : 0.006776379999999999, 
            "Mexican" : 0.93743765, 
            "Other Hispanic" : 0.31839, 
            "Puerto Rican" : 0.046601109999999994, 
            "Spanish" : 0.01583, 
            "Spaniard" : 0.01111586, 
            "Filipino" : 0.7826086999999999, 
            "Vietnamese" : 0.0008699999999999999, 
            "Thai" : 0.17391304000000002
        }, 
        "employment_status" : {
            "Armed Forces" : 0.0, 
            "Employed" : 0.47447866, 
            "Unemployed" : 0.03431135, 
            "Other" : 0.49120999
        }, 
        "industries" : {
            "Healthcare" : 0.12878498, 
            "Oil & Gas, and Mining" : 0.12674077, 
            "Manufacturing" : 0.10910949, 
            "Education" : 0.08866742999999999, 
            "Retail" : 0.07589114999999999, 
            "Hospitality" : 0.07486904, 
            "Government" : 0.07333589, 
            "Construction" : 0.059793019999999995, 
            "Other Services" : 0.05046633, 
            "Agriculture" : 0.03257953, 
            "Finance & Insurance" : 0.03232401, 
            "Wholesalers" : 0.03066309, 
            "Professional" : 0.02861888, 
            "Administrative" : 0.02555257, 
            "Entertainment" : 0.02184745, 
            "Utilities" : 0.01430944, 
            "Transportation" : 0.01111537, 
            "Information" : 0.00843235, 
            "Real estate" : 0.006899199999999999, 
            "Management" : 0.0
        }, 
        "educational_attainment" : {
            "Doctorate" : 0.00612568, 
            "Professional" : 0.00103242, 
            "Master's" : 0.03035309, 
            "Bachelor's" : 0.10867919000000001, 
            "Associate's" : 0.05650767, 
            "Some College" : 0.21233395000000002, 
            "High School" : 0.38399064000000005, 
            "Some H.S." : 0.11625026, 
            "Less than H.S." : 0.07226925, 
            "None" : 0.01245784
        }
    }
}