{
    "name" : "Floyd County", 
	"state" : "Texas", 
	"FIPS" : "48153",
    "population" : 6088, 
    "demographics" : {
        "race_and_ethnicity" : {
            "White" : 0.3869908, 
            "Hispanic" : 0.56931669, 
            "Black" : 0.02792378, 
            "Asian" : 0.0008212899999999999, 
            "Mixed" : 0.01281209, 
            "Other" : 0.00213535
        }, 
        "age_and_sex" : {
            "85+" : 0.024470000000000002, 
            "80-84" : 0.0253, 
            "75-79" : 0.036789999999999996, 
            "70-74" : 0.05618, 
            "67-69" : 0.02842, 
            "65-66" : 0.01248, 
            "62-64" : 0.02957, 
            "60-61" : 0.023319999999999997, 
            "55-59" : 0.06833, 
            "50-54" : 0.0524, 
            "45-49" : 0.05256, 
            "40-44" : 0.05733, 
            "35-39" : 0.05979, 
            "30-34" : 0.06045, 
            "25-29" : 0.057, 
            "22-24" : 0.042050000000000004, 
            "21" : 0.01248, 
            "20" : 0.00772, 
            "18-19" : 0.02004, 
            "15-17" : 0.05076, 
            "10-14" : 0.07392, 
            "5-9" : 0.07819, 
            "0-4" : 0.07046999999999999
        }, 
        "household_types" : {
            "Married" : 0.57201309, 
            "Single Female" : 0.13011457, 
            "Single Male" : 0.0413257, 
            "One-Person" : 0.23977087, 
            "Other Non-Family" : 0.01677578
        }, 
        "marital_status" : {
            "Never Married" : {
                "female" : 0.20582288999999998, 
                "male" : 0.24026549
            }, 
            "Now Married" : {
                "female" : 0.55883542, 
                "male" : 0.61946903
            }, 
            "Separated" : {
                "female" : 0.04811969000000001, 
                "male" : 0.03362832
            }, 
            "Absent Spouse" : {
                "female" : 0.02264456, 
                "male" : 0.010619469999999999
            }, 
            "Widowed" : {
                "female" : 0.10594419999999999, 
                "male" : 0.02300885
            }, 
            "Divorced" : {
                "female" : 0.05863324, 
                "male" : 0.07300885
            }
        }, 
        "ancestry" : {
            "Other" : 0.61892247, 
            "Unclassified" : 0.17362024, 
            "Irish" : 0.06471748, 
            "German" : 0.06438896, 
            "English" : 0.05847569, 
            "American" : 0.03975033, 
            "Scottish" : 0.009526940000000001, 
            "French" : 0.00936268, 
            "Subsaharan African" : 0.00837714, 
            "African" : 0.00837714, 
            "Scotch-Irish" : 0.007555849999999999, 
            "Dutch" : 0.00574901, 
            "Italian" : 0.00525624, 
            "Welsh" : 0.00525624, 
            "Mexican" : 0.94567404, 
            "Other Hispanic" : 0.54041, 
            "Cuban" : 0.020120719999999998, 
            "South American" : 0.0115, 
            "Colombian" : 0.01868353, 
            "Japanese" : 0.6, 
            "Filipino" : 0.00049
        }, 
        "employment_status" : {
            "Armed Forces" : 0.0, 
            "Employed" : 0.53998707, 
            "Unemployed" : 0.044190560000000004, 
            "Other" : 0.41582238
        }, 
        "industries" : {
            "Agriculture" : 0.20798403000000001, 
            "Healthcare" : 0.13333333, 
            "Education" : 0.10618762, 
            "Retail" : 0.09461078, 
            "Transportation" : 0.08343313000000001, 
            "Construction" : 0.07584830000000001, 
            "Government" : 0.05229541, 
            "Manufacturing" : 0.04311377, 
            "Hospitality" : 0.03712575, 
            "Other Services" : 0.035928140000000004, 
            "Administrative" : 0.03113772, 
            "Finance & Insurance" : 0.02714571, 
            "Utilities" : 0.022754490000000002, 
            "Professional" : 0.017964070000000002, 
            "Wholesalers" : 0.012375249999999999, 
            "Oil & Gas, and Mining" : 0.0067864299999999995, 
            "Entertainment" : 0.00439122, 
            "Information" : 0.00399202, 
            "Real estate" : 0.00359281, 
            "Management" : 0.0
        }, 
        "educational_attainment" : {
            "Doctorate" : 0.00433342, 
            "Professional" : 0.00229416, 
            "Master's" : 0.028549579999999998, 
            "Bachelor's" : 0.12872801, 
            "Associate's" : 0.06729544, 
            "Some College" : 0.21667092, 
            "High School" : 0.28396635, 
            "Some H.S." : 0.12108081, 
            "Less than H.S." : 0.12057098999999999, 
            "None" : 0.026510319999999997
        }
    }
}