{
    "name" : "Jefferson County", 
	"state" : "Texas", 
	"FIPS" : "48245",
    "population" : 252993, 
    "demographics" : {
        "race_and_ethnicity" : {
            "White" : 0.42307099000000004, 
            "Hispanic" : 0.18664153, 
            "Black" : 0.33865364, 
            "Asian" : 0.03546738, 
            "Mixed" : 0.013103130000000001, 
            "Other" : 0.0030633300000000004
        }, 
        "age_and_sex" : {
            "85+" : 0.01812, 
            "80-84" : 0.018680000000000002, 
            "75-79" : 0.02467, 
            "70-74" : 0.0291, 
            "67-69" : 0.02315, 
            "65-66" : 0.02004, 
            "62-64" : 0.03379, 
            "60-61" : 0.022850000000000002, 
            "55-59" : 0.06712, 
            "50-54" : 0.06989, 
            "45-49" : 0.06263, 
            "40-44" : 0.05969, 
            "35-39" : 0.06493, 
            "30-34" : 0.07193, 
            "25-29" : 0.07400999999999999, 
            "22-24" : 0.04332, 
            "21" : 0.017150000000000002, 
            "20" : 0.0141, 
            "18-19" : 0.02666, 
            "15-17" : 0.03902, 
            "10-14" : 0.062, 
            "5-9" : 0.06831000000000001, 
            "0-4" : 0.06884
        }, 
        "household_types" : {
            "Married" : 0.41614503999999997, 
            "Single Female" : 0.16534002, 
            "Single Male" : 0.046738999999999996, 
            "One-Person" : 0.32403796, 
            "Other Non-Family" : 0.04773797
        }, 
        "marital_status" : {
            "Never Married" : {
                "female" : 0.29662646, 
                "male" : 0.38281348000000004
            }, 
            "Now Married" : {
                "female" : 0.39978549, 
                "male" : 0.39263242
            }, 
            "Separated" : {
                "female" : 0.030993240000000002, 
                "male" : 0.025313409999999998
            }, 
            "Absent Spouse" : {
                "female" : 0.02692557, 
                "male" : 0.05601326
            }, 
            "Widowed" : {
                "female" : 0.10666006, 
                "male" : 0.0298808
            }, 
            "Divorced" : {
                "female" : 0.13900919, 
                "male" : 0.11334663
            }
        }, 
        "ancestry" : {
            "Other" : 0.60348705, 
            "Unclassified" : 0.1272802, 
            "French" : 0.07217196000000001, 
            "German" : 0.06917978, 
            "Irish" : 0.06878056, 
            "English" : 0.045040769999999994, 
            "American" : 0.03125778, 
            "Italian" : 0.02366864, 
            "French Canadian" : 0.014367989999999999, 
            "Scotch-Irish" : 0.010913349999999999, 
            "Scottish" : 0.00850221, 
            "Subsaharan African" : 0.00773539, 
            "Dutch" : 0.0071424900000000005, 
            "Cajun" : 0.00711087, 
            "African" : 0.00616618, 
            "Mexican" : 0.8694201800000001, 
            "Central American" : 0.16483, 
            "Other Hispanic" : 0.056647829999999996, 
            "Puerto Rican" : 0.010740000000000001, 
            "Salvadoran" : 0.02693743, 
            "South American" : 0.00511, 
            "Nicaraguan" : 0.019014660000000003, 
            "Guatemalan" : 0.0036, 
            "Honduran" : 0.014969870000000001, 
            "Cuban" : 0.0028399999999999996, 
            "Spaniard" : 0.01451119, 
            "Peruvian" : 0.0027500000000000003, 
            "Vietnamese" : 0.47776662999999997, 
            "Pakistani" : 0.01695, 
            "Indian" : 0.16694527999999997, 
            "Filipino" : 0.00592, 
            "Chinese" : 0.12693636, 
            "Laotian" : 0.0045000000000000005, 
            "Korean" : 0.09550874999999999, 
            "Mixed" : 0.0033900000000000002, 
            "Cambodian" : 0.05850886, 
            "Not Specified" : 0.00208, 
            "Nepalese" : 0.01537947, 
            "Japanese" : 0.00055
        }, 
        "employment_status" : {
            "Armed Forces" : 0.00035611, 
            "Employed" : 0.52487499, 
            "Unemployed" : 0.04151932999999999, 
            "Other" : 0.43324957
        }, 
        "industries" : {
            "Healthcare" : 0.12716918, 
            "Manufacturing" : 0.121321, 
            "Retail" : 0.11727888, 
            "Construction" : 0.10994955, 
            "Education" : 0.0978614, 
            "Hospitality" : 0.08183625, 
            "Other Services" : 0.05626481, 
            "Administrative" : 0.04847680000000001, 
            "Government" : 0.04475002, 
            "Transportation" : 0.043259309999999995, 
            "Professional" : 0.042714619999999995, 
            "Finance & Insurance" : 0.02512231, 
            "Wholesalers" : 0.02497898, 
            "Real estate" : 0.01548047, 
            "Information" : 0.010454090000000001, 
            "Oil & Gas, and Mining" : 0.01026298, 
            "Entertainment" : 0.00920228, 
            "Utilities" : 0.007443999999999999, 
            "Agriculture" : 0.00579084, 
            "Management" : 0.00038223
        }, 
        "educational_attainment" : {
            "Doctorate" : 0.0057740199999999995, 
            "Professional" : 0.00895122, 
            "Master's" : 0.04164473, 
            "Bachelor's" : 0.13135441, 
            "Associate's" : 0.07325522999999999, 
            "Some College" : 0.24049232, 
            "High School" : 0.33118927, 
            "Some H.S." : 0.09391603999999999, 
            "Less than H.S." : 0.05874539, 
            "None" : 0.01467737
        }
    }
}