{
    "name" : "Llano County", 
	"state" : "Texas", 
	"FIPS" : "48299",
    "population" : 19624, 
    "demographics" : {
        "race_and_ethnicity" : {
            "White" : 0.87443946, 
            "Hispanic" : 0.09559723, 
            "Black" : 0.012994289999999999, 
            "Asian" : 0.0034141899999999997, 
            "Mixed" : 0.01253567, 
            "Other" : 0.00101916
        }, 
        "age_and_sex" : {
            "85+" : 0.03868, 
            "80-84" : 0.04816, 
            "75-79" : 0.06594, 
            "70-74" : 0.08113, 
            "67-69" : 0.06288, 
            "65-66" : 0.04612, 
            "62-64" : 0.06441, 
            "60-61" : 0.03669, 
            "55-59" : 0.07496, 
            "50-54" : 0.07092999999999999, 
            "45-49" : 0.05432000000000001, 
            "40-44" : 0.03985, 
            "35-39" : 0.03496, 
            "30-34" : 0.036840000000000005, 
            "25-29" : 0.03659, 
            "22-24" : 0.02313, 
            "21" : 0.0069299999999999995, 
            "20" : 0.008199999999999999, 
            "18-19" : 0.01559, 
            "15-17" : 0.02782, 
            "10-14" : 0.04938, 
            "5-9" : 0.03766, 
            "0-4" : 0.03883
        }, 
        "household_types" : {
            "Married" : 0.5503638, 
            "Single Female" : 0.06889495, 
            "Single Male" : 0.03490223, 
            "One-Person" : 0.30445657, 
            "Other Non-Family" : 0.04138245
        }, 
        "marital_status" : {
            "Never Married" : {
                "female" : 0.10938200000000001, 
                "male" : 0.18414011
            }, 
            "Now Married" : {
                "female" : 0.55922526, 
                "male" : 0.58379956
            }, 
            "Separated" : {
                "female" : 0.03101209, 
                "male" : 0.01617611
            }, 
            "Absent Spouse" : {
                "female" : 0.006381550000000001, 
                "male" : 0.01252737
            }, 
            "Widowed" : {
                "female" : 0.13714734, 
                "male" : 0.05473121
            }, 
            "Divorced" : {
                "female" : 0.15685177, 
                "male" : 0.14862564
            }
        }, 
        "ancestry" : {
            "Other" : 0.23588463, 
            "German" : 0.21570526, 
            "Unclassified" : 0.18156339, 
            "English" : 0.14889931, 
            "Irish" : 0.14772727, 
            "American" : 0.071596, 
            "French" : 0.05442316, 
            "Scottish" : 0.03016714, 
            "Scotch-Irish" : 0.02833265, 
            "Italian" : 0.02481655, 
            "Norwegian" : 0.023797389999999998, 
            "Polish" : 0.01824297, 
            "Dutch" : 0.01742764, 
            "Swedish" : 0.01294333, 
            "Welsh" : 0.010752139999999999, 
            "European" : 0.01049735, 
            "Czech" : 0.006777419999999999, 
            "British" : 0.00519772, 
            "Mexican" : 0.8432835799999999, 
            "Other Hispanic" : 0.08062, 
            "Spaniard" : 0.11886994, 
            "Central American" : 0.011359999999999999, 
            "Panamanian" : 0.08528785, 
            "South American" : 0.00815, 
            "Venezuelan" : 0.01918977, 
            "Vietnamese" : 0.8656716400000001, 
            "Burmese" : 0.00296
        }, 
        "employment_status" : {
            "Armed Forces" : 0.00252674, 
            "Employed" : 0.42302268, 
            "Unemployed" : 0.0350805, 
            "Other" : 0.53937008
        }, 
        "industries" : {
            "Construction" : 0.13307404, 
            "Retail" : 0.11640506, 
            "Healthcare" : 0.10306987, 
            "Hospitality" : 0.09459647, 
            "Other Services" : 0.06987082, 
            "Administrative" : 0.06153632, 
            "Education" : 0.06042506, 
            "Finance & Insurance" : 0.055007640000000003, 
            "Professional" : 0.052785109999999996, 
            "Manufacturing" : 0.045284069999999996, 
            "Government" : 0.035282680000000004, 
            "Transportation" : 0.030559799999999998, 
            "Real estate" : 0.029309630000000003, 
            "Wholesalers" : 0.02500347, 
            "Agriculture" : 0.023753299999999998, 
            "Entertainment" : 0.023753299999999998, 
            "Information" : 0.015557719999999999, 
            "Oil & Gas, and Mining" : 0.01472427, 
            "Utilities" : 0.010001389999999999, 
            "Management" : 0.0
        }, 
        "educational_attainment" : {
            "Doctorate" : 0.010610250000000002, 
            "Professional" : 0.013889780000000001, 
            "Master's" : 0.054787470000000005, 
            "Bachelor's" : 0.18686901, 
            "Associate's" : 0.059224490000000005, 
            "Some College" : 0.27168671, 
            "High School" : 0.26757122, 
            "Some H.S." : 0.07928751, 
            "Less than H.S." : 0.042248089999999995, 
            "None" : 0.013825480000000001
        }
    }
}