{
    "name" : "Maverick County", 
	"state" : "Texas", 
	"FIPS" : "48323",
    "population" : 56830, 
    "demographics" : {
        "race_and_ethnicity" : {
            "White" : 0.027767019999999996, 
            "Hispanic" : 0.9533345099999999, 
            "Black" : 0.00197079, 
            "Asian" : 0.0053140900000000005, 
            "Mixed" : 0.00105578, 
            "Other" : 0.010557799999999999
        }, 
        "age_and_sex" : {
            "85+" : 0.00955, 
            "80-84" : 0.01552, 
            "75-79" : 0.02351, 
            "70-74" : 0.025070000000000002, 
            "67-69" : 0.0256, 
            "65-66" : 0.01332, 
            "62-64" : 0.02437, 
            "60-61" : 0.01839, 
            "55-59" : 0.051100000000000007, 
            "50-54" : 0.052750000000000005, 
            "45-49" : 0.05694, 
            "40-44" : 0.06731, 
            "35-39" : 0.05409, 
            "30-34" : 0.05923, 
            "25-29" : 0.06414, 
            "22-24" : 0.03757, 
            "21" : 0.02388, 
            "20" : 0.01999, 
            "18-19" : 0.03521, 
            "15-17" : 0.05643, 
            "10-14" : 0.08649, 
            "5-9" : 0.08921, 
            "0-4" : 0.09032
        }, 
        "household_types" : {
            "Married" : 0.57468713, 
            "Single Female" : 0.18950743, 
            "Single Male" : 0.05301769, 
            "One-Person" : 0.16860859, 
            "Other Non-Family" : 0.01417915
        }, 
        "marital_status" : {
            "Never Married" : {
                "female" : 0.28099407, 
                "male" : 0.34232385
            }, 
            "Now Married" : {
                "female" : 0.4413066, 
                "male" : 0.52531027
            }, 
            "Separated" : {
                "female" : 0.054975050000000004, 
                "male" : 0.024968240000000003
            }, 
            "Absent Spouse" : {
                "female" : 0.048291440000000005, 
                "male" : 0.03288381
            }, 
            "Widowed" : {
                "female" : 0.09493552, 
                "male" : 0.01475618
            }, 
            "Divorced" : {
                "female" : 0.07949732, 
                "male" : 0.05975765
            }
        }, 
        "ancestry" : {
            "Other" : 0.9540207599999999, 
            "Unclassified" : 0.03255323, 
            "German" : 0.008675, 
            "Mexican" : 0.98324177, 
            "Other Hispanic" : 0.9384699999999999, 
            "Chinese" : 0.7317880800000001, 
            "Indian" : 0.0038900000000000002, 
            "Japanese" : 0.19205297999999998, 
            "Filipino" : 0.0010199999999999999
        }, 
        "employment_status" : {
            "Armed Forces" : 0.0, 
            "Employed" : 0.51664663, 
            "Unemployed" : 0.07281827, 
            "Other" : 0.41053510000000004
        }, 
        "industries" : {
            "Healthcare" : 0.15343337, 
            "Education" : 0.13681261, 
            "Retail" : 0.11781746, 
            "Oil & Gas, and Mining" : 0.09407351, 
            "Government" : 0.08319877999999999, 
            "Construction" : 0.07184918, 
            "Transportation" : 0.06638807, 
            "Hospitality" : 0.06410865, 
            "Manufacturing" : 0.047297940000000004, 
            "Other Services" : 0.03276664, 
            "Entertainment" : 0.03229177, 
            "Finance & Insurance" : 0.02930003, 
            "Professional" : 0.01771298, 
            "Wholesalers" : 0.01234685, 
            "Administrative" : 0.01149207, 
            "Real estate" : 0.01111217, 
            "Agriculture" : 0.0071706700000000005, 
            "Utilities" : 0.00693323, 
            "Information" : 0.00389401, 
            "Management" : 0.0
        }, 
        "educational_attainment" : {
            "Doctorate" : 0.0008784, 
            "Professional" : 0.00972519, 
            "Master's" : 0.02334044, 
            "Bachelor's" : 0.08291505, 
            "Associate's" : 0.07036642, 
            "Some College" : 0.18945288000000002, 
            "High School" : 0.20996988000000003, 
            "Some H.S." : 0.14700715, 
            "Less than H.S." : 0.22189108000000002, 
            "None" : 0.044453509999999995
        }
    }
}