{
    "name" : "Reagan County", 
	"state" : "Texas", 
	"FIPS" : "48383",
    "population" : 3625, 
    "demographics" : {
        "race_and_ethnicity" : {
            "White" : 0.31944828000000003, 
            "Hispanic" : 0.65848276, 
            "Black" : 0.01848276, 
            "Asian" : 0.0, 
            "Mixed" : 0.0035862100000000003, 
            "Other" : 0.0
        }, 
        "age_and_sex" : {
            "85+" : 0.0171, 
            "80-84" : 0.008, 
            "75-79" : 0.024550000000000002, 
            "70-74" : 0.01931, 
            "67-69" : 0.02234, 
            "65-66" : 0.01352, 
            "62-64" : 0.04166, 
            "60-61" : 0.01655, 
            "55-59" : 0.08689999999999999, 
            "50-54" : 0.061790000000000005, 
            "45-49" : 0.05407, 
            "40-44" : 0.05572, 
            "35-39" : 0.07779, 
            "30-34" : 0.07145, 
            "25-29" : 0.07586, 
            "22-24" : 0.03283, 
            "21" : 0.00414, 
            "20" : 0.011859999999999999, 
            "18-19" : 0.026760000000000003, 
            "15-17" : 0.04828, 
            "10-14" : 0.06538000000000001, 
            "5-9" : 0.09848000000000001, 
            "0-4" : 0.06566
        }, 
        "household_types" : {
            "Married" : 0.57563025, 
            "Single Female" : 0.07647058999999999, 
            "Single Male" : 0.07815126, 
            "One-Person" : 0.22941176, 
            "Other Non-Family" : 0.04033613
        }, 
        "marital_status" : {
            "Never Married" : {
                "female" : 0.22010663, 
                "male" : 0.28851351000000003
            }, 
            "Now Married" : {
                "female" : 0.56968774, 
                "male" : 0.57702703
            }, 
            "Separated" : {
                "female" : 0.01827875, 
                "male" : 0.02837838
            }, 
            "Absent Spouse" : {
                "female" : 0.04417365, 
                "male" : 0.02364865
            }, 
            "Widowed" : {
                "female" : 0.07159177, 
                "male" : 0.01418919
            }, 
            "Divorced" : {
                "female" : 0.07616146, 
                "male" : 0.06824324
            }
        }, 
        "employment_status" : {
            "Armed Forces" : 0.0, 
            "Employed" : 0.63211679, 
            "Unemployed" : 0.02810219, 
            "Other" : 0.33978102
        }, 
        "industries" : {
            "Oil & Gas, and Mining" : 0.35796767, 
            "Transportation" : 0.09353349, 
            "Education" : 0.07678984, 
            "Agriculture" : 0.06235566000000001, 
            "Other Services" : 0.05715935, 
            "Retail" : 0.05311778, 
            "Construction" : 0.050230949999999996, 
            "Healthcare" : 0.03810624, 
            "Government" : 0.031177830000000004, 
            "Professional" : 0.03002309, 
            "Hospitality" : 0.028868360000000003, 
            "Finance & Insurance" : 0.02829099, 
            "Utilities" : 0.02482679, 
            "Entertainment" : 0.015588910000000001, 
            "Real estate" : 0.01501155, 
            "Administrative" : 0.01154734, 
            "Manufacturing" : 0.01039261, 
            "Wholesalers" : 0.00866051, 
            "Management" : 0.00635104, 
            "Information" : 0.0
        }, 
        "educational_attainment" : {
            "Doctorate" : 0.00298635, 
            "Professional" : 0.0012798599999999999, 
            "Master's" : 0.02346416, 
            "Bachelor's" : 0.08703072, 
            "Associate's" : 0.03071672, 
            "Some College" : 0.21288395999999998, 
            "High School" : 0.35665529, 
            "Some H.S." : 0.12329352, 
            "Less than H.S." : 0.12627986, 
            "None" : 0.03540956
        }
    }
}