{
    "name" : "Roberts County", 
	"state" : "Texas", 
	"FIPS" : "48393",
    "population" : 939, 
    "demographics" : {
        "race_and_ethnicity" : {
            "White" : 0.95846645, 
            "Hispanic" : 0.028753989999999997, 
            "Black" : 0.0, 
            "Asian" : 0.00425985, 
            "Mixed" : 0.0085197, 
            "Other" : 0.0
        }, 
        "age_and_sex" : {
            "85+" : 0.00852, 
            "80-84" : 0.01704, 
            "75-79" : 0.03727, 
            "70-74" : 0.04686, 
            "67-69" : 0.02236, 
            "65-66" : 0.03408, 
            "62-64" : 0.06283, 
            "60-61" : 0.03195, 
            "55-59" : 0.03834, 
            "50-54" : 0.04686, 
            "45-49" : 0.060700000000000004, 
            "40-44" : 0.04792, 
            "35-39" : 0.059640000000000006, 
            "30-34" : 0.06177, 
            "25-29" : 0.08307, 
            "22-24" : 0.01171, 
            "21" : 0.0, 
            "20" : 0.013839999999999998, 
            "18-19" : 0.01171, 
            "15-17" : 0.05325, 
            "10-14" : 0.11182, 
            "5-9" : 0.07774, 
            "0-4" : 0.060700000000000004
        }, 
        "household_types" : {
            "Married" : 0.66666667, 
            "Single Female" : 0.1374269, 
            "Single Male" : 0.02339181, 
            "One-Person" : 0.15204678, 
            "Other Non-Family" : 0.02046784
        }, 
        "marital_status" : {
            "Never Married" : {
                "female" : 0.22074468, 
                "male" : 0.17073170999999998
            }, 
            "Now Married" : {
                "female" : 0.5691489399999999, 
                "male" : 0.7439024399999999
            }, 
            "Separated" : {
                "female" : 0.05053191, 
                "male" : 0.00914634
            }, 
            "Absent Spouse" : {
                "female" : 0.00265957, 
                "male" : 0.0152439
            }, 
            "Widowed" : {
                "female" : 0.04787234, 
                "male" : 0.00914634
            }, 
            "Divorced" : {
                "female" : 0.10904254999999999, 
                "male" : 0.051829270000000004
            }
        }, 
        "ancestry" : {
            "Unclassified" : 0.27582535, 
            "English" : 0.23748669, 
            "German" : 0.18423855, 
            "Other" : 0.15867945, 
            "Irish" : 0.15228967000000002, 
            "American" : 0.08839190999999999, 
            "Scotch-Irish" : 0.020234290000000002, 
            "Polish" : 0.00958466, 
            "Russian" : 0.00958466, 
            "Czech" : 0.0085197, 
            "Welsh" : 0.0085197, 
            "Dutch" : 0.00745474, 
            "European" : 0.00532481, 
            "French" : 0.00532481, 
            "Italian" : 0.00532481, 
            "Mexican" : 1.0, 
            "Korean" : 1.0
        }, 
        "employment_status" : {
            "Armed Forces" : 0.0, 
            "Employed" : 0.61794501, 
            "Unemployed" : 0.01591896, 
            "Other" : 0.36613603
        }, 
        "industries" : {
            "Agriculture" : 0.19437939, 
            "Construction" : 0.12646369999999998, 
            "Education" : 0.12646369999999998, 
            "Healthcare" : 0.10538642, 
            "Oil & Gas, and Mining" : 0.06323184999999999, 
            "Manufacturing" : 0.06323184999999999, 
            "Retail" : 0.05152225, 
            "Professional" : 0.042154569999999995, 
            "Government" : 0.03981265, 
            "Other Services" : 0.03747073, 
            "Wholesalers" : 0.03278689, 
            "Administrative" : 0.025761120000000002, 
            "Hospitality" : 0.025761120000000002, 
            "Real estate" : 0.021077279999999997, 
            "Transportation" : 0.01405152, 
            "Utilities" : 0.01405152, 
            "Finance & Insurance" : 0.0117096, 
            "Entertainment" : 0.00468384, 
            "Information" : 0.0, 
            "Management" : 0.0
        }, 
        "educational_attainment" : {
            "Doctorate" : 0.00161551, 
            "Professional" : 0.00484653, 
            "Master's" : 0.06623586000000001, 
            "Bachelor's" : 0.24232633, 
            "Associate's" : 0.04846527, 
            "Some College" : 0.28432956, 
            "High School" : 0.29079160000000004, 
            "Some H.S." : 0.05654281, 
            "Less than H.S." : 0.00484653, 
            "None" : 0.0
        }
    }
}