{
    "name" : "San Augustine County", 
	"state" : "Texas", 
	"FIPS" : "48405",
    "population" : 8556, 
    "demographics" : {
        "race_and_ethnicity" : {
            "White" : 0.6875876599999999, 
            "Hispanic" : 0.06732118, 
            "Black" : 0.21680692000000001, 
            "Asian" : 0.00081814, 
            "Mixed" : 0.01262272, 
            "Other" : 0.01484338
        }, 
        "age_and_sex" : {
            "85+" : 0.02396, 
            "80-84" : 0.026760000000000003, 
            "75-79" : 0.05248, 
            "70-74" : 0.062060000000000004, 
            "67-69" : 0.05856, 
            "65-66" : 0.028050000000000002, 
            "62-64" : 0.03787, 
            "60-61" : 0.03962, 
            "55-59" : 0.07468, 
            "50-54" : 0.07165, 
            "45-49" : 0.06358, 
            "40-44" : 0.03728, 
            "35-39" : 0.049210000000000004, 
            "30-34" : 0.059960000000000006, 
            "25-29" : 0.04348, 
            "22-24" : 0.01064, 
            "21" : 0.01367, 
            "20" : 0.00865, 
            "18-19" : 0.033889999999999997, 
            "15-17" : 0.030270000000000002, 
            "10-14" : 0.06662, 
            "5-9" : 0.04769, 
            "0-4" : 0.059370000000000006
        }, 
        "household_types" : {
            "Married" : 0.48149394, 
            "Single Female" : 0.13088829000000002, 
            "Single Male" : 0.04407806, 
            "One-Person" : 0.32032300999999996, 
            "Other Non-Family" : 0.023216689999999998
        }, 
        "marital_status" : {
            "Never Married" : {
                "female" : 0.20497924999999997, 
                "male" : 0.37337192
            }, 
            "Now Married" : {
                "female" : 0.40885201000000004, 
                "male" : 0.40781476
            }, 
            "Separated" : {
                "female" : 0.021300140000000002, 
                "male" : 0.008683070000000001
            }, 
            "Absent Spouse" : {
                "female" : 0.06390041, 
                "male" : 0.03589001
            }, 
            "Widowed" : {
                "female" : 0.17067773, 
                "male" : 0.07554269
            }, 
            "Divorced" : {
                "female" : 0.13029046, 
                "male" : 0.09869754
            }
        }, 
        "ancestry" : {
            "Other" : 0.43162692999999996, 
            "Unclassified" : 0.18045815999999998, 
            "English" : 0.14375876999999998, 
            "German" : 0.10413745, 
            "Irish" : 0.09431978, 
            "American" : 0.08917719, 
            "French" : 0.03938756, 
            "Scottish" : 0.02279102, 
            "Scotch-Irish" : 0.01320711, 
            "Czechoslovakian" : 0.01133707, 
            "Dutch" : 0.010168299999999998, 
            "Russian" : 0.00853202, 
            "Czech" : 0.00829827, 
            "Italian" : 0.00666199, 
            "British" : 0.0052594700000000005, 
            "Mexican" : 0.77430556, 
            "Other Hispanic" : 0.05213, 
            "Spaniard" : 0.18229167000000002, 
            "Central American" : 0.012270000000000001, 
            "Salvadoran" : 0.18229167000000002, 
            "Vietnamese" : 1.0
        }, 
        "employment_status" : {
            "Armed Forces" : 0.0, 
            "Employed" : 0.32182104, 
            "Unemployed" : 0.05280434, 
            "Other" : 0.62537463
        }, 
        "industries" : {
            "Retail" : 0.17782705, 
            "Healthcare" : 0.16496674, 
            "Other Services" : 0.09046563, 
            "Transportation" : 0.08425721, 
            "Manufacturing" : 0.08381375, 
            "Hospitality" : 0.05543237, 
            "Construction" : 0.049667409999999995, 
            "Education" : 0.04567627, 
            "Government" : 0.03946785, 
            "Agriculture" : 0.03813747, 
            "Oil & Gas, and Mining" : 0.03104213, 
            "Utilities" : 0.03059867, 
            "Administrative" : 0.02749446, 
            "Finance & Insurance" : 0.0248337, 
            "Professional" : 0.017738359999999998, 
            "Information" : 0.01374723, 
            "Entertainment" : 0.011973389999999999, 
            "Wholesalers" : 0.00931264, 
            "Real estate" : 0.00354767, 
            "Management" : 0.0
        }, 
        "educational_attainment" : {
            "Doctorate" : 0.00144254, 
            "Professional" : 0.00641128, 
            "Master's" : 0.02756852, 
            "Bachelor's" : 0.0796602, 
            "Associate's" : 0.049527169999999995, 
            "Some College" : 0.20660362, 
            "High School" : 0.4342042, 
            "Some H.S." : 0.11315916, 
            "Less than H.S." : 0.06908158, 
            "None" : 0.01234172
        }
    }
}