{
    "name" : "Terrell County", 
	"state" : "Texas", 
	"FIPS" : "48443",
    "population" : 778, 
    "demographics" : {
        "race_and_ethnicity" : {
            "White" : 0.28663239, 
            "Hispanic" : 0.6966581, 
            "Black" : 0.01285347, 
            "Asian" : 0.0, 
            "Mixed" : 0.0, 
            "Other" : 0.00385604
        }, 
        "age_and_sex" : {
            "85+" : 0.06812, 
            "80-84" : 0.03213, 
            "75-79" : 0.09383, 
            "70-74" : 0.044989999999999995, 
            "67-69" : 0.03342, 
            "65-66" : 0.047560000000000005, 
            "62-64" : 0.02699, 
            "60-61" : 0.044989999999999995, 
            "55-59" : 0.03728, 
            "50-54" : 0.057839999999999996, 
            "45-49" : 0.04242, 
            "40-44" : 0.09512000000000001, 
            "35-39" : 0.09512000000000001, 
            "30-34" : 0.06298, 
            "25-29" : 0.05013, 
            "22-24" : 0.0, 
            "21" : 0.0, 
            "20" : 0.02571, 
            "18-19" : 0.0, 
            "15-17" : 0.02571, 
            "10-14" : 0.04627, 
            "5-9" : 0.05398, 
            "0-4" : 0.01542
        }, 
        "household_types" : {
            "Married" : 0.36868687, 
            "Single Female" : 0.12878788, 
            "Single Male" : 0.00505051, 
            "One-Person" : 0.42171717000000003, 
            "Other Non-Family" : 0.07575758
        }, 
        "marital_status" : {
            "Never Married" : {
                "female" : 0.09375, 
                "male" : 0.33035714
            }, 
            "Now Married" : {
                "female" : 0.38068182, 
                "male" : 0.40178570999999996
            }, 
            "Separated" : {
                "female" : 0.036931820000000004, 
                "male" : 0.0
            }, 
            "Absent Spouse" : {
                "female" : 0.07386364000000001, 
                "male" : 0.07440476
            }, 
            "Widowed" : {
                "female" : 0.23295455, 
                "male" : 0.08630952
            }, 
            "Divorced" : {
                "female" : 0.18181818, 
                "male" : 0.10714285999999999
            }
        }, 
        "employment_status" : {
            "Armed Forces" : 0.0, 
            "Employed" : 0.49926145, 
            "Unemployed" : 0.02658789, 
            "Other" : 0.47415066000000006
        }, 
        "industries" : {
            "Government" : 0.14792899, 
            "Administrative" : 0.1183432, 
            "Other Services" : 0.10059172, 
            "Education" : 0.09763314, 
            "Agriculture" : 0.09467456, 
            "Construction" : 0.08284024000000001, 
            "Oil & Gas, and Mining" : 0.0591716, 
            "Manufacturing" : 0.0591716, 
            "Healthcare" : 0.05621302, 
            "Finance & Insurance" : 0.04733728, 
            "Retail" : 0.041420120000000005, 
            "Professional" : 0.041420120000000005, 
            "Hospitality" : 0.020710060000000002, 
            "Entertainment" : 0.01775148, 
            "Transportation" : 0.0147929, 
            "Wholesalers" : 0.0, 
            "Utilities" : 0.0, 
            "Information" : 0.0, 
            "Real estate" : 0.0, 
            "Management" : 0.0
        }, 
        "educational_attainment" : {
            "Doctorate" : 0.0, 
            "Professional" : 0.0, 
            "Master's" : 0.07253086, 
            "Bachelor's" : 0.09722222, 
            "Associate's" : 0.006172840000000001, 
            "Some College" : 0.27006173, 
            "High School" : 0.31790123000000003, 
            "Some H.S." : 0.09413579999999999, 
            "Less than H.S." : 0.1095679, 
            "None" : 0.03240741
        }
    }
}