{
    "name" : "Bandera County", 
	"state" : "Texas", 
	"FIPS" : "48019",
    "population" : 21015, 
    "demographics" : {
        "race_and_ethnicity" : {
            "White" : 0.7916250300000001, 
            "Hispanic" : 0.17692125, 
            "Black" : 0.0067570799999999995, 
            "Asian" : 0.0019034000000000002, 
            "Mixed" : 0.01679753, 
            "Other" : 0.0059957199999999995
        }, 
        "age_and_sex" : {
            "85+" : 0.029980000000000003, 
            "80-84" : 0.022940000000000002, 
            "75-79" : 0.04016, 
            "70-74" : 0.07323, 
            "67-69" : 0.04944, 
            "65-66" : 0.03202, 
            "62-64" : 0.05144, 
            "60-61" : 0.03716, 
            "55-59" : 0.09736, 
            "50-54" : 0.08778999999999999, 
            "45-49" : 0.06276, 
            "40-44" : 0.04273, 
            "35-39" : 0.05682, 
            "30-34" : 0.04221, 
            "25-29" : 0.03526, 
            "22-24" : 0.023940000000000003, 
            "21" : 0.00757, 
            "20" : 0.01437, 
            "18-19" : 0.01618, 
            "15-17" : 0.03469, 
            "10-14" : 0.050300000000000004, 
            "5-9" : 0.04977, 
            "0-4" : 0.041870000000000004
        }, 
        "household_types" : {
            "Married" : 0.56516473, 
            "Single Female" : 0.07873062, 
            "Single Male" : 0.021438950000000002, 
            "One-Person" : 0.28875969, 
            "Other Non-Family" : 0.045906010000000004
        }, 
        "marital_status" : {
            "Never Married" : {
                "female" : 0.15372009, 
                "male" : 0.23020610000000002
            }, 
            "Now Married" : {
                "female" : 0.54539495, 
                "male" : 0.52168037
            }, 
            "Separated" : {
                "female" : 0.02753196, 
                "male" : 0.01621804
            }, 
            "Absent Spouse" : {
                "female" : 0.0260024, 
                "male" : 0.02657957
            }, 
            "Widowed" : {
                "female" : 0.08445318, 
                "male" : 0.0382926
            }, 
            "Divorced" : {
                "female" : 0.16289741, 
                "male" : 0.16702331
            }
        }, 
        "ancestry" : {
            "Other" : 0.27927671, 
            "German" : 0.20832739, 
            "English" : 0.16754698999999998, 
            "Unclassified" : 0.15117773, 
            "Irish" : 0.13104925, 
            "American" : 0.06395432, 
            "French" : 0.040542470000000004, 
            "Polish" : 0.03573638, 
            "Italian" : 0.027646920000000002, 
            "Scotch-Irish" : 0.02488699, 
            "Scottish" : 0.02288841, 
            "Dutch" : 0.02060433, 
            "European" : 0.01608375, 
            "Swedish" : 0.01213419, 
            "Welsh" : 0.01094456, 
            "Norwegian" : 0.00989769, 
            "Czech" : 0.0092315, 
            "Russian" : 0.00747085, 
            "Scandinavian" : 0.00523436, 
            "Mexican" : 0.82813341, 
            "Other Hispanic" : 0.14651, 
            "Spanish" : 0.12668101, 
            "South American" : 0.02241, 
            "Colombian" : 0.10597095, 
            "Puerto Rican" : 0.01875, 
            "Central American" : 0.021247980000000003, 
            "Nicaraguan" : 0.00376, 
            "Guatemalan" : 0.01963421, 
            "Filipino" : 0.525, 
            "Chinese" : 0.001
        }, 
        "employment_status" : {
            "Armed Forces" : 0.00011304, 
            "Employed" : 0.49420675000000003, 
            "Unemployed" : 0.02119482, 
            "Other" : 0.48448538999999996
        }, 
        "industries" : {
            "Healthcare" : 0.14524245, 
            "Education" : 0.11173375999999999, 
            "Construction" : 0.10304209, 
            "Retail" : 0.10247026999999999, 
            "Other Services" : 0.0723925, 
            "Manufacturing" : 0.07193504, 
            "Government" : 0.06461573999999999, 
            "Professional" : 0.04505947, 
            "Finance & Insurance" : 0.04322964, 
            "Hospitality" : 0.04288655, 
            "Agriculture" : 0.037397070000000004, 
            "Entertainment" : 0.02687557, 
            "Information" : 0.02275846, 
            "Administrative" : 0.02241537, 
            "Wholesalers" : 0.021957909999999997, 
            "Transportation" : 0.021043, 
            "Real estate" : 0.01864135, 
            "Oil & Gas, and Mining" : 0.01852699, 
            "Utilities" : 0.007776760000000001, 
            "Management" : 0.0
        }, 
        "educational_attainment" : {
            "Doctorate" : 0.019751229999999998, 
            "Professional" : 0.00993812, 
            "Master's" : 0.05419089, 
            "Bachelor's" : 0.15650978000000001, 
            "Associate's" : 0.09019313999999999, 
            "Some College" : 0.22888930999999998, 
            "High School" : 0.3087693, 
            "Some H.S." : 0.09044314999999999, 
            "Less than H.S." : 0.03606475, 
            "None" : 0.00525033
        }
    }
}