{
    "name" : "Burleson County", 
	"state" : "Texas", 
	"FIPS" : "48051",
    "population" : 17417, 
    "demographics" : {
        "race_and_ethnicity" : {
            "White" : 0.65947063, 
            "Hispanic" : 0.19882873, 
            "Black" : 0.12327037, 
            "Asian" : 0.00396165, 
            "Mixed" : 0.01263134, 
            "Other" : 0.00183729
        }, 
        "age_and_sex" : {
            "85+" : 0.021589999999999998, 
            "80-84" : 0.023479999999999997, 
            "75-79" : 0.036000000000000004, 
            "70-74" : 0.04702, 
            "67-69" : 0.037149999999999996, 
            "65-66" : 0.029169999999999998, 
            "62-64" : 0.03956, 
            "60-61" : 0.031349999999999996, 
            "55-59" : 0.07447, 
            "50-54" : 0.06746, 
            "45-49" : 0.06878000000000001, 
            "40-44" : 0.056609999999999994, 
            "35-39" : 0.05196, 
            "30-34" : 0.05167, 
            "25-29" : 0.05747, 
            "22-24" : 0.031869999999999996, 
            "21" : 0.009130000000000001, 
            "20" : 0.01257, 
            "18-19" : 0.02165, 
            "15-17" : 0.03956, 
            "10-14" : 0.0639, 
            "5-9" : 0.06849999999999999, 
            "0-4" : 0.05908
        }, 
        "household_types" : {
            "Married" : 0.5348473, 
            "Single Female" : 0.12028190999999999, 
            "Single Male" : 0.05528583, 
            "One-Person" : 0.26389977, 
            "Other Non-Family" : 0.0256852
        }, 
        "marital_status" : {
            "Never Married" : {
                "female" : 0.21018842, 
                "male" : 0.31241868
            }, 
            "Now Married" : {
                "female" : 0.50286113, 
                "male" : 0.49833742999999997
            }, 
            "Separated" : {
                "female" : 0.03879972, 
                "male" : 0.00881885
            }, 
            "Absent Spouse" : {
                "female" : 0.03182135, 
                "male" : 0.02949255
            }, 
            "Widowed" : {
                "female" : 0.10690858, 
                "male" : 0.045684550000000004
            }, 
            "Divorced" : {
                "female" : 0.10942080000000001, 
                "male" : 0.10524794
            }
        }, 
        "ancestry" : {
            "Other" : 0.33564908000000004, 
            "Unclassified" : 0.27232015, 
            "German" : 0.16443704, 
            "Czech" : 0.09456278, 
            "English" : 0.0745823, 
            "Irish" : 0.06419016, 
            "American" : 0.055807539999999996, 
            "Italian" : 0.02164552, 
            "French" : 0.01584659, 
            "Polish" : 0.01561693, 
            "Scotch-Irish" : 0.011023709999999999, 
            "Norwegian" : 0.00809554, 
            "Scottish" : 0.00792329, 
            "Dutch" : 0.00533961, 
            "Mexican" : 0.8977764899999999, 
            "Other Hispanic" : 0.17850000000000002, 
            "Spaniard" : 0.06670517000000001, 
            "Central American" : 0.013260000000000001, 
            "Honduran" : 0.028587929999999998, 
            "Spanish" : 0.005679999999999999, 
            "Puerto Rican" : 0.01992492, 
            "South American" : 0.00396, 
            "Pakistani" : 0.6811594200000001, 
            "Filipino" : 0.0027
        }, 
        "employment_status" : {
            "Armed Forces" : 0.0, 
            "Employed" : 0.54171784, 
            "Unemployed" : 0.03532471, 
            "Other" : 0.42295744999999996
        }, 
        "industries" : {
            "Education" : 0.15588744999999998, 
            "Manufacturing" : 0.13335111, 
            "Healthcare" : 0.10281371, 
            "Retail" : 0.0957461, 
            "Construction" : 0.07867716, 
            "Hospitality" : 0.05747433, 
            "Oil & Gas, and Mining" : 0.05294039, 
            "Other Services" : 0.05294039, 
            "Transportation" : 0.0482731, 
            "Agriculture" : 0.04320576, 
            "Professional" : 0.040538740000000004, 
            "Government" : 0.03387118, 
            "Wholesalers" : 0.0302707, 
            "Administrative" : 0.02000267, 
            "Real estate" : 0.01920256, 
            "Finance & Insurance" : 0.01373516, 
            "Information" : 0.01053474, 
            "Entertainment" : 0.00480064, 
            "Utilities" : 0.00373383, 
            "Management" : 0.00200027
        }, 
        "educational_attainment" : {
            "Doctorate" : 0.00521394, 
            "Professional" : 0.00686916, 
            "Master's" : 0.04055284000000001, 
            "Bachelor's" : 0.09534055999999999, 
            "Associate's" : 0.04915998, 
            "Some College" : 0.2144335, 
            "High School" : 0.39261773, 
            "Some H.S." : 0.11288587, 
            "Less than H.S." : 0.06687081, 
            "None" : 0.01605562
        }
    }
}