{
    "name" : "El Paso County", 
	"state" : "Texas", 
	"FIPS" : "48141",
    "population" : 833592, 
    "demographics" : {
        "race_and_ethnicity" : {
            "White" : 0.1285473, 
            "Hispanic" : 0.8125449899999999, 
            "Black" : 0.03488757, 
            "Asian" : 0.01139886, 
            "Mixed" : 0.00793194, 
            "Other" : 0.00468934
        }, 
        "age_and_sex" : {
            "85+" : 0.013540000000000002, 
            "80-84" : 0.01521, 
            "75-79" : 0.021709999999999997, 
            "70-74" : 0.027690000000000003, 
            "67-69" : 0.01922, 
            "65-66" : 0.01496, 
            "62-64" : 0.025470000000000003, 
            "60-61" : 0.019110000000000002, 
            "55-59" : 0.05468, 
            "50-54" : 0.05941, 
            "45-49" : 0.05862, 
            "40-44" : 0.06485, 
            "35-39" : 0.06095, 
            "30-34" : 0.06752, 
            "25-29" : 0.07578, 
            "22-24" : 0.049109999999999994, 
            "21" : 0.0187, 
            "20" : 0.01803, 
            "18-19" : 0.03115, 
            "15-17" : 0.04796, 
            "10-14" : 0.07931, 
            "5-9" : 0.07722000000000001, 
            "0-4" : 0.07979
        }, 
        "household_types" : {
            "Married" : 0.50159708, 
            "Single Female" : 0.19191324, 
            "Single Male" : 0.055214889999999996, 
            "One-Person" : 0.22015952, 
            "Other Non-Family" : 0.03111528
        }, 
        "marital_status" : {
            "Never Married" : {
                "female" : 0.30767918, 
                "male" : 0.36943811
            }, 
            "Now Married" : {
                "female" : 0.40577652999999997, 
                "male" : 0.45860344
            }, 
            "Separated" : {
                "female" : 0.04236119000000001, 
                "male" : 0.026091950000000003
            }, 
            "Absent Spouse" : {
                "female" : 0.03476274, 
                "male" : 0.03913468
            }, 
            "Widowed" : {
                "female" : 0.08430193, 
                "male" : 0.023124739999999998
            }, 
            "Divorced" : {
                "female" : 0.12511844, 
                "male" : 0.08360708
            }
        }, 
        "ancestry" : {
            "Other" : 0.82588724, 
            "Unclassified" : 0.07077203, 
            "German" : 0.03420738, 
            "American" : 0.03245113, 
            "Irish" : 0.02379941, 
            "English" : 0.01538402, 
            "Italian" : 0.01003009, 
            "French" : 0.00634003, 
            "Mexican" : 0.95120792, 
            "Other Hispanic" : 0.77789, 
            "Puerto Rican" : 0.02398237, 
            "Central American" : 0.019610000000000002, 
            "Filipino" : 0.24173857999999998, 
            "Korean" : 0.0027600000000000003, 
            "Chinese" : 0.19501158, 
            "Indian" : 0.00222, 
            "Vietnamese" : 0.17059566, 
            "Japanese" : 0.00194, 
            "Pakistani" : 0.16533361, 
            "Bangladeshi" : 0.00188, 
            "Taiwanese" : 0.0590402, 
            "Cambodian" : 0.00067, 
            "Mixed" : 0.05819827, 
            "Thai" : 0.00066, 
            "Not Specified" : 0.02557356
        }, 
        "employment_status" : {
            "Armed Forces" : 0.03022154, 
            "Employed" : 0.535712, 
            "Unemployed" : 0.04572815, 
            "Other" : 0.38833831
        }, 
        "industries" : {
            "Healthcare" : 0.13058215, 
            "Retail" : 0.1200341, 
            "Education" : 0.11902597, 
            "Hospitality" : 0.08793526, 
            "Government" : 0.07333373, 
            "Manufacturing" : 0.07131746, 
            "Administrative" : 0.06249252, 
            "Construction" : 0.057897569999999995, 
            "Transportation" : 0.05729927, 
            "Other Services" : 0.044226400000000006, 
            "Professional" : 0.043257149999999994, 
            "Finance & Insurance" : 0.03386981, 
            "Wholesalers" : 0.029229989999999997, 
            "Real estate" : 0.017610980000000002, 
            "Information" : 0.0174644, 
            "Entertainment" : 0.013925449999999999, 
            "Utilities" : 0.00789159, 
            "Oil & Gas, and Mining" : 0.0077420100000000006, 
            "Agriculture" : 0.00428982, 
            "Management" : 0.00057437
        }, 
        "educational_attainment" : {
            "Doctorate" : 0.00634547, 
            "Professional" : 0.01025855, 
            "Master's" : 0.05025887, 
            "Bachelor's" : 0.14999118, 
            "Associate's" : 0.07390562, 
            "Some College" : 0.23039455, 
            "High School" : 0.24335599, 
            "Some H.S." : 0.09172584, 
            "Less than H.S." : 0.11286807, 
            "None" : 0.03089586
        }
    }
}