{
    "name" : "Fisher County", 
	"state" : "Texas", 
	"FIPS" : "48151",
    "population" : 3847, 
    "demographics" : {
        "race_and_ethnicity" : {
            "White" : 0.6430985200000001, 
            "Hispanic" : 0.31245126, 
            "Black" : 0.03587211, 
            "Asian" : 0.0036392000000000004, 
            "Mixed" : 0.0038991399999999997, 
            "Other" : 0.00103977
        }, 
        "age_and_sex" : {
            "85+" : 0.025990000000000003, 
            "80-84" : 0.02781, 
            "75-79" : 0.05511, 
            "70-74" : 0.05173, 
            "67-69" : 0.04289, 
            "65-66" : 0.028849999999999997, 
            "62-64" : 0.03821, 
            "60-61" : 0.02521, 
            "55-59" : 0.08552, 
            "50-54" : 0.05303, 
            "45-49" : 0.040549999999999996, 
            "40-44" : 0.05251, 
            "35-39" : 0.05745, 
            "30-34" : 0.04861, 
            "25-29" : 0.07278, 
            "22-24" : 0.03769, 
            "21" : 0.01118, 
            "20" : 0.01274, 
            "18-19" : 0.02651, 
            "15-17" : 0.03769, 
            "10-14" : 0.05667, 
            "5-9" : 0.04913, 
            "0-4" : 0.06213
        }, 
        "household_types" : {
            "Married" : 0.52, 
            "Single Female" : 0.09212121, 
            "Single Male" : 0.01757576, 
            "One-Person" : 0.32969697, 
            "Other Non-Family" : 0.04060606
        }, 
        "marital_status" : {
            "Never Married" : {
                "female" : 0.20982414, 
                "male" : 0.26030928
            }, 
            "Now Married" : {
                "female" : 0.51485749, 
                "male" : 0.56378866
            }, 
            "Separated" : {
                "female" : 0.04851425, 
                "male" : 0.01159794
            }, 
            "Absent Spouse" : {
                "female" : 0.01334142, 
                "male" : 0.0128866
            }, 
            "Widowed" : {
                "female" : 0.12613705, 
                "male" : 0.02770619
            }, 
            "Divorced" : {
                "female" : 0.08732564999999999, 
                "male" : 0.12371134
            }
        }, 
        "ancestry" : {
            "Other" : 0.38965428, 
            "Unclassified" : 0.24564596000000002, 
            "American" : 0.12061347, 
            "Irish" : 0.10163764, 
            "English" : 0.08370158999999999, 
            "German" : 0.07356382, 
            "Scottish" : 0.02391474, 
            "French" : 0.02261502, 
            "European" : 0.01065766, 
            "Scotch-Irish" : 0.010137769999999999, 
            "Italian" : 0.00571874, 
            "Welsh" : 0.005458800000000001, 
            "Norwegian" : 0.00519886, 
            "Mexican" : 0.88778055, 
            "Other Hispanic" : 0.27762, 
            "Spaniard" : 0.10556941, 
            "Spanish" : 0.033010000000000005, 
            "Puerto Rican" : 0.0241064, 
            "Thai" : 1.0
        }, 
        "employment_status" : {
            "Armed Forces" : 0.0, 
            "Employed" : 0.53677869, 
            "Unemployed" : 0.039315159999999995, 
            "Other" : 0.42390615
        }, 
        "industries" : {
            "Agriculture" : 0.14235086, 
            "Education" : 0.12935617, 
            "Healthcare" : 0.12404016999999999, 
            "Retail" : 0.11045481, 
            "Manufacturing" : 0.07383343, 
            "Other Services" : 0.06674542, 
            "Construction" : 0.06556409, 
            "Hospitality" : 0.049025400000000004, 
            "Transportation" : 0.047844059999999994, 
            "Government" : 0.038393380000000005, 
            "Professional" : 0.03603071, 
            "Oil & Gas, and Mining" : 0.02953337, 
            "Utilities" : 0.02953337, 
            "Finance & Insurance" : 0.02244536, 
            "Information" : 0.01240402, 
            "Real estate" : 0.00945068, 
            "Administrative" : 0.00945068, 
            "Wholesalers" : 0.003544, 
            "Management" : 0.0, 
            "Entertainment" : 0.0
        }, 
        "educational_attainment" : {
            "Doctorate" : 0.00110416, 
            "Professional" : 0.004784689999999999, 
            "Master's" : 0.04085388, 
            "Bachelor's" : 0.13765181999999998, 
            "Associate's" : 0.0916452, 
            "Some College" : 0.23150534, 
            "High School" : 0.32057416000000005, 
            "Some H.S." : 0.08428414000000001, 
            "Less than H.S." : 0.0618329, 
            "None" : 0.02576371
        }
    }
}