{
    "name" : "Jim Hogg County", 
	"state" : "Texas", 
	"FIPS" : "48247",
    "population" : 5218, 
    "demographics" : {
        "race_and_ethnicity" : {
            "White" : 0.09697202, 
            "Hispanic" : 0.9005365999999999, 
            "Black" : 0.00038329, 
            "Asian" : 0.0, 
            "Mixed" : 0.00210809, 
            "Other" : 0.0
        }, 
        "age_and_sex" : {
            "85+" : 0.01131, 
            "80-84" : 0.02683, 
            "75-79" : 0.03105, 
            "70-74" : 0.040819999999999995, 
            "67-69" : 0.04523, 
            "65-66" : 0.03488, 
            "62-64" : 0.05634, 
            "60-61" : 0.02549, 
            "55-59" : 0.05366, 
            "50-54" : 0.04734, 
            "45-49" : 0.02836, 
            "40-44" : 0.04369, 
            "35-39" : 0.07282, 
            "30-34" : 0.06593, 
            "25-29" : 0.04369, 
            "22-24" : 0.03775, 
            "21" : 0.01936, 
            "20" : 0.01361, 
            "18-19" : 0.01782, 
            "15-17" : 0.05558, 
            "10-14" : 0.11499000000000001, 
            "5-9" : 0.044649999999999995, 
            "0-4" : 0.0688
        }, 
        "household_types" : {
            "Married" : 0.49811558, 
            "Single Female" : 0.22361809000000002, 
            "Single Male" : 0.028894470000000002, 
            "One-Person" : 0.2298995, 
            "Other Non-Family" : 0.01947236
        }, 
        "marital_status" : {
            "Never Married" : {
                "female" : 0.30364964, 
                "male" : 0.47234906000000004
            }, 
            "Now Married" : {
                "female" : 0.42287104999999997, 
                "male" : 0.40131912999999997
            }, 
            "Separated" : {
                "female" : 0.023844280000000002, 
                "male" : 0.01572806
            }, 
            "Absent Spouse" : {
                "female" : 0.01459854, 
                "male" : 0.02283105
            }, 
            "Widowed" : {
                "female" : 0.12944039, 
                "male" : 0.00710299
            }, 
            "Divorced" : {
                "female" : 0.10559611, 
                "male" : 0.08066971
            }
        }, 
        "employment_status" : {
            "Armed Forces" : 0.0, 
            "Employed" : 0.39948386999999996, 
            "Unemployed" : 0.09006452, 
            "Other" : 0.5104516100000001
        }, 
        "industries" : {
            "Oil & Gas, and Mining" : 0.16602067, 
            "Education" : 0.15891473, 
            "Construction" : 0.13630491, 
            "Government" : 0.12726098, 
            "Healthcare" : 0.11692506, 
            "Retail" : 0.0503876, 
            "Manufacturing" : 0.04909561, 
            "Agriculture" : 0.03617571, 
            "Other Services" : 0.03100775, 
            "Professional" : 0.024547799999999998, 
            "Finance & Insurance" : 0.02067183, 
            "Transportation" : 0.01873385, 
            "Information" : 0.01356589, 
            "Administrative" : 0.01356589, 
            "Entertainment" : 0.0129199, 
            "Hospitality" : 0.01098191, 
            "Wholesalers" : 0.00968992, 
            "Real estate" : 0.00322997, 
            "Utilities" : 0.0, 
            "Management" : 0.0
        }, 
        "educational_attainment" : {
            "Doctorate" : 0.0, 
            "Professional" : 0.0030543700000000003, 
            "Master's" : 0.02871106, 
            "Bachelor's" : 0.07880269000000001, 
            "Associate's" : 0.06291998, 
            "Some College" : 0.23243739000000002, 
            "High School" : 0.34270006000000003, 
            "Some H.S." : 0.15058033, 
            "Less than H.S." : 0.06902871000000001, 
            "None" : 0.03176542
        }
    }
}