{
    "name" : "Lynn County", 
	"state" : "Texas", 
	"FIPS" : "48305",
    "population" : 5723, 
    "demographics" : {
        "race_and_ethnicity" : {
            "White" : 0.49187489, 
            "Hispanic" : 0.47020793, 
            "Black" : 0.02219116, 
            "Asian" : 0.0031452000000000003, 
            "Mixed" : 0.00401887, 
            "Other" : 0.00856194
        }, 
        "age_and_sex" : {
            "85+" : 0.01642, 
            "80-84" : 0.027610000000000003, 
            "75-79" : 0.032850000000000004, 
            "70-74" : 0.02604, 
            "67-69" : 0.03005, 
            "65-66" : 0.02778, 
            "62-64" : 0.03547, 
            "60-61" : 0.023239999999999997, 
            "55-59" : 0.06709999999999999, 
            "50-54" : 0.08073000000000001, 
            "45-49" : 0.058710000000000005, 
            "40-44" : 0.049100000000000005, 
            "35-39" : 0.06221, 
            "30-34" : 0.06098, 
            "25-29" : 0.050320000000000004, 
            "22-24" : 0.029009999999999998, 
            "21" : 0.01188, 
            "20" : 0.01083, 
            "18-19" : 0.037040000000000003, 
            "15-17" : 0.04316, 
            "10-14" : 0.06046, 
            "5-9" : 0.09173999999999999, 
            "0-4" : 0.06727
        }, 
        "household_types" : {
            "Married" : 0.5257301799999999, 
            "Single Female" : 0.16782568, 
            "Single Male" : 0.033379690000000004, 
            "One-Person" : 0.24246638999999998, 
            "Other Non-Family" : 0.030598049999999998
        }, 
        "marital_status" : {
            "Never Married" : {
                "female" : 0.23146066999999998, 
                "male" : 0.28278323
            }, 
            "Now Married" : {
                "female" : 0.5047191, 
                "male" : 0.51873327
            }, 
            "Separated" : {
                "female" : 0.03370787, 
                "male" : 0.02096343
            }, 
            "Absent Spouse" : {
                "female" : 0.02292135, 
                "male" : 0.028099910000000002
            }, 
            "Widowed" : {
                "female" : 0.11101124000000001, 
                "male" : 0.03389831
            }, 
            "Divorced" : {
                "female" : 0.09617978, 
                "male" : 0.11552186
            }
        }, 
        "ancestry" : {
            "Other" : 0.5345098699999999, 
            "Unclassified" : 0.1771798, 
            "German" : 0.10082125, 
            "American" : 0.08474576, 
            "Irish" : 0.08037741999999999, 
            "English" : 0.05469159999999999, 
            "Scottish" : 0.01537655, 
            "Scotch-Irish" : 0.01065875, 
            "West Indian" : 0.00978508, 
            "Dutch West Indian" : 0.00978508, 
            "Swedish" : 0.00803774, 
            "Pennsylvania German" : 0.00611567, 
            "Italian" : 0.0050672700000000005, 
            "Mexican" : 0.77167097, 
            "Other Hispanic" : 0.36554000000000003, 
            "Spanish" : 0.18074511000000001, 
            "Puerto Rican" : 0.08561999999999999, 
            "Central American" : 0.058281080000000006, 
            "Guatemalan" : 0.027610000000000003, 
            "South American" : 0.02950941, 
            "Venezuelan" : 0.01398, 
            "Indian" : 0.5, 
            "Filipino" : 0.00157, 
            "Vietnamese" : 0.44444444
        }, 
        "employment_status" : {
            "Armed Forces" : 0.0, 
            "Employed" : 0.53645833, 
            "Unemployed" : 0.06702899000000001, 
            "Other" : 0.39651268
        }, 
        "industries" : {
            "Agriculture" : 0.14985226000000001, 
            "Healthcare" : 0.13887716, 
            "Retail" : 0.13507809, 
            "Education" : 0.09117771, 
            "Construction" : 0.07260447, 
            "Government" : 0.05614183, 
            "Wholesalers" : 0.04601098000000001, 
            "Utilities" : 0.043478260000000005, 
            "Hospitality" : 0.043478260000000005, 
            "Other Services" : 0.03925707, 
            "Transportation" : 0.034191639999999995, 
            "Manufacturing" : 0.03292528, 
            "Finance & Insurance" : 0.027437740000000002, 
            "Professional" : 0.0265935, 
            "Administrative" : 0.01941748, 
            "Oil & Gas, and Mining" : 0.0156184, 
            "Information" : 0.01350781, 
            "Real estate" : 0.00970874, 
            "Entertainment" : 0.00464331, 
            "Management" : 0.0
        }, 
        "educational_attainment" : {
            "Doctorate" : 0.0037715500000000002, 
            "Professional" : 0.0035021600000000003, 
            "Master's" : 0.02532328, 
            "Bachelor's" : 0.13981681, 
            "Associate's" : 0.04606681, 
            "Some College" : 0.22952586, 
            "High School" : 0.33108835999999997, 
            "Some H.S." : 0.09806034000000001, 
            "Less than H.S." : 0.0934806, 
            "None" : 0.02936422
        }
    }
}