{
    "name" : "Red River County", 
	"state" : "Texas", 
	"FIPS" : "48387",
    "population" : 12455, 
    "demographics" : {
        "race_and_ethnicity" : {
            "White" : 0.73263749, 
            "Hispanic" : 0.07193898, 
            "Black" : 0.17406664, 
            "Asian" : 0.00040145000000000003, 
            "Mixed" : 0.0183059, 
            "Other" : 0.00264954
        }, 
        "age_and_sex" : {
            "85+" : 0.02794, 
            "80-84" : 0.02625, 
            "75-79" : 0.03766, 
            "70-74" : 0.05925, 
            "67-69" : 0.05147, 
            "65-66" : 0.02473, 
            "62-64" : 0.03926, 
            "60-61" : 0.02955, 
            "55-59" : 0.08148999999999999, 
            "50-54" : 0.06704, 
            "45-49" : 0.06584, 
            "40-44" : 0.04753, 
            "35-39" : 0.056600000000000004, 
            "30-34" : 0.05476, 
            "25-29" : 0.04946, 
            "22-24" : 0.03019, 
            "21" : 0.013009999999999999, 
            "20" : 0.01012, 
            "18-19" : 0.0273, 
            "15-17" : 0.04609, 
            "10-14" : 0.06399, 
            "5-9" : 0.0493, 
            "0-4" : 0.04119
        }, 
        "household_types" : {
            "Married" : 0.4555491, 
            "Single Female" : 0.14352121, 
            "Single Male" : 0.04028666, 
            "One-Person" : 0.32984699, 
            "Other Non-Family" : 0.03079605
        }, 
        "marital_status" : {
            "Never Married" : {
                "female" : 0.24217082, 
                "male" : 0.26511912
            }, 
            "Now Married" : {
                "female" : 0.44021352, 
                "male" : 0.45815516
            }, 
            "Separated" : {
                "female" : 0.022953739999999997, 
                "male" : 0.01506821
            }, 
            "Absent Spouse" : {
                "female" : 0.02366548, 
                "male" : 0.03522704
            }, 
            "Widowed" : {
                "female" : 0.14946619, 
                "male" : 0.05538587
            }, 
            "Divorced" : {
                "female" : 0.12153024999999999, 
                "male" : 0.17104459
            }
        }, 
        "ancestry" : {
            "Other" : 0.3582497, 
            "Unclassified" : 0.24536331, 
            "American" : 0.18611, 
            "Irish" : 0.10172621, 
            "German" : 0.06760337, 
            "English" : 0.06174227, 
            "Scottish" : 0.014773179999999999, 
            "Subsaharan African" : 0.01429145, 
            "African" : 0.01429145, 
            "Dutch" : 0.012043360000000001, 
            "Polish" : 0.0109996, 
            "Italian" : 0.00923324, 
            "European" : 0.00891208, 
            "French" : 0.0080289, 
            "Scotch-Irish" : 0.00529908, 
            "Mexican" : 0.9419642899999999, 
            "Cuban" : 0.06776, 
            "Other Hispanic" : 0.02901786, 
            "South American" : 0.00209, 
            "Colombian" : 0.01785714, 
            "Spaniard" : 0.00128, 
            "Nepalese" : 1.0
        }, 
        "employment_status" : {
            "Armed Forces" : 0.0, 
            "Employed" : 0.46903514, 
            "Unemployed" : 0.0348476, 
            "Other" : 0.49611725999999995
        }, 
        "industries" : {
            "Manufacturing" : 0.20033113, 
            "Healthcare" : 0.17011589000000002, 
            "Retail" : 0.09457781000000001, 
            "Construction" : 0.07864238, 
            "Education" : 0.07450331, 
            "Government" : 0.06725993, 
            "Hospitality" : 0.0598096, 
            "Other Services" : 0.047599340000000004, 
            "Agriculture" : 0.03890728, 
            "Finance & Insurance" : 0.034561259999999996, 
            "Transportation" : 0.03352649, 
            "Wholesalers" : 0.01841887, 
            "Oil & Gas, and Mining" : 0.017177150000000002, 
            "Professional" : 0.01593543, 
            "Administrative" : 0.01572848, 
            "Utilities" : 0.0111755, 
            "Real estate" : 0.010554639999999999, 
            "Information" : 0.00558775, 
            "Entertainment" : 0.00517384, 
            "Management" : 0.00041390999999999997
        }, 
        "educational_attainment" : {
            "Doctorate" : 0.00569641, 
            "Professional" : 0.00268067, 
            "Master's" : 0.02055177, 
            "Bachelor's" : 0.10521613, 
            "Associate's" : 0.06210209, 
            "Some College" : 0.22003798, 
            "High School" : 0.38813805, 
            "Some H.S." : 0.13057076, 
            "Less than H.S." : 0.05082095, 
            "None" : 0.01418519
        }
    }
}