{
    "name" : "Yoakum County", 
	"state" : "Texas", 
	"FIPS" : "48501",
    "population" : 8316, 
    "demographics" : {
        "race_and_ethnicity" : {
            "White" : 0.34271284, 
            "Hispanic" : 0.62914863, 
            "Black" : 0.0063732599999999995, 
            "Asian" : 0.00276575, 
            "Mixed" : 0.01623377, 
            "Other" : 0.00276575
        }, 
        "age_and_sex" : {
            "85+" : 0.0014399999999999999, 
            "80-84" : 0.00722, 
            "75-79" : 0.04064, 
            "70-74" : 0.038, 
            "67-69" : 0.015629999999999998, 
            "65-66" : 0.0113, 
            "62-64" : 0.014190000000000001, 
            "60-61" : 0.017920000000000002, 
            "55-59" : 0.07732, 
            "50-54" : 0.04822, 
            "45-49" : 0.0653, 
            "40-44" : 0.0766, 
            "35-39" : 0.05267, 
            "30-34" : 0.07071, 
            "25-29" : 0.0487, 
            "22-24" : 0.043410000000000004, 
            "21" : 0.0006, 
            "20" : 0.019, 
            "18-19" : 0.028380000000000002, 
            "15-17" : 0.050629999999999994, 
            "10-14" : 0.09259, 
            "5-9" : 0.09523999999999999, 
            "0-4" : 0.0843
        }, 
        "household_types" : {
            "Married" : 0.6368735999999999, 
            "Single Female" : 0.09910247, 
            "Single Male" : 0.03440539, 
            "One-Person" : 0.2131638, 
            "Other Non-Family" : 0.01645475
        }, 
        "marital_status" : {
            "Never Married" : {
                "female" : 0.23139954, 
                "male" : 0.29447035
            }, 
            "Now Married" : {
                "female" : 0.5696493, 
                "male" : 0.5596269199999999
            }, 
            "Separated" : {
                "female" : 0.0032776100000000002, 
                "male" : 0.01998668
            }, 
            "Absent Spouse" : {
                "female" : 0.02589315, 
                "male" : 0.04630247
            }, 
            "Widowed" : {
                "female" : 0.09046214000000001, 
                "male" : 0.041638909999999994
            }, 
            "Divorced" : {
                "female" : 0.07931826, 
                "male" : 0.03797468
            }
        }, 
        "ancestry" : {
            "Other" : 0.67568543, 
            "Unclassified" : 0.13011063, 
            "English" : 0.062409809999999996, 
            "Irish" : 0.06000481, 
            "American" : 0.0537518, 
            "German" : 0.0494228, 
            "Scottish" : 0.027777780000000002, 
            "Italian" : 0.01479076, 
            "Dutch" : 0.010942760000000001, 
            "Polish" : 0.00986051, 
            "Arab" : 0.00673401, 
            "Norwegian" : 0.00661376, 
            "French" : 0.0056517600000000005, 
            "Mexican" : 0.94058657, 
            "Cuban" : 0.5977600000000001, 
            "Puerto Rican" : 0.03822138, 
            "Other Hispanic" : 0.02429, 
            "Indian" : 0.86956522, 
            "Korean" : 0.00241
        }, 
        "employment_status" : {
            "Armed Forces" : 0.0, 
            "Employed" : 0.61480978, 
            "Unemployed" : 0.06182065, 
            "Other" : 0.32336957
        }, 
        "industries" : {
            "Oil & Gas, and Mining" : 0.21823204000000002, 
            "Education" : 0.12596685000000002, 
            "Retail" : 0.09668507999999999, 
            "Agriculture" : 0.07955801, 
            "Construction" : 0.07513812, 
            "Other Services" : 0.05220994, 
            "Utilities" : 0.05110497, 
            "Government" : 0.04944751, 
            "Healthcare" : 0.0480663, 
            "Transportation" : 0.03950276, 
            "Hospitality" : 0.0339779, 
            "Administrative" : 0.03093923, 
            "Entertainment" : 0.02458564, 
            "Wholesalers" : 0.02430939, 
            "Information" : 0.02265193, 
            "Finance & Insurance" : 0.00994475, 
            "Manufacturing" : 0.00883978, 
            "Professional" : 0.00883978, 
            "Real estate" : 0.0, 
            "Management" : 0.0
        }, 
        "educational_attainment" : {
            "Doctorate" : 0.00246305, 
            "Professional" : 0.007594419999999999, 
            "Master's" : 0.04207718, 
            "Bachelor's" : 0.12602627, 
            "Associate's" : 0.059934320000000006, 
            "Some College" : 0.18390805, 
            "High School" : 0.29228243, 
            "Some H.S." : 0.07553366, 
            "Less than H.S." : 0.19006568000000001, 
            "None" : 0.020114939999999998
        }
    }
}