{
    "name" : "Zapata County", 
	"state" : "Texas", 
	"FIPS" : "48505",
    "population" : 14335, 
    "demographics" : {
        "race_and_ethnicity" : {
            "White" : 0.0586676, 
            "Hispanic" : 0.9315661, 
            "Black" : 0.00976631, 
            "Asian" : 0.0, 
            "Mixed" : 0.0, 
            "Other" : 0.0
        }, 
        "age_and_sex" : {
            "85+" : 0.00963, 
            "80-84" : 0.01284, 
            "75-79" : 0.023929999999999996, 
            "70-74" : 0.036070000000000005, 
            "67-69" : 0.02239, 
            "65-66" : 0.01242, 
            "62-64" : 0.02323, 
            "60-61" : 0.01849, 
            "55-59" : 0.04367, 
            "50-54" : 0.04806, 
            "45-49" : 0.05441, 
            "40-44" : 0.05378, 
            "35-39" : 0.0639, 
            "30-34" : 0.06788, 
            "25-29" : 0.06529, 
            "22-24" : 0.05483, 
            "21" : 0.01765, 
            "20" : 0.01577, 
            "18-19" : 0.01765, 
            "15-17" : 0.04974, 
            "10-14" : 0.07478, 
            "5-9" : 0.10813, 
            "0-4" : 0.10548
        }, 
        "household_types" : {
            "Married" : 0.51499667, 
            "Single Female" : 0.21373028000000002, 
            "Single Male" : 0.06354144, 
            "One-Person" : 0.18373695, 
            "Other Non-Family" : 0.02399467
        }, 
        "marital_status" : {
            "Never Married" : {
                "female" : 0.28620558, 
                "male" : 0.32856855
            }, 
            "Now Married" : {
                "female" : 0.43026366000000005, 
                "male" : 0.5178176
            }, 
            "Separated" : {
                "female" : 0.04852885, 
                "male" : 0.014697
            }, 
            "Absent Spouse" : {
                "female" : 0.03477264, 
                "male" : 0.00986511
            }, 
            "Widowed" : {
                "female" : 0.09915934, 
                "male" : 0.03402456
            }, 
            "Divorced" : {
                "female" : 0.10106992999999999, 
                "male" : 0.09502718
            }
        }, 
        "employment_status" : {
            "Armed Forces" : 0.0, 
            "Employed" : 0.52449945, 
            "Unemployed" : 0.07586276, 
            "Other" : 0.39963779000000005
        }, 
        "industries" : {
            "Oil & Gas, and Mining" : 0.15154422, 
            "Healthcare" : 0.12430462, 
            "Retail" : 0.10281987000000001, 
            "Education" : 0.10013427999999999, 
            "Construction" : 0.09802417000000001, 
            "Other Services" : 0.09418761, 
            "Government" : 0.07327834, 
            "Hospitality" : 0.04239401, 
            "Finance & Insurance" : 0.03625552, 
            "Administrative" : 0.03606369, 
            "Transportation" : 0.03261078, 
            "Real estate" : 0.03145981, 
            "Agriculture" : 0.021868409999999998, 
            "Information" : 0.01803184, 
            "Utilities" : 0.01323614, 
            "Professional" : 0.01170152, 
            "Manufacturing" : 0.0067139800000000005, 
            "Entertainment" : 0.0053711900000000005, 
            "Wholesalers" : 0.0, 
            "Management" : 0.0
        }, 
        "educational_attainment" : {
            "Doctorate" : 0.0, 
            "Professional" : 0.00288582, 
            "Master's" : 0.02685069, 
            "Bachelor's" : 0.053450439999999995, 
            "Associate's" : 0.04303639000000001, 
            "Some College" : 0.15094103, 
            "High School" : 0.22609787, 
            "Some H.S." : 0.18795483000000002, 
            "Less than H.S." : 0.28883312, 
            "None" : 0.01994981
        }
    }
}