{
    "name" : "Billings County", 
	"state" : "North Dakota", 
	"FIPS" : "38007",
    "population" : 936, 
    "demographics" : {
        "race_and_ethnicity" : {
            "White" : 0.9476495699999999, 
            "Hispanic" : 0.03205128, 
            "Black" : 0.00854701, 
            "Asian" : 0.0, 
            "Mixed" : 0.0, 
            "Other" : 0.01175214
        }, 
        "age_and_sex" : {
            "85+" : 0.026709999999999998, 
            "80-84" : 0.02137, 
            "75-79" : 0.04915, 
            "70-74" : 0.03419, 
            "67-69" : 0.02778, 
            "65-66" : 0.01282, 
            "62-64" : 0.05449, 
            "60-61" : 0.03205, 
            "55-59" : 0.09509000000000001, 
            "50-54" : 0.07264999999999999, 
            "45-49" : 0.08761, 
            "40-44" : 0.0235, 
            "35-39" : 0.0641, 
            "30-34" : 0.0812, 
            "25-29" : 0.05128, 
            "22-24" : 0.03846, 
            "21" : 0.01175, 
            "20" : 0.00321, 
            "18-19" : 0.029910000000000003, 
            "15-17" : 0.0203, 
            "10-14" : 0.03312, 
            "5-9" : 0.04808, 
            "0-4" : 0.0812
        }, 
        "household_types" : {
            "Married" : 0.65185185, 
            "Single Female" : 0.03703704, 
            "Single Male" : 0.00493827, 
            "One-Person" : 0.28395062, 
            "Other Non-Family" : 0.02222222
        }, 
        "marital_status" : {
            "Never Married" : {
                "female" : 0.125, 
                "male" : 0.23113208
            }, 
            "Now Married" : {
                "female" : 0.7555555599999999, 
                "male" : 0.5990565999999999
            }, 
            "Separated" : {
                "female" : 0.0, 
                "male" : 0.0
            }, 
            "Absent Spouse" : {
                "female" : 0.013888890000000001, 
                "male" : 0.051886789999999995
            }, 
            "Widowed" : {
                "female" : 0.075, 
                "male" : 0.00471698
            }, 
            "Divorced" : {
                "female" : 0.030555560000000002, 
                "male" : 0.11320755
            }
        }, 
        "employment_status" : {
            "Armed Forces" : 0.0, 
            "Employed" : 0.66623877, 
            "Unemployed" : 0.02053915, 
            "Other" : 0.31322208
        }, 
        "industries" : {
            "Agriculture" : 0.16184971, 
            "Oil & Gas, and Mining" : 0.10019268, 
            "Construction" : 0.09633910999999999, 
            "Other Services" : 0.09248555, 
            "Retail" : 0.08477842000000001, 
            "Wholesalers" : 0.06743737999999999, 
            "Healthcare" : 0.06743737999999999, 
            "Government" : 0.0655106, 
            "Transportation" : 0.05973025, 
            "Hospitality" : 0.0539499, 
            "Manufacturing" : 0.038535650000000005, 
            "Education" : 0.038535650000000005, 
            "Professional" : 0.02504817, 
            "Finance & Insurance" : 0.015414259999999999, 
            "Entertainment" : 0.013487480000000001, 
            "Real estate" : 0.0077071299999999995, 
            "Administrative" : 0.0077071299999999995, 
            "Information" : 0.00385356, 
            "Utilities" : 0.0, 
            "Management" : 0.0
        }, 
        "educational_attainment" : {
            "Doctorate" : 0.021834060000000002, 
            "Professional" : 0.00873362, 
            "Master's" : 0.02911208, 
            "Bachelor's" : 0.18922853, 
            "Associate's" : 0.13682677999999998, 
            "Some College" : 0.18631732, 
            "High School" : 0.32896652000000004, 
            "Some H.S." : 0.05822416, 
            "Less than H.S." : 0.04075691, 
            "None" : 0.0
        }
    }
}