{
    "name" : "Kidder County", 
	"state" : "North Dakota", 
	"FIPS" : "38043",
    "population" : 2419, 
    "demographics" : {
        "race_and_ethnicity" : {
            "White" : 0.94419181, 
            "Hispanic" : 0.05084746, 
            "Black" : 0.0, 
            "Asian" : 0.00206697, 
            "Mixed" : 0.00165358, 
            "Other" : 0.00124018
        }, 
        "age_and_sex" : {
            "85+" : 0.0215, 
            "80-84" : 0.02522, 
            "75-79" : 0.055810000000000005, 
            "70-74" : 0.04589000000000001, 
            "67-69" : 0.03266, 
            "65-66" : 0.027280000000000002, 
            "62-64" : 0.03514, 
            "60-61" : 0.038450000000000005, 
            "55-59" : 0.10666, 
            "50-54" : 0.0616, 
            "45-49" : 0.058289999999999995, 
            "40-44" : 0.06077, 
            "35-39" : 0.04671, 
            "30-34" : 0.057460000000000004, 
            "25-29" : 0.06325, 
            "22-24" : 0.030590000000000003, 
            "21" : 0.00992, 
            "20" : 0.030590000000000003, 
            "18-19" : 0.01695, 
            "15-17" : 0.0215, 
            "10-14" : 0.05333, 
            "5-9" : 0.03803, 
            "0-4" : 0.06242
        }, 
        "household_types" : {
            "Married" : 0.63434903, 
            "Single Female" : 0.02677747, 
            "Single Male" : 0.061865189999999994, 
            "One-Person" : 0.25669437, 
            "Other Non-Family" : 0.020313940000000003
        }, 
        "marital_status" : {
            "Never Married" : {
                "female" : 0.11322751, 
                "male" : 0.23321234000000002
            }, 
            "Now Married" : {
                "female" : 0.7365079400000001, 
                "male" : 0.63883848
            }, 
            "Separated" : {
                "female" : 0.00846561, 
                "male" : 0.00090744
            }, 
            "Absent Spouse" : {
                "female" : 0.0031746, 
                "male" : 0.0399274
            }, 
            "Widowed" : {
                "female" : 0.09100529, 
                "male" : 0.019056260000000002
            }, 
            "Divorced" : {
                "female" : 0.047619049999999996, 
                "male" : 0.06805807999999999
            }
        }, 
        "ancestry" : {
            "German" : 0.60231501, 
            "Norwegian" : 0.20959074, 
            "Unclassified" : 0.10004134, 
            "Irish" : 0.08143861, 
            "Other" : 0.08143861, 
            "Russian" : 0.05084746, 
            "English" : 0.03265812, 
            "Swedish" : 0.03224473, 
            "American" : 0.02480364, 
            "French" : 0.02315006, 
            "Dutch" : 0.01736255, 
            "Czech" : 0.01198842, 
            "Scottish" : 0.011161639999999999, 
            "Bulgarian" : 0.00868127, 
            "Scandinavian" : 0.007854489999999999, 
            "Scotch-Irish" : 0.00744109, 
            "Czechoslovakian" : 0.00620091, 
            "Danish" : 0.00620091, 
            "Icelander" : 0.00620091, 
            "Polish" : 0.00537412, 
            "Mexican" : 1.0, 
            "Filipino" : 1.0
        }, 
        "employment_status" : {
            "Armed Forces" : 0.00098474, 
            "Employed" : 0.66715903, 
            "Unemployed" : 0.0108321, 
            "Other" : 0.32102412999999996
        }, 
        "industries" : {
            "Agriculture" : 0.24428044, 
            "Healthcare" : 0.11143911, 
            "Construction" : 0.09594096, 
            "Education" : 0.09151292, 
            "Retail" : 0.08782287999999999, 
            "Hospitality" : 0.05239852, 
            "Finance & Insurance" : 0.04575646, 
            "Transportation" : 0.0398524, 
            "Information" : 0.03837638, 
            "Other Services" : 0.03394834, 
            "Government" : 0.033210329999999996, 
            "Wholesalers" : 0.03099631, 
            "Manufacturing" : 0.02730627, 
            "Real estate" : 0.025830259999999997, 
            "Oil & Gas, and Mining" : 0.014760150000000001, 
            "Professional" : 0.0103321, 
            "Administrative" : 0.00885609, 
            "Entertainment" : 0.00516605, 
            "Utilities" : 0.0022140199999999997, 
            "Management" : 0.0
        }, 
        "educational_attainment" : {
            "Doctorate" : 0.0016835, 
            "Professional" : 0.00280584, 
            "Master's" : 0.030303029999999998, 
            "Bachelor's" : 0.16217732999999998, 
            "Associate's" : 0.15039282, 
            "Some College" : 0.20482604, 
            "High School" : 0.35746352000000003, 
            "Some H.S." : 0.044893380000000004, 
            "Less than H.S." : 0.045454549999999996, 
            "None" : 0.0
        }
    }
}