{
    "name" : "Logan County", 
	"state" : "North Dakota", 
	"FIPS" : "38047",
    "population" : 1939, 
    "demographics" : {
        "race_and_ethnicity" : {
            "White" : 0.96750903, 
            "Hispanic" : 0.014956160000000001, 
            "Black" : 0.00051573, 
            "Asian" : 0.00257865, 
            "Mixed" : 0.0103146, 
            "Other" : 0.00412584
        }, 
        "age_and_sex" : {
            "85+" : 0.04745, 
            "80-84" : 0.045380000000000004, 
            "75-79" : 0.06601, 
            "70-74" : 0.060860000000000004, 
            "67-69" : 0.04229, 
            "65-66" : 0.024239999999999998, 
            "62-64" : 0.041260000000000005, 
            "60-61" : 0.040229999999999995, 
            "55-59" : 0.08819, 
            "50-54" : 0.09077, 
            "45-49" : 0.04745, 
            "40-44" : 0.044349999999999994, 
            "35-39" : 0.05054, 
            "30-34" : 0.029910000000000003, 
            "25-29" : 0.03198, 
            "22-24" : 0.0263, 
            "21" : 0.00413, 
            "20" : 0.01083, 
            "18-19" : 0.01444, 
            "15-17" : 0.04074, 
            "10-14" : 0.06189, 
            "5-9" : 0.043840000000000004, 
            "0-4" : 0.04693
        }, 
        "household_types" : {
            "Married" : 0.5933940799999999, 
            "Single Female" : 0.023918, 
            "Single Male" : 0.01708428, 
            "One-Person" : 0.31776765, 
            "Other Non-Family" : 0.047835989999999995
        }, 
        "marital_status" : {
            "Never Married" : {
                "female" : 0.12656641999999999, 
                "male" : 0.24378698
            }, 
            "Now Married" : {
                "female" : 0.63283208, 
                "male" : 0.6082840199999999
            }, 
            "Separated" : {
                "female" : 0.0112782, 
                "male" : 0.01065089
            }, 
            "Absent Spouse" : {
                "female" : 0.01754386, 
                "male" : 0.01301775
            }, 
            "Widowed" : {
                "female" : 0.17042607, 
                "male" : 0.048520709999999995
            }, 
            "Divorced" : {
                "female" : 0.04135338, 
                "male" : 0.07573964
            }
        }, 
        "ancestry" : {
            "German" : 0.7158329000000001, 
            "Russian" : 0.20938628, 
            "Unclassified" : 0.09489428, 
            "Norwegian" : 0.08457967999999999, 
            "Other" : 0.044868490000000004, 
            "Swedish" : 0.03919546, 
            "Irish" : 0.02372357, 
            "American" : 0.02320784, 
            "English" : 0.01598762, 
            "French" : 0.012893239999999999, 
            "Polish" : 0.012893239999999999, 
            "Finnish" : 0.0103146, 
            "Subsaharan African" : 0.0103146, 
            "South African" : 0.0103146, 
            "Dutch" : 0.00928314, 
            "Mexican" : 0.7586206900000001, 
            "Other Hispanic" : 0.01135, 
            "Spaniard" : 0.24137930999999999, 
            "Vietnamese" : 1.0
        }, 
        "employment_status" : {
            "Armed Forces" : 0.0, 
            "Employed" : 0.60679012, 
            "Unemployed" : 0.01111111, 
            "Other" : 0.38209877
        }, 
        "industries" : {
            "Agriculture" : 0.23194303000000002, 
            "Healthcare" : 0.15157681, 
            "Construction" : 0.10376398999999999, 
            "Education" : 0.08240081, 
            "Retail" : 0.06307222999999999, 
            "Wholesalers" : 0.05696846, 
            "Transportation" : 0.049847409999999995, 
            "Other Services" : 0.04374364, 
            "Finance & Insurance" : 0.041709050000000004, 
            "Government" : 0.041709050000000004, 
            "Hospitality" : 0.040691759999999993, 
            "Manufacturing" : 0.02644964, 
            "Professional" : 0.02644964, 
            "Entertainment" : 0.01525941, 
            "Utilities" : 0.008138349999999999, 
            "Information" : 0.006103760000000001, 
            "Administrative" : 0.005086469999999999, 
            "Oil & Gas, and Mining" : 0.0030518800000000003, 
            "Real estate" : 0.00203459, 
            "Management" : 0.0
        }, 
        "educational_attainment" : {
            "Doctorate" : 0.00274725, 
            "Professional" : 0.0, 
            "Master's" : 0.01442308, 
            "Bachelor's" : 0.12087911999999999, 
            "Associate's" : 0.09065934, 
            "Some College" : 0.19917582, 
            "High School" : 0.41620879, 
            "Some H.S." : 0.04807692, 
            "Less than H.S." : 0.10576923, 
            "None" : 0.00206044
        }
    }
}