{
    "name" : "Foster County", 
	"state" : "North Dakota", 
	"FIPS" : "38031",
    "population" : 3345, 
    "demographics" : {
        "race_and_ethnicity" : {
            "White" : 0.96292975, 
            "Hispanic" : 0.01165919, 
            "Black" : 0.00059791, 
            "Asian" : 0.00358744, 
            "Mixed" : 0.01106129, 
            "Other" : 0.01016442
        }, 
        "age_and_sex" : {
            "85+" : 0.04185, 
            "80-84" : 0.04425, 
            "75-79" : 0.040060000000000005, 
            "70-74" : 0.03139, 
            "67-69" : 0.04305, 
            "65-66" : 0.021230000000000002, 
            "62-64" : 0.04813, 
            "60-61" : 0.020030000000000003, 
            "55-59" : 0.08132, 
            "50-54" : 0.08191000000000001, 
            "45-49" : 0.0583, 
            "40-44" : 0.0583, 
            "35-39" : 0.047830000000000004, 
            "30-34" : 0.050519999999999995, 
            "25-29" : 0.046340000000000006, 
            "22-24" : 0.03049, 
            "21" : 0.01286, 
            "20" : 0.00149, 
            "18-19" : 0.02661, 
            "15-17" : 0.03827, 
            "10-14" : 0.08281000000000001, 
            "5-9" : 0.03886, 
            "0-4" : 0.05411
        }, 
        "household_types" : {
            "Married" : 0.56133333, 
            "Single Female" : 0.061333330000000005, 
            "Single Male" : 0.05266667, 
            "One-Person" : 0.29533333, 
            "Other Non-Family" : 0.02933333
        }, 
        "marital_status" : {
            "Never Married" : {
                "female" : 0.16848221, 
                "male" : 0.26666667
            }, 
            "Now Married" : {
                "female" : 0.6122004400000001, 
                "male" : 0.60724638
            }, 
            "Separated" : {
                "female" : 0.00944081, 
                "male" : 0.006521740000000001
            }, 
            "Absent Spouse" : {
                "female" : 0.013071900000000001, 
                "male" : 0.006521740000000001
            }, 
            "Widowed" : {
                "female" : 0.12418301, 
                "male" : 0.03623188
            }, 
            "Divorced" : {
                "female" : 0.07262164, 
                "male" : 0.07681159
            }
        }, 
        "ancestry" : {
            "German" : 0.44783259000000003, 
            "Norwegian" : 0.31838564999999996, 
            "Unclassified" : 0.15127055, 
            "Irish" : 0.09297459, 
            "Other" : 0.06248132, 
            "Swedish" : 0.055306430000000004, 
            "American" : 0.05112108, 
            "English" : 0.0367713, 
            "Polish" : 0.03348281, 
            "Dutch" : 0.01973094, 
            "French" : 0.01913303, 
            "Russian" : 0.01733931, 
            "Czech" : 0.011360239999999999, 
            "Danish" : 0.007174890000000001, 
            "Swiss" : 0.007174890000000001, 
            "Scottish" : 0.00508221, 
            "Mexican" : 0.5128205100000001, 
            "Other Hispanic" : 0.00598, 
            "Puerto Rican" : 0.20512820999999998, 
            "Central American" : 0.0023899999999999998, 
            "Panamanian" : 0.17948718, 
            "Filipino" : 0.66666667, 
            "Japanese" : 0.0023899999999999998
        }, 
        "employment_status" : {
            "Armed Forces" : 0.0, 
            "Employed" : 0.64673311, 
            "Unemployed" : 0.0077519400000000006, 
            "Other" : 0.34551495000000004
        }, 
        "industries" : {
            "Manufacturing" : 0.15639269, 
            "Agriculture" : 0.13641553, 
            "Healthcare" : 0.12100457, 
            "Retail" : 0.09360731, 
            "Other Services" : 0.07591324, 
            "Education" : 0.06563927, 
            "Construction" : 0.05936073, 
            "Government" : 0.05422373999999999, 
            "Transportation" : 0.05022831, 
            "Hospitality" : 0.03824201, 
            "Wholesalers" : 0.03481735, 
            "Finance & Insurance" : 0.0336758, 
            "Utilities" : 0.026255709999999998, 
            "Information" : 0.01598174, 
            "Professional" : 0.01369863, 
            "Administrative" : 0.007420090000000001, 
            "Entertainment" : 0.00684932, 
            "Oil & Gas, and Mining" : 0.00513699, 
            "Real estate" : 0.00513699, 
            "Management" : 0.0
        }, 
        "educational_attainment" : {
            "Doctorate" : 0.00502092, 
            "Professional" : 0.00125523, 
            "Master's" : 0.04100418, 
            "Bachelor's" : 0.16903766, 
            "Associate's" : 0.14435146, 
            "Some College" : 0.24100418, 
            "High School" : 0.28577406, 
            "Some H.S." : 0.06694561, 
            "Less than H.S." : 0.04142259, 
            "None" : 0.0041841
        }
    }
}