{
    "name" : "Grant County", 
	"state" : "North Dakota", 
	"FIPS" : "38037",
    "population" : 2369, 
    "demographics" : {
        "race_and_ethnicity" : {
            "White" : 0.96623048, 
            "Hispanic" : 0.00633179, 
            "Black" : 0.00295483, 
            "Asian" : 0.00168848, 
            "Mixed" : 0.00717602, 
            "Other" : 0.0156184
        }, 
        "age_and_sex" : {
            "85+" : 0.03039, 
            "80-84" : 0.054880000000000005, 
            "75-79" : 0.04643, 
            "70-74" : 0.06923, 
            "67-69" : 0.04137, 
            "65-66" : 0.0287, 
            "62-64" : 0.05699, 
            "60-61" : 0.0401, 
            "55-59" : 0.10384, 
            "50-54" : 0.07767, 
            "45-49" : 0.04474, 
            "40-44" : 0.03968, 
            "35-39" : 0.03926, 
            "30-34" : 0.04769999999999999, 
            "25-29" : 0.04559, 
            "22-24" : 0.01351, 
            "21" : 0.008020000000000001, 
            "20" : 0.00464, 
            "18-19" : 0.025750000000000002, 
            "15-17" : 0.03926, 
            "10-14" : 0.04517, 
            "5-9" : 0.04179, 
            "0-4" : 0.0553
        }, 
        "household_types" : {
            "Married" : 0.57220217, 
            "Single Female" : 0.02256318, 
            "Single Male" : 0.01353791, 
            "One-Person" : 0.35018051, 
            "Other Non-Family" : 0.041516250000000005
        }, 
        "marital_status" : {
            "Never Married" : {
                "female" : 0.11871227, 
                "male" : 0.26396917
            }, 
            "Now Married" : {
                "female" : 0.6167002, 
                "male" : 0.61849711
            }, 
            "Separated" : {
                "female" : 0.00301811, 
                "male" : 0.0077071299999999995
            }, 
            "Absent Spouse" : {
                "female" : 0.01509054, 
                "male" : 0.01830443
            }, 
            "Widowed" : {
                "female" : 0.17303823000000002, 
                "male" : 0.0327553
            }, 
            "Divorced" : {
                "female" : 0.07344064, 
                "male" : 0.058766860000000004
            }
        }, 
        "ancestry" : {
            "German" : 0.63951034, 
            "Unclassified" : 0.1397214, 
            "Norwegian" : 0.12747995, 
            "Russian" : 0.07260447, 
            "Irish" : 0.06458421, 
            "Other" : 0.05149852, 
            "American" : 0.037990710000000004, 
            "Swedish" : 0.02912621, 
            "English" : 0.024060790000000002, 
            "Dutch" : 0.01477417, 
            "German Russian" : 0.012241450000000001, 
            "French" : 0.01181933, 
            "Polish" : 0.01097509, 
            "Finnish" : 0.00970874, 
            "Czech" : 0.008442380000000001, 
            "Scottish" : 0.00802026, 
            "Hungarian" : 0.00717602, 
            "Portuguese" : 0.00717602, 
            "Scandinavian" : 0.00717602, 
            "Pennsylvania German" : 0.0067539, 
            "Mexican" : 0.93333333, 
            "Cuban" : 0.0059099999999999995, 
            "Korean" : 1.0
        }, 
        "employment_status" : {
            "Armed Forces" : 0.0, 
            "Employed" : 0.59621137, 
            "Unemployed" : 0.01645065, 
            "Other" : 0.38733798999999997
        }, 
        "industries" : {
            "Agriculture" : 0.30100334, 
            "Healthcare" : 0.17307692, 
            "Education" : 0.08110368, 
            "Retail" : 0.07190635000000001, 
            "Transportation" : 0.05100334, 
            "Manufacturing" : 0.04765886, 
            "Other Services" : 0.04598662, 
            "Construction" : 0.043478260000000005, 
            "Government" : 0.041806020000000006, 
            "Wholesalers" : 0.03762542, 
            "Finance & Insurance" : 0.030100329999999998, 
            "Hospitality" : 0.02591973, 
            "Oil & Gas, and Mining" : 0.01086957, 
            "Administrative" : 0.00919732, 
            "Utilities" : 0.0083612, 
            "Real estate" : 0.0083612, 
            "Professional" : 0.00752508, 
            "Information" : 0.00250836, 
            "Entertainment" : 0.00250836, 
            "Management" : 0.0
        }, 
        "educational_attainment" : {
            "Doctorate" : 0.0027533, 
            "Professional" : 0.01156388, 
            "Master's" : 0.02973568, 
            "Bachelor's" : 0.13656388, 
            "Associate's" : 0.11343612, 
            "Some College" : 0.22136564, 
            "High School" : 0.37114537, 
            "Some H.S." : 0.05561674, 
            "Less than H.S." : 0.055066079999999996, 
            "None" : 0.0027533
        }
    }
}