{
    "name" : "Mckenzie County", 
	"state" : "North Dakota", 
	"FIPS" : "38053",
    "population" : 10718, 
    "demographics" : {
        "race_and_ethnicity" : {
            "White" : 0.77663743, 
            "Hispanic" : 0.06185856, 
            "Black" : 0.009796599999999999, 
            "Asian" : 0.00279903, 
            "Mixed" : 0.01940661, 
            "Other" : 0.12950177
        }, 
        "age_and_sex" : {
            "85+" : 0.00793, 
            "80-84" : 0.0111, 
            "75-79" : 0.015489999999999999, 
            "70-74" : 0.01633, 
            "67-69" : 0.018009999999999998, 
            "65-66" : 0.018189999999999998, 
            "62-64" : 0.03116, 
            "60-61" : 0.022109999999999998, 
            "55-59" : 0.0655, 
            "50-54" : 0.0654, 
            "45-49" : 0.06186, 
            "40-44" : 0.05869, 
            "35-39" : 0.0557, 
            "30-34" : 0.07184, 
            "25-29" : 0.08574, 
            "22-24" : 0.05309, 
            "21" : 0.01698, 
            "20" : 0.00914, 
            "18-19" : 0.02081, 
            "15-17" : 0.044039999999999996, 
            "10-14" : 0.07679, 
            "5-9" : 0.07725, 
            "0-4" : 0.09685
        }, 
        "household_types" : {
            "Married" : 0.48410285000000003, 
            "Single Female" : 0.0865358, 
            "Single Male" : 0.05446503, 
            "One-Person" : 0.27702516, 
            "Other Non-Family" : 0.09787116
        }, 
        "marital_status" : {
            "Never Married" : {
                "female" : 0.28783784, 
                "male" : 0.37606838000000004
            }, 
            "Now Married" : {
                "female" : 0.50243243, 
                "male" : 0.39847540000000004
            }, 
            "Separated" : {
                "female" : 0.0127027, 
                "male" : 0.010626009999999998
            }, 
            "Absent Spouse" : {
                "female" : 0.02621622, 
                "male" : 0.06098406
            }, 
            "Widowed" : {
                "female" : 0.07864865, 
                "male" : 0.02725803
            }, 
            "Divorced" : {
                "female" : 0.09216215999999999, 
                "male" : 0.12658813
            }
        }, 
        "ancestry" : {
            "German" : 0.29016608, 
            "Other" : 0.23847733000000002, 
            "Norwegian" : 0.23026684, 
            "Unclassified" : 0.16448964, 
            "Irish" : 0.08257138, 
            "English" : 0.06129875, 
            "Swedish" : 0.04860982, 
            "French" : 0.03181564, 
            "Romanian" : 0.026030980000000002, 
            "American" : 0.022765439999999998, 
            "Polish" : 0.01987311, 
            "Russian" : 0.01492816, 
            "French Canadian" : 0.01278224, 
            "Italian" : 0.01222243, 
            "Scottish" : 0.011849229999999999, 
            "Danish" : 0.00783728, 
            "Dutch" : 0.007277479999999999, 
            "Scandinavian" : 0.006624370000000001, 
            "British" : 0.006157869999999999, 
            "Czech" : 0.00559806, 
            "Mexican" : 0.7933635, 
            "Other Hispanic" : 0.049080000000000006, 
            "Spanish" : 0.19909502, 
            "Puerto Rican" : 0.01232, 
            "Filipino" : 1.0
        }, 
        "employment_status" : {
            "Armed Forces" : 0.0, 
            "Employed" : 0.68286185, 
            "Unemployed" : 0.02600533, 
            "Other" : 0.29113282
        }, 
        "industries" : {
            "Oil & Gas, and Mining" : 0.14954486, 
            "Retail" : 0.11146201, 
            "Construction" : 0.08768345, 
            "Healthcare" : 0.08712614, 
            "Transportation" : 0.08694037, 
            "Education" : 0.07783764, 
            "Agriculture" : 0.06780606, 
            "Hospitality" : 0.05238714, 
            "Government" : 0.05145829, 
            "Other Services" : 0.05052944, 
            "Finance & Insurance" : 0.0334386, 
            "Manufacturing" : 0.029723199999999998, 
            "Administrative" : 0.02563626, 
            "Professional" : 0.02396433, 
            "Wholesalers" : 0.020806239999999997, 
            "Entertainment" : 0.01467583, 
            "Utilities" : 0.01188928, 
            "Information" : 0.00835965, 
            "Real estate" : 0.00835965, 
            "Management" : 0.00037154
        }, 
        "educational_attainment" : {
            "Doctorate" : 0.0055512700000000005, 
            "Professional" : 0.01017733, 
            "Master's" : 0.047340020000000003, 
            "Bachelor's" : 0.18272938, 
            "Associate's" : 0.13215111999999998, 
            "Some College" : 0.23454125, 
            "High School" : 0.31117965000000003, 
            "Some H.S." : 0.04965305, 
            "Less than H.S." : 0.02621434, 
            "None" : 0.00046260999999999996
        }
    }
}