{
    "name" : "Ransom County", 
	"state" : "North Dakota", 
	"FIPS" : "38073",
    "population" : 5457, 
    "demographics" : {
        "race_and_ethnicity" : {
            "White" : 0.95418728, 
            "Hispanic" : 0.01704233, 
            "Black" : 0.00458127, 
            "Asian" : 0.0038482699999999996, 
            "Mixed" : 0.01795859, 
            "Other" : 0.0023822599999999998
        }, 
        "age_and_sex" : {
            "85+" : 0.051859999999999996, 
            "80-84" : 0.03445, 
            "75-79" : 0.03042, 
            "70-74" : 0.027120000000000002, 
            "67-69" : 0.02895, 
            "65-66" : 0.03628, 
            "62-64" : 0.0405, 
            "60-61" : 0.033530000000000004, 
            "55-59" : 0.07586999999999999, 
            "50-54" : 0.07275000000000001, 
            "45-49" : 0.06689, 
            "40-44" : 0.06267, 
            "35-39" : 0.052590000000000005, 
            "30-34" : 0.051859999999999996, 
            "25-29" : 0.04013, 
            "22-24" : 0.032799999999999996, 
            "21" : 0.00312, 
            "20" : 0.0077, 
            "18-19" : 0.02474, 
            "15-17" : 0.046, 
            "10-14" : 0.060289999999999996, 
            "5-9" : 0.06689, 
            "0-4" : 0.052590000000000005
        }, 
        "household_types" : {
            "Married" : 0.52382979, 
            "Single Female" : 0.04510638, 
            "Single Male" : 0.04255319, 
            "One-Person" : 0.33361702, 
            "Other Non-Family" : 0.05489362
        }, 
        "marital_status" : {
            "Never Married" : {
                "female" : 0.17984635999999998, 
                "male" : 0.30269554
            }, 
            "Now Married" : {
                "female" : 0.5612290999999999, 
                "male" : 0.53954927
            }, 
            "Separated" : {
                "female" : 0.0036149999999999997, 
                "male" : 0.014582409999999999
            }, 
            "Absent Spouse" : {
                "female" : 0.015363759999999999, 
                "male" : 0.02121078
            }, 
            "Widowed" : {
                "female" : 0.13962946, 
                "male" : 0.03225806
            }, 
            "Divorced" : {
                "female" : 0.10031631, 
                "male" : 0.08970393
            }
        }, 
        "ancestry" : {
            "German" : 0.46820596999999997, 
            "Norwegian" : 0.36540224000000004, 
            "Unclassified" : 0.11508155, 
            "Irish" : 0.07293385, 
            "Other" : 0.07146784, 
            "Swedish" : 0.05607477, 
            "English" : 0.04434671, 
            "French" : 0.02492212, 
            "Russian" : 0.01630933, 
            "Dutch" : 0.01612608, 
            "American" : 0.01484332, 
            "Scandinavian" : 0.01301081, 
            "Scottish" : 0.01264431, 
            "Danish" : 0.01227781, 
            "Italian" : 0.00989555, 
            "Czech" : 0.0097123, 
            "French Canadian" : 0.00934579, 
            "Finnish" : 0.00916254, 
            "Polish" : 0.007513290000000001, 
            "Scotch-Irish" : 0.00659703, 
            "Mexican" : 0.91397849, 
            "Other Hispanic" : 0.01558, 
            "Korean" : 0.42857143000000003, 
            "Thai" : 0.00165, 
            "Filipino" : 0.33333333000000004
        }, 
        "employment_status" : {
            "Armed Forces" : 0.0, 
            "Employed" : 0.64253394, 
            "Unemployed" : 0.01538462, 
            "Other" : 0.34208145
        }, 
        "industries" : {
            "Manufacturing" : 0.21901408, 
            "Healthcare" : 0.17711268, 
            "Agriculture" : 0.14577465, 
            "Retail" : 0.09330986, 
            "Transportation" : 0.06514085, 
            "Education" : 0.06373239, 
            "Hospitality" : 0.061619719999999996, 
            "Construction" : 0.05246479, 
            "Wholesalers" : 0.02288732, 
            "Finance & Insurance" : 0.02253521, 
            "Other Services" : 0.02253521, 
            "Government" : 0.01549296, 
            "Administrative" : 0.01161972, 
            "Professional" : 0.00704225, 
            "Information" : 0.0059859200000000005, 
            "Utilities" : 0.00528169, 
            "Entertainment" : 0.00492958, 
            "Oil & Gas, and Mining" : 0.00176056, 
            "Real estate" : 0.00176056, 
            "Management" : 0.0
        }, 
        "educational_attainment" : {
            "Doctorate" : 0.00674974, 
            "Professional" : 0.006490129999999999, 
            "Master's" : 0.01635514, 
            "Bachelor's" : 0.14252336, 
            "Associate's" : 0.1251298, 
            "Some College" : 0.23650052, 
            "High School" : 0.36578401, 
            "Some H.S." : 0.05295950000000001, 
            "Less than H.S." : 0.04179647, 
            "None" : 0.00571132
        }
    }
}