{
    "name" : "Andrew County", 
	"state" : "Missouri", 
	"FIPS" : "29003",
    "population" : 17347, 
    "demographics" : {
        "race_and_ethnicity" : {
            "White" : 0.95076959, 
            "Hispanic" : 0.0156223, 
            "Black" : 0.01504583, 
            "Asian" : 0.00438116, 
            "Mixed" : 0.00962702, 
            "Other" : 0.0045541
        }, 
        "age_and_sex" : {
            "85+" : 0.017929999999999998, 
            "80-84" : 0.02421, 
            "75-79" : 0.03251, 
            "70-74" : 0.04295, 
            "67-69" : 0.03263, 
            "65-66" : 0.02335, 
            "62-64" : 0.04491, 
            "60-61" : 0.0207, 
            "55-59" : 0.07926, 
            "50-54" : 0.07408000000000001, 
            "45-49" : 0.06554, 
            "40-44" : 0.06629, 
            "35-39" : 0.059660000000000005, 
            "30-34" : 0.05799000000000001, 
            "25-29" : 0.050039999999999994, 
            "22-24" : 0.03609, 
            "21" : 0.0064600000000000005, 
            "20" : 0.01424, 
            "18-19" : 0.02104, 
            "15-17" : 0.042660000000000003, 
            "10-14" : 0.08797, 
            "5-9" : 0.045250000000000005, 
            "0-4" : 0.05425
        }, 
        "household_types" : {
            "Married" : 0.60860026, 
            "Single Female" : 0.06157671, 
            "Single Male" : 0.05894398, 
            "One-Person" : 0.216908, 
            "Other Non-Family" : 0.05397104
        }, 
        "marital_status" : {
            "Never Married" : {
                "female" : 0.18652778, 
                "male" : 0.23538796
            }, 
            "Now Married" : {
                "female" : 0.59263889, 
                "male" : 0.60130529
            }, 
            "Separated" : {
                "female" : 0.00708333, 
                "male" : 0.01769398
            }, 
            "Absent Spouse" : {
                "female" : 0.00736111, 
                "male" : 0.01044235
            }, 
            "Widowed" : {
                "female" : 0.08569444000000001, 
                "male" : 0.03060189
            }, 
            "Divorced" : {
                "female" : 0.12069444000000001, 
                "male" : 0.10456853
            }
        }, 
        "ancestry" : {
            "German" : 0.23197095, 
            "Unclassified" : 0.22966507, 
            "American" : 0.18740993, 
            "Other" : 0.15599239, 
            "Irish" : 0.14227244, 
            "English" : 0.09384907999999999, 
            "French" : 0.02692108, 
            "Swiss" : 0.02248227, 
            "Polish" : 0.016487, 
            "Swedish" : 0.014872890000000001, 
            "Dutch" : 0.01395054, 
            "Scotch-Irish" : 0.01268231, 
            "European" : 0.010952900000000002, 
            "Norwegian" : 0.01026114, 
            "Scottish" : 0.00974232, 
            "Italian" : 0.00928114, 
            "Mexican" : 0.66233766, 
            "Dominican" : 0.0147, 
            "Cuban" : 0.20779221, 
            "Puerto Rican" : 0.00461, 
            "Central American" : 0.07532467999999999, 
            "Costa Rican" : 0.00167, 
            "Guatemalan" : 0.038961039999999995, 
            "Chinese" : 0.59210526, 
            "Korean" : 0.0025900000000000003, 
            "Not Specified" : 0.28947368, 
            "Laotian" : 0.00127
        }, 
        "employment_status" : {
            "Armed Forces" : 0.00114959, 
            "Employed" : 0.61179767, 
            "Unemployed" : 0.02816497, 
            "Other" : 0.35888777
        }, 
        "industries" : {
            "Healthcare" : 0.16406342, 
            "Manufacturing" : 0.15642983, 
            "Retail" : 0.10240752, 
            "Education" : 0.10041104000000001, 
            "Construction" : 0.08514386, 
            "Government" : 0.06130358, 
            "Transportation" : 0.048385199999999996, 
            "Other Services" : 0.04415737, 
            "Administrative" : 0.03875514, 
            "Hospitality" : 0.03852026, 
            "Finance & Insurance" : 0.03581914, 
            "Wholesalers" : 0.03276571, 
            "Agriculture" : 0.027715800000000002, 
            "Professional" : 0.01620669, 
            "Entertainment" : 0.01526718, 
            "Information" : 0.013740460000000001, 
            "Utilities" : 0.01291838, 
            "Real estate" : 0.00563711, 
            "Oil & Gas, and Mining" : 0.00035232, 
            "Management" : 0.0
        }, 
        "educational_attainment" : {
            "Doctorate" : 0.00333195, 
            "Professional" : 0.00849646, 
            "Master's" : 0.07263639999999999, 
            "Bachelor's" : 0.15535194, 
            "Associate's" : 0.0603915, 
            "Some College" : 0.22182424, 
            "High School" : 0.38400666, 
            "Some H.S." : 0.06122448999999999, 
            "Less than H.S." : 0.029071220000000002, 
            "None" : 0.00366514
        }
    }
}