{
    "name" : "Barry County", 
	"state" : "Missouri", 
	"FIPS" : "29009",
    "population" : 35716, 
    "demographics" : {
        "race_and_ethnicity" : {
            "White" : 0.8698622500000001, 
            "Hispanic" : 0.08609586999999999, 
            "Black" : 0.00181991, 
            "Asian" : 0.01514727, 
            "Mixed" : 0.02245492, 
            "Other" : 0.00461978
        }, 
        "age_and_sex" : {
            "85+" : 0.0222, 
            "80-84" : 0.025840000000000002, 
            "75-79" : 0.034159999999999996, 
            "70-74" : 0.05149, 
            "67-69" : 0.0362, 
            "65-66" : 0.02724, 
            "62-64" : 0.03911, 
            "60-61" : 0.0385, 
            "55-59" : 0.06801, 
            "50-54" : 0.07214999999999999, 
            "45-49" : 0.06507, 
            "40-44" : 0.054400000000000004, 
            "35-39" : 0.05351, 
            "30-34" : 0.05132, 
            "25-29" : 0.05202, 
            "22-24" : 0.02738, 
            "21" : 0.01039, 
            "20" : 0.013640000000000001, 
            "18-19" : 0.02831, 
            "15-17" : 0.042640000000000004, 
            "10-14" : 0.062270000000000006, 
            "5-9" : 0.0658, 
            "0-4" : 0.05835
        }, 
        "household_types" : {
            "Married" : 0.56914251, 
            "Single Female" : 0.09110809, 
            "Single Male" : 0.04544082000000001, 
            "One-Person" : 0.24698067999999998, 
            "Other Non-Family" : 0.0473279
        }, 
        "marital_status" : {
            "Never Married" : {
                "female" : 0.20240535999999998, 
                "male" : 0.2526345
            }, 
            "Now Married" : {
                "female" : 0.51168512, 
                "male" : 0.56184138
            }, 
            "Separated" : {
                "female" : 0.02357524, 
                "male" : 0.01809484
            }, 
            "Absent Spouse" : {
                "female" : 0.02562526, 
                "male" : 0.014212419999999998
            }, 
            "Widowed" : {
                "female" : 0.11849118, 
                "male" : 0.04229063
            }, 
            "Divorced" : {
                "female" : 0.11821785, 
                "male" : 0.11092623
            }
        }, 
        "ancestry" : {
            "Unclassified" : 0.31840071999999997, 
            "Other" : 0.26551126, 
            "German" : 0.19601859000000002, 
            "Irish" : 0.12618994, 
            "American" : 0.08785978, 
            "English" : 0.07167656, 
            "French" : 0.027830659999999997, 
            "Dutch" : 0.020523009999999998, 
            "Polish" : 0.01833912, 
            "Scottish" : 0.01786314, 
            "Italian" : 0.0166592, 
            "Scotch-Irish" : 0.01198342, 
            "European" : 0.010387500000000001, 
            "Swedish" : 0.007783630000000001, 
            "Czech" : 0.00548774, 
            "Norwegian" : 0.00506776, 
            "Mexican" : 0.8388564, 
            "Central American" : 0.07229000000000001, 
            "Guatemalan" : 0.12962963, 
            "Honduran" : 0.01117, 
            "Other Hispanic" : 0.07407407, 
            "Spanish" : 0.00638, 
            "Hmong" : 0.5175600699999999, 
            "Chinese" : 0.00784, 
            "Mixed" : 0.30314233, 
            "Indian" : 0.00459, 
            "Filipino" : 0.06469501, 
            "Not Specified" : 0.00098
        }, 
        "employment_status" : {
            "Armed Forces" : 0.0, 
            "Employed" : 0.49574112, 
            "Unemployed" : 0.05951965000000001, 
            "Other" : 0.44473923
        }, 
        "industries" : {
            "Manufacturing" : 0.22758961, 
            "Retail" : 0.12731498, 
            "Education" : 0.09126118, 
            "Healthcare" : 0.08696571, 
            "Construction" : 0.08379692, 
            "Agriculture" : 0.06464333, 
            "Hospitality" : 0.0564749, 
            "Other Services" : 0.03943384, 
            "Wholesalers" : 0.03795507, 
            "Government" : 0.03351877, 
            "Transportation" : 0.03330751, 
            "Administrative" : 0.02598409, 
            "Real estate" : 0.020843600000000004, 
            "Finance & Insurance" : 0.01894233, 
            "Professional" : 0.0168298, 
            "Entertainment" : 0.01654813, 
            "Information" : 0.01253433, 
            "Utilities" : 0.0045067200000000005, 
            "Oil & Gas, and Mining" : 0.00077459, 
            "Management" : 0.00077459
        }, 
        "educational_attainment" : {
            "Doctorate" : 0.00198477, 
            "Professional" : 0.00554925, 
            "Master's" : 0.03507777, 
            "Bachelor's" : 0.08550713, 
            "Associate's" : 0.06622651, 
            "Some College" : 0.20402625, 
            "High School" : 0.42206740000000004, 
            "Some H.S." : 0.10762314, 
            "Less than H.S." : 0.05861147, 
            "None" : 0.01332631
        }
    }
}