{
    "name" : "Dent County", 
	"state" : "Missouri", 
	"FIPS" : "29065",
    "population" : 15578, 
    "demographics" : {
        "race_and_ethnicity" : {
            "White" : 0.9500577699999999, 
            "Hispanic" : 0.015085379999999999, 
            "Black" : 0.0055848, 
            "Asian" : 0.00410836, 
            "Mixed" : 0.01790987, 
            "Other" : 0.007253819999999999
        }, 
        "age_and_sex" : {
            "85+" : 0.03152, 
            "80-84" : 0.023170000000000003, 
            "75-79" : 0.03428, 
            "70-74" : 0.0398, 
            "67-69" : 0.04185, 
            "65-66" : 0.03023, 
            "62-64" : 0.04628, 
            "60-61" : 0.02767, 
            "55-59" : 0.07214999999999999, 
            "50-54" : 0.07639, 
            "45-49" : 0.06251999999999999, 
            "40-44" : 0.053470000000000004, 
            "35-39" : 0.05392, 
            "30-34" : 0.051680000000000004, 
            "25-29" : 0.05566, 
            "22-24" : 0.0242, 
            "21" : 0.01194, 
            "20" : 0.011359999999999999, 
            "18-19" : 0.02131, 
            "15-17" : 0.0407, 
            "10-14" : 0.06862, 
            "5-9" : 0.061950000000000005, 
            "0-4" : 0.05931
        }, 
        "household_types" : {
            "Married" : 0.5235184199999999, 
            "Single Female" : 0.08609272000000001, 
            "Single Male" : 0.052131090000000005, 
            "One-Person" : 0.28510783, 
            "Other Non-Family" : 0.05314994000000001
        }, 
        "marital_status" : {
            "Never Married" : {
                "female" : 0.19471379, 
                "male" : 0.28284613000000003
            }, 
            "Now Married" : {
                "female" : 0.4906162, 
                "male" : 0.49919692
            }, 
            "Separated" : {
                "female" : 0.02345949, 
                "male" : 0.02409252
            }, 
            "Absent Spouse" : {
                "female" : 0.025492650000000002, 
                "male" : 0.016061680000000002
            }, 
            "Widowed" : {
                "female" : 0.11510791, 
                "male" : 0.03710247
            }, 
            "Divorced" : {
                "female" : 0.15060995, 
                "male" : 0.14070029
            }
        }, 
        "ancestry" : {
            "Unclassified" : 0.27153678, 
            "German" : 0.24361279, 
            "Other" : 0.20034664, 
            "Irish" : 0.15618179, 
            "English" : 0.11233791, 
            "American" : 0.10912826, 
            "French" : 0.039863909999999995, 
            "Italian" : 0.02683271, 
            "Swedish" : 0.02304532, 
            "Dutch" : 0.01816665, 
            "Scottish" : 0.01701117, 
            "Scotch-Irish" : 0.01534215, 
            "Polish" : 0.013223780000000001, 
            "Welsh" : 0.00795994, 
            "Norwegian" : 0.0056489900000000004, 
            "Other Hispanic" : 0.50638298, 
            "Mexican" : 0.00764, 
            "South American" : 0.32765957, 
            "Ecuadorian" : 0.00494, 
            "Spaniard" : 0.12340426, 
            "Central American" : 0.0018599999999999999, 
            "Guatemalan" : 0.12340426, 
            "Filipino" : 0.734375, 
            "Indian" : 0.00302, 
            "Vietnamese" : 0.21875
        }, 
        "employment_status" : {
            "Armed Forces" : 0.00032183000000000005, 
            "Employed" : 0.47968460999999996, 
            "Unemployed" : 0.04240084, 
            "Other" : 0.47759273
        }, 
        "industries" : {
            "Healthcare" : 0.22542770999999998, 
            "Retail" : 0.16269708000000002, 
            "Manufacturing" : 0.11019792, 
            "Construction" : 0.07396847000000001, 
            "Education" : 0.06977524, 
            "Hospitality" : 0.06809795, 
            "Other Services" : 0.05535055, 
            "Government" : 0.052499159999999996, 
            "Agriculture" : 0.03757128, 
            "Administrative" : 0.02733982, 
            "Oil & Gas, and Mining" : 0.019959750000000002, 
            "Professional" : 0.01744381, 
            "Transportation" : 0.01727608, 
            "Wholesalers" : 0.01459242, 
            "Information" : 0.0139215, 
            "Real estate" : 0.012747399999999999, 
            "Finance & Insurance" : 0.00922509, 
            "Entertainment" : 0.008889629999999999, 
            "Utilities" : 0.00201275, 
            "Management" : 0.0010063700000000001
        }, 
        "educational_attainment" : {
            "Doctorate" : 0.00192413, 
            "Professional" : 0.00439802, 
            "Master's" : 0.03949056, 
            "Bachelor's" : 0.07989738, 
            "Associate's" : 0.07165109, 
            "Some College" : 0.19726956, 
            "High School" : 0.394814, 
            "Some H.S." : 0.11068353, 
            "Less than H.S." : 0.08099688000000001, 
            "None" : 0.01887484
        }
    }
}