{
    "name" : "Dekalb County", 
	"state" : "Missouri", 
	"FIPS" : "29063",
    "population" : 12706, 
    "demographics" : {
        "race_and_ethnicity" : {
            "White" : 0.81410357, 
            "Hispanic" : 0.03864316, 
            "Black" : 0.10215645999999999, 
            "Asian" : 0.00330552, 
            "Mixed" : 0.03108768, 
            "Other" : 0.0107036
        }, 
        "age_and_sex" : {
            "85+" : 0.029830000000000002, 
            "80-84" : 0.01692, 
            "75-79" : 0.02857, 
            "70-74" : 0.04163, 
            "67-69" : 0.01794, 
            "65-66" : 0.0218, 
            "62-64" : 0.03109, 
            "60-61" : 0.02212, 
            "55-59" : 0.06784, 
            "50-54" : 0.08146, 
            "45-49" : 0.07319, 
            "40-44" : 0.07713, 
            "35-39" : 0.07586999999999999, 
            "30-34" : 0.07949, 
            "25-29" : 0.08099, 
            "22-24" : 0.04407, 
            "21" : 0.00819, 
            "20" : 0.01464, 
            "18-19" : 0.017390000000000003, 
            "15-17" : 0.03117, 
            "10-14" : 0.06099, 
            "5-9" : 0.03471, 
            "0-4" : 0.042969999999999994
        }, 
        "household_types" : {
            "Married" : 0.5506094300000001, 
            "Single Female" : 0.06571277, 
            "Single Male" : 0.04372019, 
            "One-Person" : 0.29703233, 
            "Other Non-Family" : 0.042925279999999996
        }, 
        "marital_status" : {
            "Never Married" : {
                "female" : 0.18259518, 
                "male" : 0.39686573
            }, 
            "Now Married" : {
                "female" : 0.53587154, 
                "male" : 0.30792037
            }, 
            "Separated" : {
                "female" : 0.02175602, 
                "male" : 0.020895100000000003
            }, 
            "Absent Spouse" : {
                "female" : 0.015281020000000001, 
                "male" : 0.07496823
            }, 
            "Widowed" : {
                "female" : 0.12328412, 
                "male" : 0.02230693
            }, 
            "Divorced" : {
                "female" : 0.12121211999999999, 
                "male" : 0.17704363
            }
        }, 
        "ancestry" : {
            "Other" : 0.24193294999999998, 
            "Unclassified" : 0.23398394, 
            "German" : 0.203762, 
            "American" : 0.15386432, 
            "Irish" : 0.11797576, 
            "English" : 0.06973084, 
            "Scottish" : 0.03352747, 
            "Italian" : 0.02156462, 
            "French" : 0.01896742, 
            "European" : 0.016763729999999998, 
            "Dutch" : 0.01660633, 
            "Czech" : 0.01369432, 
            "Polish" : 0.01149063, 
            "Subsaharan African" : 0.010861009999999999, 
            "African" : 0.01007398, 
            "Scotch-Irish" : 0.00865733, 
            "Swedish" : 0.00779159, 
            "Mexican" : 0.7107943, 
            "Other Hispanic" : 0.027469999999999998, 
            "Spanish" : 0.14256619, 
            "Dominican" : 0.00551, 
            "Central American" : 0.11405295, 
            "Salvadoran" : 0.00441, 
            "Cuban" : 0.03665988, 
            "Puerto Rican" : 0.0014199999999999998, 
            "Spaniard" : 0.03665988, 
            "South American" : 0.0014199999999999998, 
            "Peruvian" : 0.03665988, 
            "Filipino" : 0.6904761899999999, 
            "Not Specified" : 0.00228, 
            "Hmong" : 0.11904761999999999, 
            "Vietnamese" : 0.00039
        }, 
        "employment_status" : {
            "Armed Forces" : 0.00045994, 
            "Employed" : 0.38432527, 
            "Unemployed" : 0.02235305, 
            "Other" : 0.59286174
        }, 
        "industries" : {
            "Healthcare" : 0.16515079, 
            "Manufacturing" : 0.14696027, 
            "Retail" : 0.10746769, 
            "Education" : 0.08736237, 
            "Government" : 0.07946386, 
            "Finance & Insurance" : 0.06151269, 
            "Agriculture" : 0.051460030000000004, 
            "Other Services" : 0.05074198, 
            "Construction" : 0.04906654, 
            "Wholesalers" : 0.04667305, 
            "Transportation" : 0.03829584, 
            "Hospitality" : 0.03685974, 
            "Professional" : 0.02824318, 
            "Administrative" : 0.021302059999999998, 
            "Utilities" : 0.009813309999999999, 
            "Information" : 0.009095259999999999, 
            "Real estate" : 0.00646242, 
            "Entertainment" : 0.00239349, 
            "Oil & Gas, and Mining" : 0.00167544, 
            "Management" : 0.0
        }, 
        "educational_attainment" : {
            "Doctorate" : 0.00200485, 
            "Professional" : 0.00263797, 
            "Master's" : 0.02912314, 
            "Bachelor's" : 0.10203651000000001, 
            "Associate's" : 0.05581935, 
            "Some College" : 0.1920439, 
            "High School" : 0.47578348, 
            "Some H.S." : 0.10562414, 
            "Less than H.S." : 0.03165559, 
            "None" : 0.00327108
        }
    }
}