{
    "name" : "Jefferson County", 
	"state" : "Missouri", 
	"FIPS" : "29099",
    "population" : 222453, 
    "demographics" : {
        "race_and_ethnicity" : {
            "White" : 0.94779122, 
            "Hispanic" : 0.01756326, 
            "Black" : 0.00984478, 
            "Asian" : 0.007403809999999999, 
            "Mixed" : 0.01329719, 
            "Other" : 0.00409974
        }, 
        "age_and_sex" : {
            "85+" : 0.01167, 
            "80-84" : 0.015449999999999998, 
            "75-79" : 0.02251, 
            "70-74" : 0.03574, 
            "67-69" : 0.02624, 
            "65-66" : 0.021330000000000002, 
            "62-64" : 0.03351, 
            "60-61" : 0.02701, 
            "55-59" : 0.07506, 
            "50-54" : 0.08102999999999999, 
            "45-49" : 0.0707, 
            "40-44" : 0.0646, 
            "35-39" : 0.06659, 
            "30-34" : 0.06649, 
            "25-29" : 0.061790000000000005, 
            "22-24" : 0.033479999999999996, 
            "21" : 0.0128, 
            "20" : 0.01261, 
            "18-19" : 0.02096, 
            "15-17" : 0.04153, 
            "10-14" : 0.06453, 
            "5-9" : 0.07236, 
            "0-4" : 0.06202
        }, 
        "household_types" : {
            "Married" : 0.56723526, 
            "Single Female" : 0.1126622, 
            "Single Male" : 0.05859698, 
            "One-Person" : 0.20823006, 
            "Other Non-Family" : 0.053275499999999996
        }, 
        "marital_status" : {
            "Never Married" : {
                "female" : 0.22466512000000002, 
                "male" : 0.28487869
            }, 
            "Now Married" : {
                "female" : 0.5219417700000001, 
                "male" : 0.54390277
            }, 
            "Separated" : {
                "female" : 0.020602239999999997, 
                "male" : 0.0181392
            }, 
            "Absent Spouse" : {
                "female" : 0.01755784, 
                "male" : 0.02017616
            }, 
            "Widowed" : {
                "female" : 0.09065648, 
                "male" : 0.02437526
            }, 
            "Divorced" : {
                "female" : 0.12457655000000001, 
                "male" : 0.10852793
            }
        }, 
        "ancestry" : {
            "German" : 0.34544376, 
            "Unclassified" : 0.21927778, 
            "Irish" : 0.168993, 
            "Other" : 0.16027206, 
            "American" : 0.09120129, 
            "English" : 0.07852445000000001, 
            "French" : 0.06386068, 
            "Italian" : 0.053602330000000004, 
            "Polish" : 0.02102017, 
            "Scottish" : 0.01674061, 
            "Dutch" : 0.0156932, 
            "Scotch-Irish" : 0.010101009999999999, 
            "European" : 0.0100156, 
            "Czech" : 0.00901314, 
            "Swedish" : 0.00737684, 
            "Mexican" : 0.63454729, 
            "South American" : 0.011279999999999998, 
            "Other Hispanic" : 0.11052099, 
            "Ecuadorian" : 0.00196, 
            "Puerto Rican" : 0.10900354, 
            "Central American" : 0.00194, 
            "Spaniard" : 0.06069803, 
            "Peruvian" : 0.00108, 
            "Cuban" : 0.05791603, 
            "Spanish" : 0.0010299999999999999, 
            "Panamanian" : 0.053363680000000004, 
            "Guatemalan" : 0.00095, 
            "Salvadoran" : 0.044511890000000005, 
            "Honduran" : 0.00079, 
            "Nicaraguan" : 0.04324734, 
            "Filipino" : 0.33333333000000004, 
            "Vietnamese" : 0.00247, 
            "Chinese" : 0.29083182, 
            "Pakistani" : 0.00215, 
            "Japanese" : 0.11171828, 
            "Korean" : 0.00083, 
            "Indian" : 0.0941105, 
            "Mixed" : 0.0007000000000000001, 
            "Laotian" : 0.0582878
        }, 
        "employment_status" : {
            "Armed Forces" : 0.00056538, 
            "Employed" : 0.61800416, 
            "Unemployed" : 0.0490794, 
            "Other" : 0.33235106000000003
        }, 
        "industries" : {
            "Healthcare" : 0.14082150999999998, 
            "Retail" : 0.12200712, 
            "Manufacturing" : 0.11628702, 
            "Construction" : 0.09420136, 
            "Education" : 0.07825163, 
            "Hospitality" : 0.07300282, 
            "Finance & Insurance" : 0.053282819999999995, 
            "Administrative" : 0.05221088, 
            "Other Services" : 0.051065009999999994, 
            "Professional" : 0.04686966, 
            "Transportation" : 0.03671395, 
            "Government" : 0.03410803, 
            "Wholesalers" : 0.030947650000000004, 
            "Real estate" : 0.01956291, 
            "Information" : 0.01752068, 
            "Entertainment" : 0.01553389, 
            "Utilities" : 0.01101511, 
            "Agriculture" : 0.00347456, 
            "Oil & Gas, and Mining" : 0.00207919, 
            "Management" : 0.00104422
        }, 
        "educational_attainment" : {
            "Doctorate" : 0.0055355299999999994, 
            "Professional" : 0.0055355299999999994, 
            "Master's" : 0.049112130000000004, 
            "Bachelor's" : 0.12412949, 
            "Associate's" : 0.11049238, 
            "Some College" : 0.24925102, 
            "High School" : 0.33051156, 
            "Some H.S." : 0.09303924999999999, 
            "Less than H.S." : 0.026090409999999998, 
            "None" : 0.0063027
        }
    }
}