{
    "name" : "Polk County", 
	"state" : "Missouri", 
	"FIPS" : "29167",
    "population" : 31113, 
    "demographics" : {
        "race_and_ethnicity" : {
            "White" : 0.94015363, 
            "Hispanic" : 0.02076303, 
            "Black" : 0.0084852, 
            "Asian" : 0.0029248200000000003, 
            "Mixed" : 0.01912384, 
            "Other" : 0.00854948
        }, 
        "age_and_sex" : {
            "85+" : 0.02513, 
            "80-84" : 0.02038, 
            "75-79" : 0.03143, 
            "70-74" : 0.03719, 
            "67-69" : 0.032690000000000004, 
            "65-66" : 0.023940000000000003, 
            "62-64" : 0.039369999999999995, 
            "60-61" : 0.01855, 
            "55-59" : 0.06457, 
            "50-54" : 0.06801, 
            "45-49" : 0.0576, 
            "40-44" : 0.04956000000000001, 
            "35-39" : 0.05814, 
            "30-34" : 0.05734, 
            "25-29" : 0.05049000000000001, 
            "22-24" : 0.05088, 
            "21" : 0.02089, 
            "20" : 0.01758, 
            "18-19" : 0.03963, 
            "15-17" : 0.04551, 
            "10-14" : 0.06711, 
            "5-9" : 0.06454, 
            "0-4" : 0.05946
        }, 
        "household_types" : {
            "Married" : 0.53851989, 
            "Single Female" : 0.08867161, 
            "Single Male" : 0.03776129, 
            "One-Person" : 0.24831423, 
            "Other Non-Family" : 0.08673296999999999
        }, 
        "marital_status" : {
            "Never Married" : {
                "female" : 0.24194169, 
                "male" : 0.29824129
            }, 
            "Now Married" : {
                "female" : 0.50434649, 
                "male" : 0.51027285
            }, 
            "Separated" : {
                "female" : 0.0135395, 
                "male" : 0.02013478
            }, 
            "Absent Spouse" : {
                "female" : 0.01623202, 
                "male" : 0.018737669999999998
            }, 
            "Widowed" : {
                "female" : 0.09593046, 
                "male" : 0.03188692
            }, 
            "Divorced" : {
                "female" : 0.12800985, 
                "male" : 0.1207265
            }
        }, 
        "ancestry" : {
            "Unclassified" : 0.3030566, 
            "German" : 0.20139492, 
            "Other" : 0.19400251000000002, 
            "English" : 0.12763154, 
            "American" : 0.12268184, 
            "Irish" : 0.11843924, 
            "French" : 0.02725549, 
            "Italian" : 0.01851316, 
            "European" : 0.01510623, 
            "Swedish" : 0.01292064, 
            "Scotch-Irish" : 0.01150644, 
            "Dutch" : 0.01105647, 
            "Czech" : 0.00928872, 
            "Polish" : 0.00845306, 
            "Scottish" : 0.00842092, 
            "Norwegian" : 0.00597821, 
            "Ukrainian" : 0.005303250000000001, 
            "Mexican" : 0.72175141, 
            "Other Hispanic" : 0.01642, 
            "Spaniard" : 0.17372880999999998, 
            "Cuban" : 0.00395, 
            "Puerto Rican" : 0.0579096, 
            "Spanish" : 0.00132, 
            "Central American" : 0.048022600000000006, 
            "Panamanian" : 0.00109, 
            "Filipino" : 0.72527473, 
            "Japanese" : 0.00212, 
            "Indian" : 0.13186813, 
            "Bangladeshi" : 0.00039, 
            "Pakistani" : 0.06593407
        }, 
        "employment_status" : {
            "Armed Forces" : 0.00092899, 
            "Employed" : 0.54333953, 
            "Unemployed" : 0.05323532, 
            "Other" : 0.40249616000000005
        }, 
        "industries" : {
            "Healthcare" : 0.16532858, 
            "Education" : 0.14771038, 
            "Retail" : 0.11150758, 
            "Manufacturing" : 0.09656556999999999, 
            "Hospitality" : 0.06549212, 
            "Construction" : 0.05694321, 
            "Other Services" : 0.05411835, 
            "Transportation" : 0.052780259999999996, 
            "Agriculture" : 0.041703840000000006, 
            "Wholesalers" : 0.0367975, 
            "Government" : 0.03568243, 
            "Professional" : 0.0333036, 
            "Finance & Insurance" : 0.03322926, 
            "Administrative" : 0.02876896, 
            "Utilities" : 0.012786200000000001, 
            "Entertainment" : 0.01077907, 
            "Real estate" : 0.00877193, 
            "Information" : 0.0054267, 
            "Oil & Gas, and Mining" : 0.0023044899999999998, 
            "Management" : 0.0
        }, 
        "educational_attainment" : {
            "Doctorate" : 0.00790354, 
            "Professional" : 0.00835951, 
            "Master's" : 0.06246834, 
            "Bachelor's" : 0.11738778, 
            "Associate's" : 0.06915594, 
            "Some College" : 0.22737866, 
            "High School" : 0.37278346, 
            "Some H.S." : 0.10153003999999999, 
            "Less than H.S." : 0.0301449, 
            "None" : 0.00288783
        }
    }
}