{
    "name" : "Phelps County", 
	"state" : "Missouri", 
	"FIPS" : "29161",
    "population" : 44833, 
    "demographics" : {
        "race_and_ethnicity" : {
            "White" : 0.8919992000000001, 
            "Hispanic" : 0.01949457, 
            "Black" : 0.027256710000000003, 
            "Asian" : 0.03461736, 
            "Mixed" : 0.017531730000000002, 
            "Other" : 0.00910044
        }, 
        "age_and_sex" : {
            "85+" : 0.019, 
            "80-84" : 0.01624, 
            "75-79" : 0.030219999999999997, 
            "70-74" : 0.0362, 
            "67-69" : 0.025539999999999997, 
            "65-66" : 0.02181, 
            "62-64" : 0.0317, 
            "60-61" : 0.02404, 
            "55-59" : 0.06678, 
            "50-54" : 0.06634000000000001, 
            "45-49" : 0.05759, 
            "40-44" : 0.04854, 
            "35-39" : 0.05195, 
            "30-34" : 0.06002, 
            "25-29" : 0.06366, 
            "22-24" : 0.06609, 
            "21" : 0.02641, 
            "20" : 0.030539999999999998, 
            "18-19" : 0.04537, 
            "15-17" : 0.03308, 
            "10-14" : 0.05411, 
            "5-9" : 0.06638, 
            "0-4" : 0.058390000000000004
        }, 
        "household_types" : {
            "Married" : 0.47903551, 
            "Single Female" : 0.08878727, 
            "Single Male" : 0.046323790000000004, 
            "One-Person" : 0.29641288, 
            "Other Non-Family" : 0.08944055000000001
        }, 
        "marital_status" : {
            "Never Married" : {
                "female" : 0.25425756, 
                "male" : 0.3914624
            }, 
            "Now Married" : {
                "female" : 0.47399897, 
                "male" : 0.42610096
            }, 
            "Separated" : {
                "female" : 0.02118813, 
                "male" : 0.01968218
            }, 
            "Absent Spouse" : {
                "female" : 0.01970724, 
                "male" : 0.02767968
            }, 
            "Widowed" : {
                "female" : 0.11727515999999999, 
                "male" : 0.033340260000000004
            }, 
            "Divorced" : {
                "female" : 0.11357293, 
                "male" : 0.10173452
            }
        }, 
        "ancestry" : {
            "Unclassified" : 0.2802177, 
            "Other" : 0.20957777, 
            "German" : 0.20948855, 
            "American" : 0.12774073, 
            "Irish" : 0.11431312, 
            "English" : 0.08694488, 
            "French" : 0.02917494, 
            "Italian" : 0.02255035, 
            "Dutch" : 0.01931613, 
            "Scottish" : 0.01826779, 
            "Polish" : 0.01728637, 
            "Arab" : 0.01572502, 
            "Scotch-Irish" : 0.01244619, 
            "Swedish" : 0.012044699999999998, 
            "European" : 0.012000090000000001, 
            "Other Arab" : 0.00992572, 
            "Welsh" : 0.00564316, 
            "Norwegian" : 0.0053755, 
            "Mexican" : 0.66446748, 
            "Cuban" : 0.01573, 
            "Puerto Rican" : 0.08671065, 
            "Dominican" : 0.0020499999999999997, 
            "Other Hispanic" : 0.07822809, 
            "Spaniard" : 0.00185, 
            "South American" : 0.07163053999999999, 
            "Argentinean" : 0.0017000000000000001, 
            "Central American" : 0.06032045, 
            "Guatemalan" : 0.0014299999999999998, 
            "Chinese" : 0.57087629, 
            "Indian" : 0.01976, 
            "Vietnamese" : 0.18943299, 
            "Korean" : 0.00656, 
            "Nepalese" : 0.06765464, 
            "Pakistani" : 0.00234, 
            "Thai" : 0.05025773, 
            "Sri Lankan" : 0.0017399999999999998, 
            "Indonesian" : 0.02899485, 
            "Taiwanese" : 0.001, 
            "Filipino" : 0.0257732, 
            "Japanese" : 0.00089
        }, 
        "employment_status" : {
            "Armed Forces" : 0.00275854, 
            "Employed" : 0.52853714, 
            "Unemployed" : 0.03470249, 
            "Other" : 0.43400182
        }, 
        "industries" : {
            "Education" : 0.17343424, 
            "Healthcare" : 0.16257829000000001, 
            "Retail" : 0.13658664, 
            "Manufacturing" : 0.10307933, 
            "Hospitality" : 0.10234864, 
            "Government" : 0.05563674, 
            "Construction" : 0.04859081, 
            "Other Services" : 0.042327769999999994, 
            "Professional" : 0.02990605, 
            "Finance & Insurance" : 0.02943633, 
            "Transportation" : 0.027609599999999998, 
            "Administrative" : 0.01962422, 
            "Real estate" : 0.014248430000000001, 
            "Agriculture" : 0.01346555, 
            "Entertainment" : 0.01153445, 
            "Wholesalers" : 0.01132568, 
            "Information" : 0.009238, 
            "Utilities" : 0.0047494799999999995, 
            "Oil & Gas, and Mining" : 0.00354906, 
            "Management" : 0.00073069
        }, 
        "educational_attainment" : {
            "Doctorate" : 0.02976962, 
            "Professional" : 0.01724262, 
            "Master's" : 0.0799496, 
            "Bachelor's" : 0.15154788, 
            "Associate's" : 0.06983441, 
            "Some College" : 0.18963283, 
            "High School" : 0.33153348, 
            "Some H.S." : 0.07685385, 
            "Less than H.S." : 0.04024478, 
            "None" : 0.01339093
        }
    }
}