{
    "name" : "Shelby County", 
	"state" : "Missouri", 
	"FIPS" : "29205",
    "population" : 6148, 
    "demographics" : {
        "race_and_ethnicity" : {
            "White" : 0.96226415, 
            "Hispanic" : 0.015126869999999999, 
            "Black" : 0.01821731, 
            "Asian" : 0.00065062, 
            "Mixed" : 0.00309044, 
            "Other" : 0.00065062
        }, 
        "age_and_sex" : {
            "85+" : 0.02733, 
            "80-84" : 0.03009, 
            "75-79" : 0.03709, 
            "70-74" : 0.04375, 
            "67-69" : 0.03887, 
            "65-66" : 0.02375, 
            "62-64" : 0.03887, 
            "60-61" : 0.029769999999999998, 
            "55-59" : 0.07791000000000001, 
            "50-54" : 0.07531, 
            "45-49" : 0.05481, 
            "40-44" : 0.04489, 
            "35-39" : 0.06326999999999999, 
            "30-34" : 0.056769999999999994, 
            "25-29" : 0.04733, 
            "22-24" : 0.039689999999999996, 
            "21" : 0.00797, 
            "20" : 0.006670000000000001, 
            "18-19" : 0.01984, 
            "15-17" : 0.040830000000000005, 
            "10-14" : 0.06326999999999999, 
            "5-9" : 0.07173, 
            "0-4" : 0.06018
        }, 
        "household_types" : {
            "Married" : 0.54717742, 
            "Single Female" : 0.07258065, 
            "Single Male" : 0.03185484, 
            "One-Person" : 0.31290323000000003, 
            "Other Non-Family" : 0.03548387
        }, 
        "marital_status" : {
            "Never Married" : {
                "female" : 0.18951132, 
                "male" : 0.22871246
            }, 
            "Now Married" : {
                "female" : 0.5367501, 
                "male" : 0.58658988
            }, 
            "Separated" : {
                "female" : 0.012316249999999999, 
                "male" : 0.00863842
            }, 
            "Absent Spouse" : {
                "female" : 0.01827573, 
                "male" : 0.00987248
            }, 
            "Widowed" : {
                "female" : 0.13984902999999999, 
                "male" : 0.04566022
            }, 
            "Divorced" : {
                "female" : 0.10329758, 
                "male" : 0.12052652999999999
            }
        }, 
        "ancestry" : {
            "Unclassified" : 0.29359141, 
            "German" : 0.2896877, 
            "Other" : 0.12199089, 
            "American" : 0.12182824, 
            "English" : 0.11890046, 
            "Irish" : 0.09238777000000001, 
            "Dutch" : 0.02212101, 
            "Scotch-Irish" : 0.02212101, 
            "Scottish" : 0.020494469999999997, 
            "Italian" : 0.0161028, 
            "French" : 0.01577749, 
            "Polish" : 0.01333767, 
            "Swedish" : 0.011060509999999999, 
            "Swiss" : 0.010084580000000001, 
            "European" : 0.006994139999999999, 
            "Mexican" : 0.49462366, 
            "Cuban" : 0.00748, 
            "Puerto Rican" : 0.26881720000000003, 
            "Other Hispanic" : 0.00407, 
            "Korean" : 1.0
        }, 
        "employment_status" : {
            "Armed Forces" : 0.00103327, 
            "Employed" : 0.60239719, 
            "Unemployed" : 0.03699111, 
            "Other" : 0.35957842999999995
        }, 
        "industries" : {
            "Manufacturing" : 0.15300172, 
            "Healthcare" : 0.1464837, 
            "Agriculture" : 0.11560892, 
            "Construction" : 0.09365351999999999, 
            "Retail" : 0.09022298, 
            "Education" : 0.07478559, 
            "Other Services" : 0.07375643, 
            "Transportation" : 0.04596913, 
            "Hospitality" : 0.03876501, 
            "Finance & Insurance" : 0.03773585, 
            "Government" : 0.03430532, 
            "Wholesalers" : 0.029159519999999998, 
            "Administrative" : 0.015780449999999998, 
            "Real estate" : 0.01406518, 
            "Professional" : 0.01406518, 
            "Information" : 0.00891938, 
            "Utilities" : 0.0058319, 
            "Entertainment" : 0.00480274, 
            "Oil & Gas, and Mining" : 0.00308748, 
            "Management" : 0.0
        }, 
        "educational_attainment" : {
            "Doctorate" : 0.00589484, 
            "Professional" : 0.00448008, 
            "Master's" : 0.03466164, 
            "Bachelor's" : 0.09478896, 
            "Associate's" : 0.04975242, 
            "Some College" : 0.24640415000000002, 
            "High School" : 0.47040792000000003, 
            "Some H.S." : 0.047866070000000004, 
            "Less than H.S." : 0.04409337, 
            "None" : 0.00165055
        }
    }
}