{
    "name" : "Cedar County", 
	"state" : "Missouri", 
	"FIPS" : "29039",
    "population" : 13932, 
    "demographics" : {
        "race_and_ethnicity" : {
            "White" : 0.9514786100000001, 
            "Hispanic" : 0.01873385, 
            "Black" : 0.00064599, 
            "Asian" : 0.00057422, 
            "Mixed" : 0.02447603, 
            "Other" : 0.0040913
        }, 
        "age_and_sex" : {
            "85+" : 0.03, 
            "80-84" : 0.03094, 
            "75-79" : 0.043570000000000005, 
            "70-74" : 0.06359, 
            "67-69" : 0.04457, 
            "65-66" : 0.020739999999999998, 
            "62-64" : 0.03115, 
            "60-61" : 0.028140000000000002, 
            "55-59" : 0.07902999999999999, 
            "50-54" : 0.06769, 
            "45-49" : 0.05606, 
            "40-44" : 0.03531, 
            "35-39" : 0.06596, 
            "30-34" : 0.04981, 
            "25-29" : 0.047439999999999996, 
            "22-24" : 0.02519, 
            "21" : 0.01098, 
            "20" : 0.01077, 
            "18-19" : 0.02024, 
            "15-17" : 0.04149, 
            "10-14" : 0.07515, 
            "5-9" : 0.06273, 
            "0-4" : 0.05943
        }, 
        "household_types" : {
            "Married" : 0.47383622000000003, 
            "Single Female" : 0.09157322000000001, 
            "Single Male" : 0.05827387, 
            "One-Person" : 0.33418281, 
            "Other Non-Family" : 0.04213388
        }, 
        "marital_status" : {
            "Never Married" : {
                "female" : 0.15999301000000002, 
                "male" : 0.20351391
            }, 
            "Now Married" : {
                "female" : 0.50480853, 
                "male" : 0.50878477
            }, 
            "Separated" : {
                "female" : 0.026927780000000002, 
                "male" : 0.01006589
            }, 
            "Absent Spouse" : {
                "female" : 0.02115755, 
                "male" : 0.04685212
            }, 
            "Widowed" : {
                "female" : 0.12362301, 
                "male" : 0.05490483
            }, 
            "Divorced" : {
                "female" : 0.16349012, 
                "male" : 0.17587848
            }
        }, 
        "ancestry" : {
            "Unclassified" : 0.27756245, 
            "German" : 0.24404249, 
            "Other" : 0.22236578, 
            "English" : 0.14305197, 
            "Irish" : 0.12919897, 
            "American" : 0.10400517000000001, 
            "French" : 0.03868791, 
            "Dutch" : 0.02741889, 
            "Italian" : 0.02117428, 
            "Scottish" : 0.01492966, 
            "Scotch-Irish" : 0.01363767, 
            "Swedish" : 0.00925926, 
            "Welsh" : 0.00854149, 
            "Norwegian" : 0.0077519400000000006, 
            "European" : 0.0063881699999999994, 
            "Swiss" : 0.0060292900000000005, 
            "Russian" : 0.00574218, 
            "Danish" : 0.0055986199999999995, 
            "Mexican" : 0.8783270000000001, 
            "South American" : 0.016579999999999998, 
            "Argentinean" : 0.0418251, 
            "Puerto Rican" : 0.00079, 
            "Central American" : 0.0418251, 
            "Guatemalan" : 0.00079, 
            "Other Hispanic" : 0.03802281, 
            "Japanese" : 0.625, 
            "Taiwanese" : 0.00035999999999999997
        }, 
        "employment_status" : {
            "Armed Forces" : 0.0, 
            "Employed" : 0.46230285000000004, 
            "Unemployed" : 0.051144129999999996, 
            "Other" : 0.48655301
        }, 
        "industries" : {
            "Retail" : 0.13823703, 
            "Healthcare" : 0.12817985, 
            "Manufacturing" : 0.12719385, 
            "Construction" : 0.10885427, 
            "Education" : 0.0859791, 
            "Hospitality" : 0.06566752000000001, 
            "Government" : 0.06113193, 
            "Other Services" : 0.05955433, 
            "Agriculture" : 0.05245514, 
            "Transportation" : 0.044961549999999996, 
            "Wholesalers" : 0.03293236, 
            "Finance & Insurance" : 0.028002370000000002, 
            "Administrative" : 0.02149477, 
            "Real estate" : 0.01301518, 
            "Professional" : 0.01045159, 
            "Information" : 0.00749359, 
            "Entertainment" : 0.006113189999999999, 
            "Utilities" : 0.00492999, 
            "Oil & Gas, and Mining" : 0.0025635999999999996, 
            "Management" : 0.0007888000000000001
        }, 
        "educational_attainment" : {
            "Doctorate" : 0.00455063, 
            "Professional" : 0.01158341, 
            "Master's" : 0.03412969, 
            "Bachelor's" : 0.09825215, 
            "Associate's" : 0.06526011, 
            "Some College" : 0.22360119999999997, 
            "High School" : 0.40697073000000006, 
            "Some H.S." : 0.0949426, 
            "Less than H.S." : 0.049332919999999995, 
            "None" : 0.01137656
        }
    }
}