{
    "name" : "Crawford County", 
	"state" : "Missouri", 
	"FIPS" : "29055",
    "population" : 24545, 
    "demographics" : {
        "race_and_ethnicity" : {
            "White" : 0.95795478, 
            "Hispanic" : 0.01800774, 
            "Black" : 0.0021593000000000003, 
            "Asian" : 0.00101854, 
            "Mixed" : 0.01633734, 
            "Other" : 0.00452231
        }, 
        "age_and_sex" : {
            "85+" : 0.021920000000000002, 
            "80-84" : 0.021589999999999998, 
            "75-79" : 0.03215, 
            "70-74" : 0.04869, 
            "67-69" : 0.03105, 
            "65-66" : 0.02334, 
            "62-64" : 0.03773, 
            "60-61" : 0.021589999999999998, 
            "55-59" : 0.07822, 
            "50-54" : 0.07737, 
            "45-49" : 0.06246, 
            "40-44" : 0.06229, 
            "35-39" : 0.049909999999999996, 
            "30-34" : 0.062329999999999997, 
            "25-29" : 0.05679, 
            "22-24" : 0.028759999999999997, 
            "21" : 0.011040000000000001, 
            "20" : 0.01471, 
            "18-19" : 0.021269999999999997, 
            "15-17" : 0.04172, 
            "10-14" : 0.06563, 
            "5-9" : 0.06963, 
            "0-4" : 0.05981
        }, 
        "household_types" : {
            "Married" : 0.49655544, 
            "Single Female" : 0.10376749, 
            "Single Male" : 0.06437029, 
            "One-Person" : 0.28514532, 
            "Other Non-Family" : 0.05016146
        }, 
        "marital_status" : {
            "Never Married" : {
                "female" : 0.19075947, 
                "male" : 0.27205046
            }, 
            "Now Married" : {
                "female" : 0.48036883, 
                "male" : 0.48516182
            }, 
            "Separated" : {
                "female" : 0.03291691, 
                "male" : 0.02264502
            }, 
            "Absent Spouse" : {
                "female" : 0.02329962, 
                "male" : 0.03846552
            }, 
            "Widowed" : {
                "female" : 0.11114416, 
                "male" : 0.04425601999999999
            }, 
            "Divorced" : {
                "female" : 0.16151101, 
                "male" : 0.13742116
            }
        }, 
        "ancestry" : {
            "Unclassified" : 0.31810959, 
            "German" : 0.20586678, 
            "Other" : 0.17319210000000002, 
            "American" : 0.14976573999999998, 
            "Irish" : 0.13701365, 
            "English" : 0.10833164, 
            "French" : 0.03137095, 
            "Italian" : 0.02509676, 
            "Scottish" : 0.01006315, 
            "Scotch-Irish" : 0.00945203, 
            "Greek" : 0.00859646, 
            "Polish" : 0.00855571, 
            "European" : 0.007700139999999999, 
            "Dutch" : 0.00566307, 
            "Mexican" : 0.6561086, 
            "Other Hispanic" : 0.011819999999999999, 
            "Spaniard" : 0.21945701, 
            "South American" : 0.00395, 
            "Puerto Rican" : 0.11312217000000001, 
            "Spanish" : 0.0020399999999999997, 
            "Colombian" : 0.07239819, 
            "Venezuelan" : 0.0013, 
            "Japanese" : 0.68, 
            "Korean" : 0.0006900000000000001, 
            "Indian" : 0.2
        }, 
        "employment_status" : {
            "Armed Forces" : 0.0, 
            "Employed" : 0.48617559, 
            "Unemployed" : 0.06556278, 
            "Other" : 0.44826163
        }, 
        "industries" : {
            "Manufacturing" : 0.20275862, 
            "Healthcare" : 0.13718833, 
            "Retail" : 0.10779841, 
            "Hospitality" : 0.08488064, 
            "Construction" : 0.07734748, 
            "Education" : 0.07066313, 
            "Other Services" : 0.053368700000000005, 
            "Government" : 0.04774536, 
            "Transportation" : 0.03724138, 
            "Administrative" : 0.03204244, 
            "Finance & Insurance" : 0.02854111, 
            "Entertainment" : 0.023978779999999998, 
            "Professional" : 0.02206897, 
            "Agriculture" : 0.01740053, 
            "Wholesalers" : 0.01676393, 
            "Information" : 0.014641910000000001, 
            "Oil & Gas, and Mining" : 0.01135279, 
            "Utilities" : 0.00657825, 
            "Real estate" : 0.00657825, 
            "Management" : 0.00106101
        }, 
        "educational_attainment" : {
            "Doctorate" : 0.00728975, 
            "Professional" : 0.0043857, 
            "Master's" : 0.03360398, 
            "Bachelor's" : 0.07983168, 
            "Associate's" : 0.06288153, 
            "Some College" : 0.19557874000000003, 
            "High School" : 0.39921768999999996, 
            "Some H.S." : 0.13755704, 
            "Less than H.S." : 0.061814730000000005, 
            "None" : 0.017839149999999998
        }
    }
}