{
    "name" : "Dade County", 
	"state" : "Missouri", 
	"FIPS" : "29057",
    "population" : 7590, 
    "demographics" : {
        "race_and_ethnicity" : {
            "White" : 0.9415019800000001, 
            "Hispanic" : 0.01897233, 
            "Black" : 0.00355731, 
            "Asian" : 0.00131752, 
            "Mixed" : 0.02990777, 
            "Other" : 0.00474308
        }, 
        "age_and_sex" : {
            "85+" : 0.03123, 
            "80-84" : 0.03926, 
            "75-79" : 0.03136, 
            "70-74" : 0.053099999999999994, 
            "67-69" : 0.04058, 
            "65-66" : 0.02701, 
            "62-64" : 0.035840000000000004, 
            "60-61" : 0.03373, 
            "55-59" : 0.09340999999999999, 
            "50-54" : 0.07589, 
            "45-49" : 0.06469, 
            "40-44" : 0.04545, 
            "35-39" : 0.06192, 
            "30-34" : 0.046509999999999996, 
            "25-29" : 0.03926, 
            "22-24" : 0.0274, 
            "21" : 0.00764, 
            "20" : 0.01344, 
            "18-19" : 0.02029, 
            "15-17" : 0.04414, 
            "10-14" : 0.05718, 
            "5-9" : 0.06495000000000001, 
            "0-4" : 0.045720000000000004
        }, 
        "household_types" : {
            "Married" : 0.53533398, 
            "Single Female" : 0.0993869, 
            "Single Male" : 0.04969345, 
            "One-Person" : 0.2642788, 
            "Other Non-Family" : 0.05130687
        }, 
        "marital_status" : {
            "Never Married" : {
                "female" : 0.16640203, 
                "male" : 0.22323965999999998
            }, 
            "Now Married" : {
                "female" : 0.52334074, 
                "male" : 0.53773287
            }, 
            "Separated" : {
                "female" : 0.01302001, 
                "male" : 0.00947269
            }, 
            "Absent Spouse" : {
                "female" : 0.024452210000000002, 
                "male" : 0.02399747
            }, 
            "Widowed" : {
                "female" : 0.11495713, 
                "male" : 0.050521
            }, 
            "Divorced" : {
                "female" : 0.15782788, 
                "male" : 0.15503631
            }
        }, 
        "ancestry" : {
            "Unclassified" : 0.31291173, 
            "German" : 0.22450593000000002, 
            "Other" : 0.19183136, 
            "Irish" : 0.13478261, 
            "English" : 0.10316206, 
            "American" : 0.09288538, 
            "French" : 0.02503294, 
            "Scottish" : 0.024374180000000002, 
            "Scotch-Irish" : 0.02345191, 
            "Italian" : 0.0201581, 
            "Dutch" : 0.01844532, 
            "Swedish" : 0.010935440000000001, 
            "Norwegian" : 0.008695650000000001, 
            "Swiss" : 0.00790514, 
            "Other Hispanic" : 0.36805556, 
            "Mexican" : 0.006979999999999999, 
            "Spanish" : 0.36111111, 
            "Cuban" : 0.00685, 
            "Central American" : 0.29861111, 
            "Honduran" : 0.00567, 
            "Spaniard" : 0.13194444, 
            "Puerto Rican" : 0.0025, 
            "Guatemalan" : 0.11111111, 
            "Chinese" : 0.6, 
            "Filipino" : 0.00079
        }, 
        "employment_status" : {
            "Armed Forces" : 0.00048062, 
            "Employed" : 0.52451137, 
            "Unemployed" : 0.047100289999999996, 
            "Other" : 0.42790772
        }, 
        "industries" : {
            "Healthcare" : 0.16951740999999998, 
            "Manufacturing" : 0.13255956, 
            "Agriculture" : 0.11820403, 
            "Retail" : 0.11301161, 
            "Education" : 0.08307880000000001, 
            "Other Services" : 0.060781919999999996, 
            "Construction" : 0.05986561, 
            "Transportation" : 0.051313380000000006, 
            "Wholesalers" : 0.05039707, 
            "Hospitality" : 0.035430670000000004, 
            "Finance & Insurance" : 0.03451436, 
            "Government" : 0.02718387, 
            "Professional" : 0.01863164, 
            "Administrative" : 0.01863164, 
            "Real estate" : 0.01557728, 
            "Utilities" : 0.00488699, 
            "Information" : 0.0042761100000000005, 
            "Oil & Gas, and Mining" : 0.00122175, 
            "Entertainment" : 0.00091631, 
            "Management" : 0.0
        }, 
        "educational_attainment" : {
            "Doctorate" : 0.00421323, 
            "Professional" : 0.00934237, 
            "Master's" : 0.04158271, 
            "Bachelor's" : 0.09415644000000001, 
            "Associate's" : 0.06338157, 
            "Some College" : 0.21780546, 
            "High School" : 0.43432863, 
            "Some H.S." : 0.08811138, 
            "Less than H.S." : 0.03791903, 
            "None" : 0.009159190000000001
        }
    }
}