{
    "name" : "Henry County", 
	"state" : "Missouri", 
	"FIPS" : "29083",
    "population" : 21930, 
    "demographics" : {
        "race_and_ethnicity" : {
            "White" : 0.9409028700000001, 
            "Hispanic" : 0.02143183, 
            "Black" : 0.014637480000000001, 
            "Asian" : 0.00177839, 
            "Mixed" : 0.01413589, 
            "Other" : 0.007113540000000001
        }, 
        "age_and_sex" : {
            "85+" : 0.0207, 
            "80-84" : 0.024169999999999997, 
            "75-79" : 0.04295, 
            "70-74" : 0.05125, 
            "67-69" : 0.03675, 
            "65-66" : 0.02558, 
            "62-64" : 0.04013, 
            "60-61" : 0.02513, 
            "55-59" : 0.07766, 
            "50-54" : 0.07515, 
            "45-49" : 0.0632, 
            "40-44" : 0.05832, 
            "35-39" : 0.05869, 
            "30-34" : 0.05577, 
            "25-29" : 0.053810000000000004, 
            "22-24" : 0.03165, 
            "21" : 0.00866, 
            "20" : 0.00871, 
            "18-19" : 0.0176, 
            "15-17" : 0.039900000000000005, 
            "10-14" : 0.06867, 
            "5-9" : 0.06056, 
            "0-4" : 0.05499
        }, 
        "household_types" : {
            "Married" : 0.49893843, 
            "Single Female" : 0.09861995999999999, 
            "Single Male" : 0.04692144, 
            "One-Person" : 0.28906582000000003, 
            "Other Non-Family" : 0.06645435
        }, 
        "marital_status" : {
            "Never Married" : {
                "female" : 0.19375483, 
                "male" : 0.24436388
            }, 
            "Now Married" : {
                "female" : 0.50877193, 
                "male" : 0.55228277
            }, 
            "Separated" : {
                "female" : 0.01787488, 
                "male" : 0.011782029999999999
            }, 
            "Absent Spouse" : {
                "female" : 0.01897826, 
                "male" : 0.013934519999999999
            }, 
            "Widowed" : {
                "female" : 0.12457243999999999, 
                "male" : 0.047014839999999995
            }, 
            "Divorced" : {
                "female" : 0.13604767, 
                "male" : 0.13062196
            }
        }, 
        "ancestry" : {
            "Unclassified" : 0.28148655, 
            "German" : 0.24259006, 
            "Other" : 0.2129047, 
            "Irish" : 0.12571819, 
            "American" : 0.11062472, 
            "English" : 0.10620155, 
            "Dutch" : 0.035613320000000004, 
            "French" : 0.01627907, 
            "Scottish" : 0.01481988, 
            "Italian" : 0.01399909, 
            "Scotch-Irish" : 0.0119015, 
            "Swedish" : 0.01094391, 
            "Polish" : 0.00679435, 
            "Swiss" : 0.00647515, 
            "British" : 0.00601915, 
            "Welsh" : 0.005152759999999999, 
            "Mexican" : 0.96382979, 
            "Other Hispanic" : 0.020659999999999998, 
            "Puerto Rican" : 0.02553191, 
            "Filipino" : 0.53846154, 
            "Japanese" : 0.00096
        }, 
        "employment_status" : {
            "Armed Forces" : 0.00256323, 
            "Employed" : 0.52175894, 
            "Unemployed" : 0.03890408, 
            "Other" : 0.43677374999999996
        }, 
        "industries" : {
            "Healthcare" : 0.16550218, 
            "Manufacturing" : 0.14672489, 
            "Retail" : 0.11080786, 
            "Construction" : 0.09388645999999999, 
            "Hospitality" : 0.08406114, 
            "Education" : 0.07718341, 
            "Transportation" : 0.045196509999999995, 
            "Other Services" : 0.042685589999999995, 
            "Finance & Insurance" : 0.03886463, 
            "Agriculture" : 0.032096070000000004, 
            "Wholesalers" : 0.02871179, 
            "Professional" : 0.028384279999999998, 
            "Government" : 0.028384279999999998, 
            "Utilities" : 0.02718341, 
            "Administrative" : 0.02248908, 
            "Entertainment" : 0.013973800000000001, 
            "Real estate" : 0.00611354, 
            "Information" : 0.00382096, 
            "Oil & Gas, and Mining" : 0.0029476000000000003, 
            "Management" : 0.00098253
        }, 
        "educational_attainment" : {
            "Doctorate" : 0.0023788100000000003, 
            "Professional" : 0.005529119999999999, 
            "Master's" : 0.03915392, 
            "Bachelor's" : 0.10762505000000001, 
            "Associate's" : 0.05940594, 
            "Some College" : 0.2340234, 
            "High School" : 0.42188505, 
            "Some H.S." : 0.08975182999999999, 
            "Less than H.S." : 0.03182461, 
            "None" : 0.008422269999999999
        }
    }
}