{
    "name" : "Jackson County", 
	"state" : "Missouri", 
	"FIPS" : "29095",
    "population" : 683643, 
    "demographics" : {
        "race_and_ethnicity" : {
            "White" : 0.62666041, 
            "Hispanic" : 0.08426767, 
            "Black" : 0.23749823, 
            "Asian" : 0.01747111, 
            "Mixed" : 0.024351889999999998, 
            "Other" : 0.0097507
        }, 
        "age_and_sex" : {
            "85+" : 0.018500000000000003, 
            "80-84" : 0.01817, 
            "75-79" : 0.022949999999999998, 
            "70-74" : 0.031760000000000004, 
            "67-69" : 0.02491, 
            "65-66" : 0.01917, 
            "62-64" : 0.034, 
            "60-61" : 0.023719999999999998, 
            "55-59" : 0.06825, 
            "50-54" : 0.07125, 
            "45-49" : 0.06296, 
            "40-44" : 0.06287, 
            "35-39" : 0.06207, 
            "30-34" : 0.07304000000000001, 
            "25-29" : 0.07794, 
            "22-24" : 0.040490000000000005, 
            "21" : 0.01199, 
            "20" : 0.01303, 
            "18-19" : 0.022090000000000002, 
            "15-17" : 0.03859, 
            "10-14" : 0.06787, 
            "5-9" : 0.0659, 
            "0-4" : 0.06847
        }, 
        "household_types" : {
            "Married" : 0.39301516999999997, 
            "Single Female" : 0.15014972000000001, 
            "Single Male" : 0.04548558, 
            "One-Person" : 0.33901255999999996, 
            "Other Non-Family" : 0.07233698000000001
        }, 
        "marital_status" : {
            "Never Married" : {
                "female" : 0.33371565, 
                "male" : 0.38037405999999996
            }, 
            "Now Married" : {
                "female" : 0.38510077000000004, 
                "male" : 0.4310737
            }, 
            "Separated" : {
                "female" : 0.0232864, 
                "male" : 0.01575623
            }, 
            "Absent Spouse" : {
                "female" : 0.02246564, 
                "male" : 0.0249464
            }, 
            "Widowed" : {
                "female" : 0.08770194999999999, 
                "male" : 0.02897671
            }, 
            "Divorced" : {
                "female" : 0.14772958, 
                "male" : 0.1188729
            }
        }, 
        "ancestry" : {
            "Other" : 0.39254114, 
            "Unclassified" : 0.2142551, 
            "German" : 0.16652697, 
            "Irish" : 0.10548634, 
            "English" : 0.07991305, 
            "American" : 0.06379499, 
            "Italian" : 0.02842712, 
            "French" : 0.020762299999999997, 
            "Scottish" : 0.01515118, 
            "Dutch" : 0.01153526, 
            "Swedish" : 0.011108139999999999, 
            "Polish" : 0.01098819, 
            "European" : 0.01044551, 
            "Subsaharan African" : 0.00951374, 
            "Scotch-Irish" : 0.00921826, 
            "Norwegian" : 0.00869021, 
            "Welsh" : 0.00686031, 
            "African" : 0.00584516, 
            "Mexican" : 0.74404231, 
            "Central American" : 0.06462, 
            "Other Hispanic" : 0.09774829, 
            "Salvadoran" : 0.00849, 
            "Puerto Rican" : 0.05121512, 
            "South American" : 0.00445, 
            "Honduran" : 0.03733769, 
            "Cuban" : 0.0032400000000000003, 
            "Guatemalan" : 0.03700086, 
            "Venezuelan" : 0.00321, 
            "Spaniard" : 0.03504724, 
            "Dominican" : 0.0030399999999999997, 
            "Colombian" : 0.02820958, 
            "Spanish" : 0.00245, 
            "Vietnamese" : 0.21918955, 
            "Chinese" : 0.00383, 
            "Filipino" : 0.15421969000000002, 
            "Indian" : 0.00269, 
            "Korean" : 0.13864701999999998, 
            "Japanese" : 0.00242, 
            "Pakistani" : 0.13504689, 
            "Cambodian" : 0.0023599999999999997, 
            "Thai" : 0.09879436999999999, 
            "Not Specified" : 0.0017299999999999998, 
            "Mixed" : 0.04261554, 
            "Laotian" : 0.00074, 
            "Burmese" : 0.04068989, 
            "Mongolian" : 0.0007099999999999999, 
            "Hmong" : 0.03365707, 
            "Taiwanese" : 0.0005899999999999999, 
            "Bangladeshi" : 0.02511721
        }, 
        "employment_status" : {
            "Armed Forces" : 0.00042680999999999996, 
            "Employed" : 0.61876441, 
            "Unemployed" : 0.04438091, 
            "Other" : 0.33642786999999996
        }, 
        "industries" : {
            "Healthcare" : 0.15381788999999998, 
            "Retail" : 0.11613603, 
            "Manufacturing" : 0.08812916, 
            "Professional" : 0.08103557, 
            "Education" : 0.07714088000000001, 
            "Hospitality" : 0.07584566, 
            "Construction" : 0.05950782, 
            "Finance & Insurance" : 0.05936926, 
            "Transportation" : 0.04859785, 
            "Other Services" : 0.04827555, 
            "Administrative" : 0.044404950000000006, 
            "Government" : 0.04428145, 
            "Information" : 0.026305010000000004, 
            "Wholesalers" : 0.025958610000000003, 
            "Entertainment" : 0.020615079999999997, 
            "Real estate" : 0.01805175, 
            "Utilities" : 0.00791289, 
            "Agriculture" : 0.0029037000000000004, 
            "Oil & Gas, and Mining" : 0.00085846, 
            "Management" : 0.00085244
        }, 
        "educational_attainment" : {
            "Doctorate" : 0.010797159999999998, 
            "Professional" : 0.01937042, 
            "Master's" : 0.07725952, 
            "Bachelor's" : 0.18683865, 
            "Associate's" : 0.07184024, 
            "Some College" : 0.23859839000000002, 
            "High School" : 0.29355568000000004, 
            "Some H.S." : 0.06939634, 
            "Less than H.S." : 0.02238283, 
            "None" : 0.00996075
        }
    }
}