{
    "name" : "Johnson County", 
	"state" : "Missouri", 
	"FIPS" : "29101",
    "population" : 54229, 
    "demographics" : {
        "race_and_ethnicity" : {
            "White" : 0.8644821, 
            "Hispanic" : 0.03811614, 
            "Black" : 0.04442273, 
            "Asian" : 0.015121059999999999, 
            "Mixed" : 0.02756828, 
            "Other" : 0.010289699999999999
        }, 
        "age_and_sex" : {
            "85+" : 0.011120000000000001, 
            "80-84" : 0.01573, 
            "75-79" : 0.02338, 
            "70-74" : 0.029849999999999998, 
            "67-69" : 0.019119999999999998, 
            "65-66" : 0.01754, 
            "62-64" : 0.02722, 
            "60-61" : 0.018500000000000003, 
            "55-59" : 0.05551999999999999, 
            "50-54" : 0.059930000000000004, 
            "45-49" : 0.05244, 
            "40-44" : 0.05021, 
            "35-39" : 0.053070000000000006, 
            "30-34" : 0.06405999999999999, 
            "25-29" : 0.07479, 
            "22-24" : 0.08639, 
            "21" : 0.03926, 
            "20" : 0.03793, 
            "18-19" : 0.045599999999999995, 
            "15-17" : 0.03587, 
            "10-14" : 0.05851, 
            "5-9" : 0.059820000000000005, 
            "0-4" : 0.06412
        }, 
        "household_types" : {
            "Married" : 0.52944718, 
            "Single Female" : 0.09240494, 
            "Single Male" : 0.03576803, 
            "One-Person" : 0.23547706999999998, 
            "Other Non-Family" : 0.10690277999999999
        }, 
        "marital_status" : {
            "Never Married" : {
                "female" : 0.29797134, 
                "male" : 0.40778357
            }, 
            "Now Married" : {
                "female" : 0.49906942, 
                "male" : 0.45808344
            }, 
            "Separated" : {
                "female" : 0.02279918, 
                "male" : 0.0168104
            }, 
            "Absent Spouse" : {
                "female" : 0.014144799999999999, 
                "male" : 0.015321979999999999
            }, 
            "Widowed" : {
                "female" : 0.06807184000000001, 
                "male" : 0.02070656
            }, 
            "Divorced" : {
                "female" : 0.09794342, 
                "male" : 0.08129405
            }
        }, 
        "ancestry" : {
            "German" : 0.28241347, 
            "Unclassified" : 0.21931069999999997, 
            "Other" : 0.20868908, 
            "Irish" : 0.1661657, 
            "English" : 0.10756237, 
            "American" : 0.07728337, 
            "Scottish" : 0.03048185, 
            "Italian" : 0.030242119999999997, 
            "French" : 0.02932011, 
            "Swedish" : 0.02033967, 
            "Polish" : 0.01978646, 
            "Dutch" : 0.01574803, 
            "European" : 0.015582069999999998, 
            "Norwegian" : 0.01528702, 
            "Scotch-Irish" : 0.01383024, 
            "British" : 0.0070442000000000005, 
            "Swiss" : 0.00505265, 
            "Mexican" : 0.65137181, 
            "Puerto Rican" : 0.025390000000000003, 
            "Other Hispanic" : 0.12488174, 
            "Spaniard" : 0.00487, 
            "South American" : 0.1192053, 
            "Cuban" : 0.0046500000000000005, 
            "Central American" : 0.04446547, 
            "Argentinean" : 0.0017299999999999998, 
            "Colombian" : 0.04162725, 
            "Guatemalan" : 0.0016200000000000001, 
            "Nicaraguan" : 0.03831599, 
            "Salvadoran" : 0.00149, 
            "Indian" : 0.38292682999999994, 
            "Filipino" : 0.00579, 
            "Japanese" : 0.33658537000000005, 
            "Vietnamese" : 0.00509, 
            "Chinese" : 0.10853659, 
            "Thai" : 0.00164, 
            "Korean" : 0.10121951, 
            "Mixed" : 0.00153
        }, 
        "employment_status" : {
            "Armed Forces" : 0.06970681, 
            "Employed" : 0.5491012200000001, 
            "Unemployed" : 0.04301788, 
            "Other" : 0.33817408
        }, 
        "industries" : {
            "Education" : 0.15306122, 
            "Healthcare" : 0.12757185, 
            "Retail" : 0.12099125000000001, 
            "Manufacturing" : 0.10787172, 
            "Government" : 0.08396501, 
            "Hospitality" : 0.07571844999999999, 
            "Construction" : 0.06318201, 
            "Other Services" : 0.04748022, 
            "Administrative" : 0.03552686, 
            "Transportation" : 0.033694289999999995, 
            "Professional" : 0.033069549999999996, 
            "Finance & Insurance" : 0.03227822, 
            "Agriculture" : 0.02257393, 
            "Entertainment" : 0.01649313, 
            "Information" : 0.013910869999999999, 
            "Wholesalers" : 0.013494379999999999, 
            "Real estate" : 0.01091212, 
            "Utilities" : 0.0062057499999999995, 
            "Oil & Gas, and Mining" : 0.00199917, 
            "Management" : 0.0
        }, 
        "educational_attainment" : {
            "Doctorate" : 0.01723249, 
            "Professional" : 0.01272306, 
            "Master's" : 0.08126651000000001, 
            "Bachelor's" : 0.16668814, 
            "Associate's" : 0.0903498, 
            "Some College" : 0.22991689999999998, 
            "High School" : 0.31585388999999997, 
            "Some H.S." : 0.05826838, 
            "Less than H.S." : 0.02486633, 
            "None" : 0.0028344999999999998
        }
    }
}