{
    "name" : "Lewis County", 
	"state" : "Missouri", 
	"FIPS" : "29111",
    "population" : 10146, 
    "demographics" : {
        "race_and_ethnicity" : {
            "White" : 0.92805046, 
            "Hispanic" : 0.01705105, 
            "Black" : 0.02897694, 
            "Asian" : 0.00206978, 
            "Mixed" : 0.01655825, 
            "Other" : 0.00729351
        }, 
        "age_and_sex" : {
            "85+" : 0.02395, 
            "80-84" : 0.032029999999999996, 
            "75-79" : 0.02681, 
            "70-74" : 0.04347, 
            "67-69" : 0.03016, 
            "65-66" : 0.02198, 
            "62-64" : 0.02996, 
            "60-61" : 0.0277, 
            "55-59" : 0.06998, 
            "50-54" : 0.07165, 
            "45-49" : 0.05717, 
            "40-44" : 0.05618, 
            "35-39" : 0.047009999999999996, 
            "30-34" : 0.057859999999999995, 
            "25-29" : 0.055389999999999995, 
            "22-24" : 0.03065, 
            "21" : 0.020499999999999997, 
            "20" : 0.01735, 
            "18-19" : 0.05362, 
            "15-17" : 0.0409, 
            "10-14" : 0.06535, 
            "5-9" : 0.06397, 
            "0-4" : 0.05638
        }, 
        "household_types" : {
            "Married" : 0.5214079300000001, 
            "Single Female" : 0.07433675000000001, 
            "Single Male" : 0.04360389, 
            "One-Person" : 0.29997373, 
            "Other Non-Family" : 0.0606777
        }, 
        "marital_status" : {
            "Never Married" : {
                "female" : 0.24431138, 
                "male" : 0.34034744000000006
            }, 
            "Now Married" : {
                "female" : 0.49461078, 
                "male" : 0.4781013
            }, 
            "Separated" : {
                "female" : 0.013173649999999999, 
                "male" : 0.00415953
            }, 
            "Absent Spouse" : {
                "female" : 0.01724551, 
                "male" : 0.03009542
            }, 
            "Widowed" : {
                "female" : 0.1302994, 
                "male" : 0.03792513
            }, 
            "Divorced" : {
                "female" : 0.10035928, 
                "male" : 0.10937118
            }
        }, 
        "ancestry" : {
            "Unclassified" : 0.31569091, 
            "German" : 0.25517445, 
            "Other" : 0.12803075, 
            "American" : 0.12182140999999999, 
            "Irish" : 0.10122216, 
            "English" : 0.07737039, 
            "Scottish" : 0.03222945, 
            "Italian" : 0.0273014, 
            "Dutch" : 0.01409422, 
            "French" : 0.01350286, 
            "European" : 0.00739208, 
            "Scotch-Irish" : 0.00689927, 
            "British" : 0.005913659999999999, 
            "Polish" : 0.00571654, 
            "Swedish" : 0.00571654, 
            "Lithuanian" : 0.0053222899999999995, 
            "Mexican" : 1.0, 
            "Filipino" : 1.0
        }, 
        "employment_status" : {
            "Armed Forces" : 0.0, 
            "Employed" : 0.59800049, 
            "Unemployed" : 0.03011602, 
            "Other" : 0.37188349000000004
        }, 
        "industries" : {
            "Manufacturing" : 0.17131063000000002, 
            "Healthcare" : 0.13230134, 
            "Retail" : 0.11950464, 
            "Education" : 0.11620227, 
            "Construction" : 0.06914345, 
            "Transportation" : 0.06749226, 
            "Agriculture" : 0.0499484, 
            "Other Services" : 0.04623323, 
            "Finance & Insurance" : 0.040866870000000007, 
            "Hospitality" : 0.038596490000000004, 
            "Entertainment" : 0.02765738, 
            "Wholesalers" : 0.02683179, 
            "Administrative" : 0.026212589999999997, 
            "Professional" : 0.02394221, 
            "Government" : 0.021465429999999997, 
            "Utilities" : 0.00743034, 
            "Information" : 0.00681115, 
            "Real estate" : 0.005985549999999999, 
            "Oil & Gas, and Mining" : 0.00206398, 
            "Management" : 0.0
        }, 
        "educational_attainment" : {
            "Doctorate" : 0.012863199999999998, 
            "Professional" : 0.008020580000000001, 
            "Master's" : 0.03647094, 
            "Bachelor's" : 0.08202179, 
            "Associate's" : 0.05735472, 
            "Some College" : 0.21125908, 
            "High School" : 0.47049030999999997, 
            "Some H.S." : 0.07808717, 
            "Less than H.S." : 0.03404964, 
            "None" : 0.00938257
        }
    }
}