{
    "name" : "Lincoln County", 
	"state" : "Missouri", 
	"FIPS" : "29113",
    "population" : 54286, 
    "demographics" : {
        "race_and_ethnicity" : {
            "White" : 0.93488192, 
            "Hispanic" : 0.021755149999999997, 
            "Black" : 0.01799727, 
            "Asian" : 0.004513130000000001, 
            "Mixed" : 0.01654202, 
            "Other" : 0.0043105
        }, 
        "age_and_sex" : {
            "85+" : 0.015309999999999999, 
            "80-84" : 0.01207, 
            "75-79" : 0.020390000000000002, 
            "70-74" : 0.028069999999999998, 
            "67-69" : 0.029660000000000002, 
            "65-66" : 0.01724, 
            "62-64" : 0.027759999999999996, 
            "60-61" : 0.022770000000000002, 
            "55-59" : 0.07643, 
            "50-54" : 0.07768, 
            "45-49" : 0.07005, 
            "40-44" : 0.06562, 
            "35-39" : 0.05808, 
            "30-34" : 0.06702, 
            "25-29" : 0.06256, 
            "22-24" : 0.035089999999999996, 
            "21" : 0.014499999999999999, 
            "20" : 0.01153, 
            "18-19" : 0.02491, 
            "15-17" : 0.048369999999999996, 
            "10-14" : 0.07411, 
            "5-9" : 0.07475, 
            "0-4" : 0.06604
        }, 
        "household_types" : {
            "Married" : 0.55503665, 
            "Single Female" : 0.11979365, 
            "Single Male" : 0.0579962, 
            "One-Person" : 0.22568558, 
            "Other Non-Family" : 0.041487920000000005
        }, 
        "marital_status" : {
            "Never Married" : {
                "female" : 0.25851379, 
                "male" : 0.31511805
            }, 
            "Now Married" : {
                "female" : 0.49301313999999996, 
                "male" : 0.50304646
            }, 
            "Separated" : {
                "female" : 0.018924669999999998, 
                "male" : 0.01118621
            }, 
            "Absent Spouse" : {
                "female" : 0.02419952, 
                "male" : 0.019230769999999998
            }, 
            "Widowed" : {
                "female" : 0.08796039, 
                "male" : 0.03279703
            }, 
            "Divorced" : {
                "female" : 0.11738849, 
                "male" : 0.11862148
            }
        }, 
        "ancestry" : {
            "German" : 0.33411929, 
            "Unclassified" : 0.23004089, 
            "Irish" : 0.16573333999999998, 
            "Other" : 0.15539918, 
            "English" : 0.10743101, 
            "American" : 0.08582323, 
            "Italian" : 0.04973658, 
            "French" : 0.03669454, 
            "Polish" : 0.027778800000000003, 
            "Dutch" : 0.013963080000000001, 
            "European" : 0.01212099, 
            "Scottish" : 0.011420989999999999, 
            "Scotch-Irish" : 0.00882364, 
            "Czech" : 0.00690786, 
            "Swedish" : 0.0067052299999999995, 
            "Norwegian" : 0.005452599999999999, 
            "Mexican" : 0.7263763400000001, 
            "Other Hispanic" : 0.01628, 
            "Spaniard" : 0.20377979, 
            "Central American" : 0.00457, 
            "Guatemalan" : 0.15529992, 
            "Costa Rican" : 0.0034799999999999996, 
            "Puerto Rican" : 0.04437140999999999, 
            "South American" : 0.00099, 
            "Uruguayan" : 0.02547247, 
            "Spanish" : 0.00057, 
            "Chinese" : 0.39183672999999997, 
            "Filipino" : 0.0017699999999999999, 
            "Vietnamese" : 0.2244898, 
            "Indian" : 0.00101, 
            "Japanese" : 0.19591837
        }, 
        "employment_status" : {
            "Armed Forces" : 0.0005491399999999999, 
            "Employed" : 0.57921879, 
            "Unemployed" : 0.05116512, 
            "Other" : 0.36906695
        }, 
        "industries" : {
            "Manufacturing" : 0.16545754, 
            "Retail" : 0.13577906, 
            "Healthcare" : 0.11933223, 
            "Construction" : 0.11224237000000001, 
            "Education" : 0.06104699, 
            "Hospitality" : 0.054451770000000004, 
            "Finance & Insurance" : 0.05329761, 
            "Transportation" : 0.04653751, 
            "Other Services" : 0.04352844, 
            "Government" : 0.03973619, 
            "Administrative" : 0.0350371, 
            "Professional" : 0.03454246, 
            "Wholesalers" : 0.02984336, 
            "Entertainment" : 0.01871393, 
            "Real estate" : 0.0135202, 
            "Information" : 0.0133141, 
            "Utilities" : 0.01207749, 
            "Agriculture" : 0.00915087, 
            "Oil & Gas, and Mining" : 0.00234955, 
            "Management" : 4.1219999999999995e-05
        }, 
        "educational_attainment" : {
            "Doctorate" : 0.005944970000000001, 
            "Professional" : 0.00379345, 
            "Master's" : 0.03977466, 
            "Bachelor's" : 0.10262145, 
            "Associate's" : 0.08982561, 
            "Some College" : 0.20603556, 
            "High School" : 0.42427244999999997, 
            "Some H.S." : 0.09611029, 
            "Less than H.S." : 0.022675800000000003, 
            "None" : 0.00894576
        }
    }
}