{
    "name" : "Macon County", 
	"state" : "Missouri", 
	"FIPS" : "29121",
    "population" : 15399, 
    "demographics" : {
        "race_and_ethnicity" : {
            "White" : 0.94122995, 
            "Hispanic" : 0.01052016, 
            "Black" : 0.02305345, 
            "Asian" : 0.00415611, 
            "Mixed" : 0.018183, 
            "Other" : 0.00285733
        }, 
        "age_and_sex" : {
            "85+" : 0.03448, 
            "80-84" : 0.02896, 
            "75-79" : 0.03637, 
            "70-74" : 0.047990000000000005, 
            "67-69" : 0.03812, 
            "65-66" : 0.025779999999999997, 
            "62-64" : 0.042409999999999996, 
            "60-61" : 0.028380000000000002, 
            "55-59" : 0.06559, 
            "50-54" : 0.06741, 
            "45-49" : 0.0613, 
            "40-44" : 0.05734, 
            "35-39" : 0.04929, 
            "30-34" : 0.054610000000000006, 
            "25-29" : 0.05202, 
            "22-24" : 0.02429, 
            "21" : 0.00968, 
            "20" : 0.01721, 
            "18-19" : 0.01994, 
            "15-17" : 0.03935, 
            "10-14" : 0.06254, 
            "5-9" : 0.07513, 
            "0-4" : 0.06182000000000001
        }, 
        "household_types" : {
            "Married" : 0.48810891, 
            "Single Female" : 0.09316057000000001, 
            "Single Male" : 0.02624241, 
            "One-Person" : 0.34836805, 
            "Other Non-Family" : 0.044120059999999996
        }, 
        "marital_status" : {
            "Never Married" : {
                "female" : 0.19478039, 
                "male" : 0.27287771
            }, 
            "Now Married" : {
                "female" : 0.47231063, 
                "male" : 0.49826245
            }, 
            "Separated" : {
                "female" : 0.02657543, 
                "male" : 0.015058750000000001
            }, 
            "Absent Spouse" : {
                "female" : 0.013526419999999999, 
                "male" : 0.024160189999999998
            }, 
            "Widowed" : {
                "female" : 0.15849776999999998, 
                "male" : 0.04054278
            }, 
            "Divorced" : {
                "female" : 0.13430936000000002, 
                "male" : 0.14909813
            }
        }, 
        "ancestry" : {
            "Unclassified" : 0.30885122, 
            "German" : 0.24702902999999998, 
            "Other" : 0.16507565, 
            "American" : 0.11351386, 
            "Irish" : 0.10052601, 
            "English" : 0.09922722, 
            "Italian" : 0.03734009, 
            "Welsh" : 0.022144300000000002, 
            "French" : 0.018118060000000002, 
            "Scottish" : 0.01616988, 
            "Dutch" : 0.01448146, 
            "Scotch-Irish" : 0.01344243, 
            "European" : 0.01253328, 
            "Polish" : 0.00974089, 
            "Swedish" : 0.00649393, 
            "Norwegian" : 0.00629911, 
            "Mexican" : 0.79234973, 
            "Other Hispanic" : 0.00942, 
            "Puerto Rican" : 0.13661202, 
            "Central American" : 0.0016200000000000001, 
            "Salvadoran" : 0.03825137, 
            "Chinese" : 0.765625, 
            "Filipino" : 0.00318, 
            "Korean" : 0.171875
        }, 
        "employment_status" : {
            "Armed Forces" : 0.00041268, 
            "Employed" : 0.5318587, 
            "Unemployed" : 0.049191149999999996, 
            "Other" : 0.41853746999999997
        }, 
        "industries" : {
            "Healthcare" : 0.16325264, 
            "Retail" : 0.14183737000000002, 
            "Manufacturing" : 0.1213532, 
            "Education" : 0.08860956, 
            "Construction" : 0.08410925000000001, 
            "Government" : 0.06409063, 
            "Hospitality" : 0.05679702, 
            "Transportation" : 0.041899439999999996, 
            "Other Services" : 0.03755431, 
            "Professional" : 0.031657359999999996, 
            "Agriculture" : 0.02917443, 
            "Administrative" : 0.02886406, 
            "Finance & Insurance" : 0.025139659999999998, 
            "Information" : 0.020639349999999997, 
            "Wholesalers" : 0.01955307, 
            "Real estate" : 0.01831161, 
            "Utilities" : 0.017380510000000002, 
            "Entertainment" : 0.00869025, 
            "Oil & Gas, and Mining" : 0.00108628, 
            "Management" : 0.0
        }, 
        "educational_attainment" : {
            "Doctorate" : 0.0025409399999999998, 
            "Professional" : 0.00527009, 
            "Master's" : 0.03717297, 
            "Bachelor's" : 0.11321287, 
            "Associate's" : 0.07236966, 
            "Some College" : 0.19979296000000002, 
            "High School" : 0.44409938, 
            "Some H.S." : 0.08168642999999999, 
            "Less than H.S." : 0.03086768, 
            "None" : 0.01298701
        }
    }
}