{
    "name" : "Moniteau County", 
	"state" : "Missouri", 
	"FIPS" : "29135",
    "population" : 15840, 
    "demographics" : {
        "race_and_ethnicity" : {
            "White" : 0.8977904, 
            "Hispanic" : 0.044633839999999994, 
            "Black" : 0.03364899, 
            "Asian" : 0.00088384, 
            "Mixed" : 0.01982323, 
            "Other" : 0.0032197
        }, 
        "age_and_sex" : {
            "85+" : 0.02229, 
            "80-84" : 0.01799, 
            "75-79" : 0.027149999999999997, 
            "70-74" : 0.04375, 
            "67-69" : 0.02146, 
            "65-66" : 0.01698, 
            "62-64" : 0.03775, 
            "60-61" : 0.02418, 
            "55-59" : 0.0524, 
            "50-54" : 0.07159, 
            "45-49" : 0.07058, 
            "40-44" : 0.06471, 
            "35-39" : 0.06679, 
            "30-34" : 0.06817999999999999, 
            "25-29" : 0.06237, 
            "22-24" : 0.0339, 
            "21" : 0.011810000000000001, 
            "20" : 0.012310000000000001, 
            "18-19" : 0.01957, 
            "15-17" : 0.04255, 
            "10-14" : 0.07506, 
            "5-9" : 0.07039, 
            "0-4" : 0.06622
        }, 
        "household_types" : {
            "Married" : 0.5975965, 
            "Single Female" : 0.07665696, 
            "Single Male" : 0.0311362, 
            "One-Person" : 0.25364166, 
            "Other Non-Family" : 0.04096868
        }, 
        "marital_status" : {
            "Never Married" : {
                "female" : 0.18962312, 
                "male" : 0.30395738
            }, 
            "Now Married" : {
                "female" : 0.57867162, 
                "male" : 0.49041096
            }, 
            "Separated" : {
                "female" : 0.013520369999999999, 
                "male" : 0.01856925
            }, 
            "Absent Spouse" : {
                "female" : 0.02129457, 
                "male" : 0.03424658
            }, 
            "Widowed" : {
                "female" : 0.10258577, 
                "male" : 0.02983257
            }, 
            "Divorced" : {
                "female" : 0.09430455, 
                "male" : 0.12298326
            }
        }, 
        "ancestry" : {
            "German" : 0.32373736999999997, 
            "Unclassified" : 0.22834596000000001, 
            "Other" : 0.20492424, 
            "American" : 0.11691919, 
            "Irish" : 0.10833332999999999, 
            "English" : 0.07626263, 
            "Swiss" : 0.02657828, 
            "French" : 0.02114899, 
            "Italian" : 0.0177399, 
            "Scottish" : 0.01262626, 
            "European" : 0.01231061, 
            "Scotch-Irish" : 0.01066919, 
            "Swedish" : 0.010606059999999999, 
            "Polish" : 0.00984848, 
            "Dutch" : 0.00965909, 
            "Norwegian" : 0.00707071, 
            "Pennsylvania German" : 0.005618689999999999, 
            "Mexican" : 0.86421499, 
            "Puerto Rican" : 0.03857, 
            "Dominican" : 0.06647808000000001, 
            "Cuban" : 0.00297, 
            "Filipino" : 0.8571428600000001, 
            "Japanese" : 0.0007599999999999999
        }, 
        "employment_status" : {
            "Armed Forces" : 0.00114745, 
            "Employed" : 0.55487255, 
            "Unemployed" : 0.027046960000000002, 
            "Other" : 0.41693304
        }, 
        "industries" : {
            "Government" : 0.14076809, 
            "Manufacturing" : 0.12422452, 
            "Healthcare" : 0.10649926000000001, 
            "Retail" : 0.09704579, 
            "Education" : 0.08641064, 
            "Hospitality" : 0.08109306, 
            "Construction" : 0.07828655999999999, 
            "Agriculture" : 0.052289510000000004, 
            "Other Services" : 0.048892170000000006, 
            "Finance & Insurance" : 0.0437223, 
            "Transportation" : 0.03412112, 
            "Administrative" : 0.02658789, 
            "Wholesalers" : 0.02127031, 
            "Utilities" : 0.01772526, 
            "Professional" : 0.016395859999999998, 
            "Information" : 0.01299852, 
            "Real estate" : 0.00723781, 
            "Entertainment" : 0.00369276, 
            "Oil & Gas, and Mining" : 0.00073855, 
            "Management" : 0.0
        }, 
        "educational_attainment" : {
            "Doctorate" : 0.00359033, 
            "Professional" : 0.00481859, 
            "Master's" : 0.03495843, 
            "Bachelor's" : 0.13945578, 
            "Associate's" : 0.04950869, 
            "Some College" : 0.16666667000000002, 
            "High School" : 0.43650794, 
            "Some H.S." : 0.07756992, 
            "Less than H.S." : 0.07690854, 
            "None" : 0.010015119999999999
        }
    }
}