{
    "name" : "Monroe County", 
	"state" : "Missouri", 
	"FIPS" : "29137",
    "population" : 8642, 
    "demographics" : {
        "race_and_ethnicity" : {
            "White" : 0.93566304, 
            "Hispanic" : 0.013654250000000001, 
            "Black" : 0.02927563, 
            "Asian" : 0.00231428, 
            "Mixed" : 0.0083314, 
            "Other" : 0.0107614
        }, 
        "age_and_sex" : {
            "85+" : 0.02268, 
            "80-84" : 0.01956, 
            "75-79" : 0.04652, 
            "70-74" : 0.048949999999999994, 
            "67-69" : 0.03726, 
            "65-66" : 0.032170000000000004, 
            "62-64" : 0.04571, 
            "60-61" : 0.029740000000000003, 
            "55-59" : 0.08297, 
            "50-54" : 0.07521, 
            "45-49" : 0.05971, 
            "40-44" : 0.05253, 
            "35-39" : 0.054619999999999995, 
            "30-34" : 0.053230000000000006, 
            "25-29" : 0.0471, 
            "22-24" : 0.031709999999999995, 
            "21" : 0.00787, 
            "20" : 0.00787, 
            "18-19" : 0.020710000000000003, 
            "15-17" : 0.044199999999999996, 
            "10-14" : 0.07591, 
            "5-9" : 0.05126, 
            "0-4" : 0.05253
        }, 
        "household_types" : {
            "Married" : 0.5476731, 
            "Single Female" : 0.09052213, 
            "Single Male" : 0.02099886, 
            "One-Person" : 0.28405221, 
            "Other Non-Family" : 0.056753689999999996
        }, 
        "marital_status" : {
            "Never Married" : {
                "female" : 0.19051627, 
                "male" : 0.25531915
            }, 
            "Now Married" : {
                "female" : 0.53703704, 
                "male" : 0.55092199
            }, 
            "Separated" : {
                "female" : 0.01515152, 
                "male" : 0.0212766
            }, 
            "Absent Spouse" : {
                "female" : 0.01823793, 
                "male" : 0.0141844
            }, 
            "Widowed" : {
                "female" : 0.10353535000000001, 
                "male" : 0.036028370000000004
            }, 
            "Divorced" : {
                "female" : 0.13552189, 
                "male" : 0.1222695
            }
        }, 
        "ancestry" : {
            "Unclassified" : 0.32018051, 
            "German" : 0.22517936, 
            "American" : 0.16558667, 
            "Irish" : 0.12149965, 
            "Other" : 0.11617680999999999, 
            "English" : 0.09164545, 
            "European" : 0.01967137, 
            "Dutch" : 0.0133071, 
            "Swedish" : 0.01238139, 
            "Italian" : 0.012149970000000001, 
            "French" : 0.0107614, 
            "Scotch-Irish" : 0.01018283, 
            "Scottish" : 0.00636427, 
            "Pennsylvania German" : 0.00590141, 
            "Welsh" : 0.00566998, 
            "Mexican" : 0.56451613, 
            "Puerto Rican" : 0.008100000000000001, 
            "Other Hispanic" : 0.35483871, 
            "South American" : 0.00509, 
            "Peruvian" : 0.048387099999999995, 
            "Vietnamese" : 0.55, 
            "Thai" : 0.00127, 
            "Filipino" : 0.25
        }, 
        "employment_status" : {
            "Armed Forces" : 0.00100748, 
            "Employed" : 0.55627519, 
            "Unemployed" : 0.03353483, 
            "Other" : 0.4091825
        }, 
        "industries" : {
            "Manufacturing" : 0.1839586, 
            "Healthcare" : 0.17309185, 
            "Retail" : 0.11668823, 
            "Agriculture" : 0.076326, 
            "Transportation" : 0.07606727, 
            "Education" : 0.07425614, 
            "Government" : 0.050452779999999996, 
            "Construction" : 0.04010349, 
            "Administrative" : 0.03984476, 
            "Other Services" : 0.03622251, 
            "Hospitality" : 0.02871928, 
            "Finance & Insurance" : 0.027684350000000003, 
            "Professional" : 0.01888745, 
            "Wholesalers" : 0.01785252, 
            "Information" : 0.01578266, 
            "Entertainment" : 0.014489, 
            "Utilities" : 0.00595084, 
            "Real estate" : 0.00310479, 
            "Oil & Gas, and Mining" : 0.00051746, 
            "Management" : 0.0
        }, 
        "educational_attainment" : {
            "Doctorate" : 0.00261523, 
            "Professional" : 0.006211179999999999, 
            "Master's" : 0.037430530000000004, 
            "Bachelor's" : 0.09398495999999999, 
            "Associate's" : 0.06881334, 
            "Some College" : 0.20774763, 
            "High School" : 0.48022229000000005, 
            "Some H.S." : 0.06881334, 
            "Less than H.S." : 0.02827721, 
            "None" : 0.0058842799999999995
        }
    }
}