{
    "name" : "St Louis County", 
	"state" : "Missouri", 
	"FIPS" : "29189",
    "population" : 1000560, 
    "demographics" : {
        "race_and_ethnicity" : {
            "White" : 0.67353682, 
            "Hispanic" : 0.02600544, 
            "Black" : 0.23578796000000002, 
            "Asian" : 0.03843748, 
            "Mixed" : 0.02270728, 
            "Other" : 0.00352503
        }, 
        "age_and_sex" : {
            "85+" : 0.02626, 
            "80-84" : 0.02237, 
            "75-79" : 0.02787, 
            "70-74" : 0.03744, 
            "67-69" : 0.02847, 
            "65-66" : 0.02229, 
            "62-64" : 0.03784, 
            "60-61" : 0.02735, 
            "55-59" : 0.07379, 
            "50-54" : 0.07464, 
            "45-49" : 0.06496, 
            "40-44" : 0.05958, 
            "35-39" : 0.05785, 
            "30-34" : 0.06305, 
            "25-29" : 0.06331, 
            "22-24" : 0.03916, 
            "21" : 0.01201, 
            "20" : 0.01206, 
            "18-19" : 0.02537, 
            "15-17" : 0.040940000000000004, 
            "10-14" : 0.06458, 
            "5-9" : 0.060540000000000004, 
            "0-4" : 0.05826
        }, 
        "household_types" : {
            "Married" : 0.46377789, 
            "Single Female" : 0.14066654, 
            "Single Male" : 0.041352599999999996, 
            "One-Person" : 0.30325155, 
            "Other Non-Family" : 0.05095142
        }, 
        "marital_status" : {
            "Never Married" : {
                "female" : 0.30661809, 
                "male" : 0.34760121
            }, 
            "Now Married" : {
                "female" : 0.43196297, 
                "male" : 0.49802728
            }, 
            "Separated" : {
                "female" : 0.01776433, 
                "male" : 0.01362781
            }, 
            "Absent Spouse" : {
                "female" : 0.01786516, 
                "male" : 0.02037868
            }, 
            "Widowed" : {
                "female" : 0.09862505, 
                "male" : 0.03022391
            }, 
            "Divorced" : {
                "female" : 0.1271644, 
                "male" : 0.09014111
            }
        }, 
        "ancestry" : {
            "Other" : 0.33133245, 
            "German" : 0.25790158, 
            "Irish" : 0.1360758, 
            "Unclassified" : 0.13126749000000001, 
            "English" : 0.07690094, 
            "American" : 0.06113377, 
            "Italian" : 0.05146218, 
            "French" : 0.032454830000000004, 
            "Polish" : 0.026737030000000002, 
            "Scottish" : 0.014899659999999999, 
            "European" : 0.01349644, 
            "Russian" : 0.011893339999999999, 
            "Dutch" : 0.01049812, 
            "Subsaharan African" : 0.0098145, 
            "Scotch-Irish" : 0.00919285, 
            "Yugoslavian" : 0.008837049999999999, 
            "Swedish" : 0.00784261, 
            "Arab" : 0.007090030000000001, 
            "Czech" : 0.006658269999999999, 
            "Norwegian" : 0.00635844, 
            "Mexican" : 0.58701126, 
            "Central American" : 0.01585, 
            "South American" : 0.10382109, 
            "Puerto Rican" : 0.0028000000000000004, 
            "Other Hispanic" : 0.09826718, 
            "Guatemalan" : 0.00265, 
            "Spaniard" : 0.09449052, 
            "Colombian" : 0.00255, 
            "Cuban" : 0.07519993999999999, 
            "Honduran" : 0.00203, 
            "Peruvian" : 0.04298726, 
            "Salvadoran" : 0.00116, 
            "Spanish" : 0.03876629, 
            "Dominican" : 0.00105, 
            "Argentinean" : 0.03154621, 
            "Ecuadorian" : 0.0008500000000000001, 
            "Venezuelan" : 0.026806869999999997, 
            "Panamanian" : 0.0007199999999999999, 
            "Nicaraguan" : 0.02058649, 
            "Bolivian" : 0.0005600000000000001, 
            "Indian" : 0.34005043999999995, 
            "Chinese" : 0.01307, 
            "Vietnamese" : 0.25172261, 
            "Filipino" : 0.00968, 
            "Korean" : 0.09045997, 
            "Pakistani" : 0.0034799999999999996, 
            "Japanese" : 0.07844718, 
            "Not Specified" : 0.00302, 
            "Mixed" : 0.07449492, 
            "Thai" : 0.0028599999999999997, 
            "Taiwanese" : 0.050495330000000005, 
            "Bangladeshi" : 0.00194, 
            "Nepalese" : 0.01796719, 
            "Laotian" : 0.0006900000000000001, 
            "Burmese" : 0.01632908, 
            "Indonesian" : 0.00063
        }, 
        "employment_status" : {
            "Armed Forces" : 0.00025760999999999997, 
            "Employed" : 0.61579109, 
            "Unemployed" : 0.04419753, 
            "Other" : 0.33975375999999996
        }, 
        "industries" : {
            "Healthcare" : 0.15443426000000002, 
            "Retail" : 0.11150026, 
            "Education" : 0.10196319000000001, 
            "Manufacturing" : 0.09968149, 
            "Professional" : 0.08065383000000001, 
            "Finance & Insurance" : 0.06978290000000001, 
            "Hospitality" : 0.06859052, 
            "Other Services" : 0.04867564, 
            "Construction" : 0.04250959, 
            "Administrative" : 0.04247523, 
            "Transportation" : 0.038853610000000004, 
            "Wholesalers" : 0.03007239, 
            "Government" : 0.026715520000000003, 
            "Real estate" : 0.024100350000000003, 
            "Entertainment" : 0.02377295, 
            "Information" : 0.02365169, 
            "Utilities" : 0.00698051, 
            "Agriculture" : 0.00287385, 
            "Management" : 0.00180677, 
            "Oil & Gas, and Mining" : 0.0009054099999999999
        }, 
        "educational_attainment" : {
            "Doctorate" : 0.02015209, 
            "Professional" : 0.03229513, 
            "Master's" : 0.12409669, 
            "Bachelor's" : 0.24727698, 
            "Associate's" : 0.07440594, 
            "Some College" : 0.21586479, 
            "High School" : 0.21540949999999998, 
            "Some H.S." : 0.04917, 
            "Less than H.S." : 0.0158741, 
            "None" : 0.00545477
        }
    }
}