{
    "name" : "Garfield County", 
	"state" : "Colorado", 
	"FIPS" : "08045",
    "population" : 57495, 
    "demographics" : {
        "race_and_ethnicity" : {
            "White" : 0.6883729, 
            "Hispanic" : 0.27541525, 
            "Black" : 0.00808766, 
            "Asian" : 0.00744413, 
            "Mixed" : 0.01224454, 
            "Other" : 0.00843552
        }, 
        "age_and_sex" : {
            "85+" : 0.010700000000000001, 
            "80-84" : 0.01061, 
            "75-79" : 0.01746, 
            "70-74" : 0.023119999999999998, 
            "67-69" : 0.02188, 
            "65-66" : 0.02242, 
            "62-64" : 0.0359, 
            "60-61" : 0.02529, 
            "55-59" : 0.06947, 
            "50-54" : 0.07135, 
            "45-49" : 0.06729, 
            "40-44" : 0.06721, 
            "35-39" : 0.07663, 
            "30-34" : 0.07187, 
            "25-29" : 0.06705, 
            "22-24" : 0.04338, 
            "21" : 0.0070999999999999995, 
            "20" : 0.00772, 
            "18-19" : 0.02315, 
            "15-17" : 0.04087, 
            "10-14" : 0.06468, 
            "5-9" : 0.08272, 
            "0-4" : 0.07214999999999999
        }, 
        "household_types" : {
            "Married" : 0.58446873, 
            "Single Female" : 0.10090992, 
            "Single Male" : 0.03832266, 
            "One-Person" : 0.20961918000000002, 
            "Other Non-Family" : 0.06667951
        }, 
        "marital_status" : {
            "Never Married" : {
                "female" : 0.21839974, 
                "male" : 0.27510538
            }, 
            "Now Married" : {
                "female" : 0.5589002200000001, 
                "male" : 0.56702733
            }, 
            "Separated" : {
                "female" : 0.01999177, 
                "male" : 0.01186286
            }, 
            "Absent Spouse" : {
                "female" : 0.01683517, 
                "male" : 0.024725160000000003
            }, 
            "Widowed" : {
                "female" : 0.07100050000000001, 
                "male" : 0.01907617
            }, 
            "Divorced" : {
                "female" : 0.11487259, 
                "male" : 0.10220309999999999
            }
        }, 
        "ancestry" : {
            "Other" : 0.37006696, 
            "German" : 0.18965126999999998, 
            "Unclassified" : 0.13578572, 
            "Irish" : 0.10395687, 
            "English" : 0.10341768999999999, 
            "American" : 0.06786677, 
            "Italian" : 0.046873639999999994, 
            "Swedish" : 0.02798504, 
            "French" : 0.026367509999999997, 
            "Scottish" : 0.023515090000000002, 
            "Norwegian" : 0.01859292, 
            "Dutch" : 0.01803635, 
            "Polish" : 0.01735803, 
            "European" : 0.01681885, 
            "Scotch-Irish" : 0.013044610000000002, 
            "Russian" : 0.0094443, 
            "Swiss" : 0.006957130000000001, 
            "Finnish" : 0.006574480000000001, 
            "Danish" : 0.00650491, 
            "French Canadian" : 0.0055657, 
            "Mexican" : 0.8254858, 
            "Other Hispanic" : 0.23052, 
            "Central American" : 0.07193572, 
            "Salvadoran" : 0.02009, 
            "South American" : 0.05910563, 
            "Argentinean" : 0.01651, 
            "Spaniard" : 0.04521674, 
            "Honduran" : 0.012629999999999999, 
            "Puerto Rican" : 0.029147979999999997, 
            "Cuban" : 0.00814, 
            "Indian" : 0.31542055999999996, 
            "Japanese" : 0.0023499999999999997, 
            "Chinese" : 0.29439252, 
            "Cambodian" : 0.00219, 
            "Filipino" : 0.13551401999999999, 
            "Korean" : 0.00101
        }, 
        "employment_status" : {
            "Armed Forces" : 0.0011984699999999999, 
            "Employed" : 0.67274947, 
            "Unemployed" : 0.04468263, 
            "Other" : 0.28136942000000004
        }, 
        "industries" : {
            "Construction" : 0.16863299, 
            "Retail" : 0.11085342000000001, 
            "Healthcare" : 0.10329065, 
            "Education" : 0.07424961, 
            "Hospitality" : 0.06984639, 
            "Other Services" : 0.05626702, 
            "Professional" : 0.05462001, 
            "Administrative" : 0.05085543000000001, 
            "Government" : 0.04688918, 
            "Entertainment" : 0.04117509, 
            "Oil & Gas, and Mining" : 0.035797119999999995, 
            "Transportation" : 0.03334342, 
            "Finance & Insurance" : 0.03179725, 
            "Real estate" : 0.02857047, 
            "Wholesalers" : 0.026318440000000002, 
            "Manufacturing" : 0.02544452, 
            "Information" : 0.015327219999999999, 
            "Agriculture" : 0.01515915, 
            "Utilities" : 0.011562639999999999, 
            "Management" : 0.0
        }, 
        "educational_attainment" : {
            "Doctorate" : 0.00787422, 
            "Professional" : 0.01635619, 
            "Master's" : 0.07750033, 
            "Bachelor's" : 0.18961554, 
            "Associate's" : 0.08341921, 
            "Some College" : 0.20758356, 
            "High School" : 0.28698639, 
            "Some H.S." : 0.07134364, 
            "Less than H.S." : 0.04600344, 
            "None" : 0.01331748
        }
    }
}