{
    "name" : "Pueblo County", 
	"state" : "Colorado", 
	"FIPS" : "08101",
    "population" : 162158, 
    "demographics" : {
        "race_and_ethnicity" : {
            "White" : 0.52689352, 
            "Hispanic" : 0.41881375, 
            "Black" : 0.022354739999999998, 
            "Asian" : 0.0078257, 
            "Mixed" : 0.01634209, 
            "Other" : 0.0077702000000000005
        }, 
        "age_and_sex" : {
            "85+" : 0.02366, 
            "80-84" : 0.02096, 
            "75-79" : 0.029740000000000003, 
            "70-74" : 0.04032, 
            "67-69" : 0.0311, 
            "65-66" : 0.02355, 
            "62-64" : 0.03986, 
            "60-61" : 0.0273, 
            "55-59" : 0.06689, 
            "50-54" : 0.06713, 
            "45-49" : 0.05973, 
            "40-44" : 0.05667, 
            "35-39" : 0.05944, 
            "30-34" : 0.06267, 
            "25-29" : 0.06184, 
            "22-24" : 0.03939, 
            "21" : 0.01425, 
            "20" : 0.01505, 
            "18-19" : 0.02691, 
            "15-17" : 0.04059, 
            "10-14" : 0.06837, 
            "5-9" : 0.0641, 
            "0-4" : 0.060469999999999996
        }, 
        "household_types" : {
            "Married" : 0.44248716, 
            "Single Female" : 0.13960476, 
            "Single Male" : 0.059555800000000006, 
            "One-Person" : 0.30207158, 
            "Other Non-Family" : 0.0562807
        }, 
        "marital_status" : {
            "Never Married" : {
                "female" : 0.27666338, 
                "male" : 0.34557695000000005
            }, 
            "Now Married" : {
                "female" : 0.42980807, 
                "male" : 0.43875059
            }, 
            "Separated" : {
                "female" : 0.020044179999999998, 
                "male" : 0.014451229999999999
            }, 
            "Absent Spouse" : {
                "female" : 0.02711859, 
                "male" : 0.03021763
            }, 
            "Widowed" : {
                "female" : 0.09545984, 
                "male" : 0.03173634
            }, 
            "Divorced" : {
                "female" : 0.15090594, 
                "male" : 0.13926726
            }
        }, 
        "ancestry" : {
            "Other" : 0.4805005, 
            "Unclassified" : 0.15065552999999998, 
            "German" : 0.14585774, 
            "Irish" : 0.09512944, 
            "English" : 0.07231219, 
            "Italian" : 0.06752057, 
            "American" : 0.04170624, 
            "French" : 0.021115210000000002, 
            "Scottish" : 0.017729619999999998, 
            "Polish" : 0.01336968, 
            "Dutch" : 0.01325251, 
            "Norwegian" : 0.011864969999999999, 
            "Slovene" : 0.01129762, 
            "Scotch-Irish" : 0.011186620000000001, 
            "Swedish" : 0.010212259999999999, 
            "European" : 0.007782529999999999, 
            "Welsh" : 0.007338519999999999, 
            "Mexican" : 0.63900162, 
            "Other Hispanic" : 0.27187, 
            "Spanish" : 0.31913844999999996, 
            "Spaniard" : 0.13577999999999998, 
            "Puerto Rican" : 0.0859375, 
            "Central American" : 0.03656, 
            "South American" : 0.06099258, 
            "Filipino" : 0.25216706, 
            "Korean" : 0.00197, 
            "Chinese" : 0.18518519, 
            "Indian" : 0.00145, 
            "Vietnamese" : 0.17966902999999998, 
            "Thai" : 0.0014099999999999998, 
            "Japanese" : 0.13238771, 
            "Cambodian" : 0.00104, 
            "Mixed" : 0.09141056, 
            "Not Specified" : 0.0007199999999999999
        }, 
        "employment_status" : {
            "Armed Forces" : 0.00142421, 
            "Employed" : 0.51294244, 
            "Unemployed" : 0.05482832, 
            "Other" : 0.43080503
        }, 
        "industries" : {
            "Healthcare" : 0.1947382, 
            "Retail" : 0.13623329, 
            "Hospitality" : 0.08713528999999999, 
            "Education" : 0.08152149, 
            "Construction" : 0.07713666, 
            "Government" : 0.07181113, 
            "Manufacturing" : 0.07091596, 
            "Administrative" : 0.0506911, 
            "Other Services" : 0.04129937, 
            "Professional" : 0.03125522, 
            "Transportation" : 0.03098211, 
            "Finance & Insurance" : 0.024154520000000002, 
            "Wholesalers" : 0.02192417, 
            "Information" : 0.01952692, 
            "Real estate" : 0.01800968, 
            "Entertainment" : 0.01570347, 
            "Utilities" : 0.012623470000000001, 
            "Agriculture" : 0.01037795, 
            "Oil & Gas, and Mining" : 0.00344414, 
            "Management" : 0.00051586
        }, 
        "educational_attainment" : {
            "Doctorate" : 0.00753773, 
            "Professional" : 0.00988179, 
            "Master's" : 0.060733920000000004, 
            "Bachelor's" : 0.13423602, 
            "Associate's" : 0.11697277, 
            "Some College" : 0.26029084999999996, 
            "High School" : 0.29280422, 
            "Some H.S." : 0.07762028, 
            "Less than H.S." : 0.03183314, 
            "None" : 0.008089279999999999
        }
    }
}