{
    "name" : "Prowers County", 
	"state" : "Colorado", 
	"FIPS" : "08099",
    "population" : 12121, 
    "demographics" : {
        "race_and_ethnicity" : {
            "White" : 0.60688062, 
            "Hispanic" : 0.36515138999999996, 
            "Black" : 0.006435110000000001, 
            "Asian" : 0.00816764, 
            "Mixed" : 0.00973517, 
            "Other" : 0.00363006
        }, 
        "age_and_sex" : {
            "85+" : 0.02186, 
            "80-84" : 0.025, 
            "75-79" : 0.02483, 
            "70-74" : 0.0311, 
            "67-69" : 0.0302, 
            "65-66" : 0.0269, 
            "62-64" : 0.033170000000000005, 
            "60-61" : 0.03209, 
            "55-59" : 0.0707, 
            "50-54" : 0.06756999999999999, 
            "45-49" : 0.05305, 
            "40-44" : 0.060309999999999996, 
            "35-39" : 0.05255, 
            "30-34" : 0.06056, 
            "25-29" : 0.05535999999999999, 
            "22-24" : 0.03919, 
            "21" : 0.01213, 
            "20" : 0.01543, 
            "18-19" : 0.03061, 
            "15-17" : 0.04529, 
            "10-14" : 0.07722000000000001, 
            "5-9" : 0.06716, 
            "0-4" : 0.06773
        }, 
        "household_types" : {
            "Married" : 0.49458852, 
            "Single Female" : 0.11496835000000001, 
            "Single Male" : 0.06881764, 
            "One-Person" : 0.27690423, 
            "Other Non-Family" : 0.044721260000000006
        }, 
        "marital_status" : {
            "Never Married" : {
                "female" : 0.25026004, 
                "male" : 0.28990091
            }, 
            "Now Married" : {
                "female" : 0.51196172, 
                "male" : 0.52329749
            }, 
            "Separated" : {
                "female" : 0.01414604, 
                "male" : 0.02150538
            }, 
            "Absent Spouse" : {
                "female" : 0.01331392, 
                "male" : 0.02656546
            }, 
            "Widowed" : {
                "female" : 0.08383607, 
                "male" : 0.03352309
            }, 
            "Divorced" : {
                "female" : 0.12648220999999998, 
                "male" : 0.10520766999999999
            }
        }, 
        "ancestry" : {
            "Other" : 0.48032341, 
            "German" : 0.18653576000000002, 
            "Unclassified" : 0.16475538, 
            "Irish" : 0.10477683, 
            "English" : 0.10073425999999999, 
            "American" : 0.04669582, 
            "French" : 0.027472979999999998, 
            "Dutch" : 0.02029536, 
            "Italian" : 0.01666529, 
            "Scotch-Irish" : 0.013365229999999999, 
            "Swedish" : 0.01287023, 
            "Norwegian" : 0.0114677, 
            "Scottish" : 0.00932266, 
            "Danish" : 0.0075901300000000005, 
            "Polish" : 0.0075901300000000005, 
            "Mexican" : 0.9334682, 
            "Other Hispanic" : 0.34263, 
            "Spaniard" : 0.05731625, 
            "Spanish" : 0.02104, 
            "Central American" : 0.02180265, 
            "Chinese" : 0.4040404, 
            "Filipino" : 0.0033, 
            "Indonesian" : 0.39393939000000006, 
            "Japanese" : 0.00322
        }, 
        "employment_status" : {
            "Armed Forces" : 0.00522778, 
            "Employed" : 0.57430919, 
            "Unemployed" : 0.06774779, 
            "Other" : 0.35271525
        }, 
        "industries" : {
            "Healthcare" : 0.18948542, 
            "Retail" : 0.13226825, 
            "Agriculture" : 0.11257663000000001, 
            "Hospitality" : 0.08173881, 
            "Education" : 0.07802341, 
            "Government" : 0.06762029, 
            "Other Services" : 0.05480215, 
            "Construction" : 0.04662827, 
            "Manufacturing" : 0.046256729999999996, 
            "Finance & Insurance" : 0.03566784, 
            "Transportation" : 0.03492476, 
            "Utilities" : 0.03028051, 
            "Administrative" : 0.02507895, 
            "Professional" : 0.0167193, 
            "Real estate" : 0.01337544, 
            "Wholesalers" : 0.012260819999999999, 
            "Entertainment" : 0.0092885, 
            "Oil & Gas, and Mining" : 0.00873119, 
            "Information" : 0.00427271, 
            "Management" : 0.0
        }, 
        "educational_attainment" : {
            "Doctorate" : 0.00409155, 
            "Professional" : 0.00383583, 
            "Master's" : 0.03784682, 
            "Bachelor's" : 0.10817031, 
            "Associate's" : 0.11750416, 
            "Some College" : 0.27924817999999996, 
            "High School" : 0.27579592999999997, 
            "Some H.S." : 0.09244342, 
            "Less than H.S." : 0.06955631999999999, 
            "None" : 0.01150748
        }
    }
}