{
    "name" : "Matanuska Susitna Borough", 
	"state" : "Alaska", 
	"FIPS" : "02170",
    "population" : 98679, 
    "demographics" : {
        "race_and_ethnicity" : {
            "White" : 0.8037475000000001, 
            "Hispanic" : 0.04445728, 
            "Black" : 0.01055949, 
            "Asian" : 0.013336170000000001, 
            "Mixed" : 0.07341987999999999, 
            "Other" : 0.05447968
        }, 
        "age_and_sex" : {
            "85+" : 0.0057399999999999994, 
            "80-84" : 0.00916, 
            "75-79" : 0.014610000000000001, 
            "70-74" : 0.026619999999999998, 
            "67-69" : 0.02166, 
            "65-66" : 0.01778, 
            "62-64" : 0.0325, 
            "60-61" : 0.02735, 
            "55-59" : 0.07123, 
            "50-54" : 0.07377, 
            "45-49" : 0.06597, 
            "40-44" : 0.06444, 
            "35-39" : 0.06659, 
            "30-34" : 0.0701, 
            "25-29" : 0.06843, 
            "22-24" : 0.03764, 
            "21" : 0.01393, 
            "20" : 0.01196, 
            "18-19" : 0.0262, 
            "15-17" : 0.04639, 
            "10-14" : 0.08086, 
            "5-9" : 0.07446, 
            "0-4" : 0.0726
        }, 
        "household_types" : {
            "Married" : 0.57693181, 
            "Single Female" : 0.08181199, 
            "Single Male" : 0.05136353, 
            "One-Person" : 0.22714744, 
            "Other Non-Family" : 0.06274523
        }, 
        "marital_status" : {
            "Never Married" : {
                "female" : 0.25977353999999997, 
                "male" : 0.34203204
            }, 
            "Now Married" : {
                "female" : 0.50017908, 
                "male" : 0.46805044
            }, 
            "Separated" : {
                "female" : 0.02143428, 
                "male" : 0.01757289
            }, 
            "Absent Spouse" : {
                "female" : 0.03077389, 
                "male" : 0.03471961
            }, 
            "Widowed" : {
                "female" : 0.058820290000000004, 
                "male" : 0.019327669999999998
            }, 
            "Divorced" : {
                "female" : 0.12901893, 
                "male" : 0.11829736
            }
        }, 
        "ancestry" : {
            "Other" : 0.29008198, 
            "German" : 0.20227201, 
            "Unclassified" : 0.19555326, 
            "Irish" : 0.12347105000000001, 
            "English" : 0.09097174000000001, 
            "American" : 0.058512959999999996, 
            "Norwegian" : 0.03865057, 
            "French" : 0.03650219, 
            "Italian" : 0.03498211, 
            "Scottish" : 0.0283647, 
            "European" : 0.02457463, 
            "Swedish" : 0.02347004, 
            "Polish" : 0.02256812, 
            "Dutch" : 0.0195685, 
            "Scotch-Irish" : 0.014025270000000001, 
            "Russian" : 0.013721259999999999, 
            "French Canadian" : 0.01083311, 
            "Danish" : 0.00812736, 
            "Scandinavian" : 0.00809696, 
            "Welsh" : 0.007651069999999999, 
            "Mexican" : 0.5296885499999999, 
            "Puerto Rican" : 0.02396, 
            "Other Hispanic" : 0.17006498, 
            "Spaniard" : 0.00769, 
            "South American" : 0.16894466000000002, 
            "Central American" : 0.00764, 
            "Spanish" : 0.10732691000000001, 
            "Peruvian" : 0.00485, 
            "Colombian" : 0.060721489999999996, 
            "Cuban" : 0.0027500000000000003, 
            "Salvadoran" : 0.042796329999999994, 
            "Costa Rican" : 0.00194, 
            "Uruguayan" : 0.03114497, 
            "Guatemalan" : 0.0014099999999999998, 
            "Dominican" : 0.01971768, 
            "Venezuelan" : 0.00089, 
            "Filipino" : 0.42401215999999997, 
            "Korean" : 0.00565, 
            "Chinese" : 0.14817629, 
            "Bangladeshi" : 0.00198, 
            "Thai" : 0.12993921, 
            "Japanese" : 0.0017299999999999998, 
            "Hmong" : 0.10182371, 
            "Vietnamese" : 0.00136, 
            "Indian" : 0.04711246, 
            "Mixed" : 0.00063, 
            "Laotian" : 0.03191489, 
            "Taiwanese" : 0.00043
        }, 
        "employment_status" : {
            "Armed Forces" : 0.00745668, 
            "Employed" : 0.5636097800000001, 
            "Unemployed" : 0.06163832, 
            "Other" : 0.36729521
        }, 
        "industries" : {
            "Healthcare" : 0.1420583, 
            "Construction" : 0.12249850999999999, 
            "Retail" : 0.11883403, 
            "Government" : 0.09725164, 
            "Education" : 0.08968470999999999, 
            "Hospitality" : 0.06417608999999999, 
            "Transportation" : 0.05551457, 
            "Other Services" : 0.0497561, 
            "Oil & Gas, and Mining" : 0.046543720000000004, 
            "Professional" : 0.046353359999999996, 
            "Manufacturing" : 0.02546104, 
            "Administrative" : 0.02479477, 
            "Information" : 0.02424747, 
            "Wholesalers" : 0.02041642, 
            "Entertainment" : 0.01710886, 
            "Finance & Insurance" : 0.01584771, 
            "Real estate" : 0.0143724, 
            "Utilities" : 0.012682929999999999, 
            "Agriculture" : 0.012230810000000002, 
            "Management" : 0.00016657000000000003
        }, 
        "educational_attainment" : {
            "Doctorate" : 0.0064217, 
            "Professional" : 0.01132959, 
            "Master's" : 0.05110268, 
            "Bachelor's" : 0.13702275, 
            "Associate's" : 0.09927338000000001, 
            "Some College" : 0.30049716, 
            "High School" : 0.31837593, 
            "Some H.S." : 0.057540310000000004, 
            "Less than H.S." : 0.01485117, 
            "None" : 0.00358531
        }
    }
}