{
    "name" : "Yukon Koyukuk Census Area", 
	"state" : "Alaska", 
	"FIPS" : "02290",
    "population" : 5600, 
    "demographics" : {
        "race_and_ethnicity" : {
            "White" : 0.2125, 
            "Hispanic" : 0.01910714, 
            "Black" : 0.00375, 
            "Asian" : 0.00732143, 
            "Mixed" : 0.05535714, 
            "Other" : 0.7019642899999999
        }, 
        "age_and_sex" : {
            "85+" : 0.01018, 
            "80-84" : 0.01625, 
            "75-79" : 0.02054, 
            "70-74" : 0.03696, 
            "67-69" : 0.02536, 
            "65-66" : 0.025179999999999998, 
            "62-64" : 0.03268, 
            "60-61" : 0.0275, 
            "55-59" : 0.08018, 
            "50-54" : 0.07089000000000001, 
            "45-49" : 0.05643, 
            "40-44" : 0.04768, 
            "35-39" : 0.05321, 
            "30-34" : 0.06161, 
            "25-29" : 0.06768, 
            "22-24" : 0.03946, 
            "21" : 0.01393, 
            "20" : 0.010709999999999999, 
            "18-19" : 0.02411, 
            "15-17" : 0.04643, 
            "10-14" : 0.07321, 
            "5-9" : 0.08054, 
            "0-4" : 0.07929
        }, 
        "household_types" : {
            "Married" : 0.36648157, 
            "Single Female" : 0.17163049, 
            "Single Male" : 0.10196870000000001, 
            "One-Person" : 0.30590611, 
            "Other Non-Family" : 0.05401312
        }, 
        "marital_status" : {
            "Never Married" : {
                "female" : 0.3998968, 
                "male" : 0.51039457
            }, 
            "Now Married" : {
                "female" : 0.36016512, 
                "male" : 0.32498939
            }, 
            "Separated" : {
                "female" : 0.02683179, 
                "male" : 0.028850229999999998
            }, 
            "Absent Spouse" : {
                "female" : 0.03457172, 
                "male" : 0.02969877
            }, 
            "Widowed" : {
                "female" : 0.09907121, 
                "male" : 0.03012304
            }, 
            "Divorced" : {
                "female" : 0.07946336, 
                "male" : 0.075944
            }
        }, 
        "ancestry" : {
            "Other" : 0.81982143, 
            "German" : 0.05928571, 
            "Unclassified" : 0.05071429, 
            "Irish" : 0.04071429, 
            "English" : 0.015535710000000001, 
            "Norwegian" : 0.01285714, 
            "European" : 0.01267857, 
            "American" : 0.01, 
            "Swedish" : 0.00839286, 
            "French" : 0.00714286, 
            "Scottish" : 0.00714286, 
            "Scandinavian" : 0.00553571, 
            "Scotch-Irish" : 0.00535714, 
            "Mexican" : 0.6448598099999999, 
            "South American" : 0.01232, 
            "Chilean" : 0.24299064999999997, 
            "Puerto Rican" : 0.00464, 
            "Uruguayan" : 0.14018692, 
            "Other Hispanic" : 0.00268, 
            "Argentinean" : 0.08411215, 
            "Filipino" : 0.7560975600000001, 
            "Korean" : 0.005540000000000001
        }, 
        "employment_status" : {
            "Armed Forces" : 0.00475964, 
            "Employed" : 0.4973822, 
            "Unemployed" : 0.1118515, 
            "Other" : 0.38600665999999995
        }, 
        "industries" : {
            "Government" : 0.25119617, 
            "Education" : 0.19521531, 
            "Healthcare" : 0.08229665000000001, 
            "Retail" : 0.08181818, 
            "Construction" : 0.07272727, 
            "Transportation" : 0.06363636, 
            "Utilities" : 0.04593301, 
            "Hospitality" : 0.04210526, 
            "Other Services" : 0.04066986, 
            "Oil & Gas, and Mining" : 0.030622009999999998, 
            "Professional" : 0.01961722, 
            "Manufacturing" : 0.01674641, 
            "Information" : 0.01244019, 
            "Agriculture" : 0.01004785, 
            "Administrative" : 0.00861244, 
            "Real estate" : 0.00813397, 
            "Wholesalers" : 0.007655499999999999, 
            "Entertainment" : 0.00717703, 
            "Finance & Insurance" : 0.00191388, 
            "Management" : 0.00143541
        }, 
        "educational_attainment" : {
            "Doctorate" : 0.0028240599999999998, 
            "Professional" : 0.0008472200000000001, 
            "Master's" : 0.0415137, 
            "Bachelor's" : 0.07737927, 
            "Associate's" : 0.04659701, 
            "Some College" : 0.26037842, 
            "High School" : 0.39932223, 
            "Some H.S." : 0.09404123, 
            "Less than H.S." : 0.06834228, 
            "None" : 0.00875459
        }
    }
}