{
    "name" : "Cabarrus County", 
	"state" : "North Carolina", 
	"FIPS" : "37025",
    "population" : 192296, 
    "demographics" : {
        "race_and_ethnicity" : {
            "White" : 0.6898375400000001, 
            "Hispanic" : 0.09309086000000001, 
            "Black" : 0.16738777999999999, 
            "Asian" : 0.027343259999999998, 
            "Mixed" : 0.01772268, 
            "Other" : 0.0046178799999999996
        }, 
        "age_and_sex" : {
            "85+" : 0.013229999999999999, 
            "80-84" : 0.01307, 
            "75-79" : 0.022940000000000002, 
            "70-74" : 0.03137, 
            "67-69" : 0.02244, 
            "65-66" : 0.021509999999999998, 
            "62-64" : 0.03319, 
            "60-61" : 0.02061, 
            "55-59" : 0.06016, 
            "50-54" : 0.07105, 
            "45-49" : 0.07734, 
            "40-44" : 0.08214, 
            "35-39" : 0.06736, 
            "30-34" : 0.06404, 
            "25-29" : 0.05668, 
            "22-24" : 0.03324, 
            "21" : 0.00993, 
            "20" : 0.01329, 
            "18-19" : 0.02321, 
            "15-17" : 0.04529, 
            "10-14" : 0.07952, 
            "5-9" : 0.07365000000000001, 
            "0-4" : 0.06474
        }, 
        "household_types" : {
            "Married" : 0.57540746, 
            "Single Female" : 0.12006325999999999, 
            "Single Male" : 0.04139759, 
            "One-Person" : 0.22387207, 
            "Other Non-Family" : 0.03925962
        }, 
        "marital_status" : {
            "Never Married" : {
                "female" : 0.24886116000000003, 
                "male" : 0.28256855000000003
            }, 
            "Now Married" : {
                "female" : 0.50296673, 
                "male" : 0.566706
            }, 
            "Separated" : {
                "female" : 0.02711531, 
                "male" : 0.023103090000000003
            }, 
            "Absent Spouse" : {
                "female" : 0.01916574, 
                "male" : 0.02163138
            }, 
            "Widowed" : {
                "female" : 0.08319616, 
                "male" : 0.02278376
            }, 
            "Divorced" : {
                "female" : 0.11869489, 
                "male" : 0.08320722
            }
        }, 
        "ancestry" : {
            "Other" : 0.29122291, 
            "Unclassified" : 0.24751425000000002, 
            "German" : 0.14019012, 
            "American" : 0.09181158, 
            "Irish" : 0.08985626, 
            "English" : 0.07634064, 
            "Subsaharan African" : 0.04054166000000001, 
            "African" : 0.03804551, 
            "Italian" : 0.0361994, 
            "Scotch-Irish" : 0.02992262, 
            "Scottish" : 0.020172029999999997, 
            "French" : 0.0181335, 
            "Polish" : 0.01701023, 
            "European" : 0.01359883, 
            "Dutch" : 0.008580520000000001, 
            "West Indian" : 0.00572035, 
            "Welsh" : 0.00548633, 
            "Swedish" : 0.005351129999999999, 
            "Mexican" : 0.59331462, 
            "Central American" : 0.05824, 
            "Puerto Rican" : 0.11956349, 
            "Salvadoran" : 0.011739999999999999, 
            "South American" : 0.11500768, 
            "Cuban" : 0.01129, 
            "Other Hispanic" : 0.07183345000000001, 
            "Ecuadorian" : 0.00705, 
            "Colombian" : 0.06738359, 
            "Dominican" : 0.00661, 
            "Spaniard" : 0.05477565, 
            "Nicaraguan" : 0.00538, 
            "Honduran" : 0.032261479999999995, 
            "Guatemalan" : 0.00317, 
            "Peruvian" : 0.03120199, 
            "Panamanian" : 0.00306, 
            "Indian" : 0.45644732, 
            "Chinese" : 0.01248, 
            "Vietnamese" : 0.17078737, 
            "Filipino" : 0.0046700000000000005, 
            "Korean" : 0.15557246, 
            "Sri Lankan" : 0.00425, 
            "Pakistani" : 0.060479269999999995, 
            "Hmong" : 0.00165, 
            "Cambodian" : 0.033662990000000004, 
            "Indonesian" : 0.00092, 
            "Japanese" : 0.02225181, 
            "Nepalese" : 0.00061, 
            "Not Specified" : 0.020920499999999998, 
            "Laotian" : 0.00057
        }, 
        "employment_status" : {
            "Armed Forces" : 0.00107676, 
            "Employed" : 0.62397318, 
            "Unemployed" : 0.053824540000000004, 
            "Other" : 0.32112552
        }, 
        "industries" : {
            "Retail" : 0.12723167999999999, 
            "Healthcare" : 0.12546262, 
            "Manufacturing" : 0.10060886, 
            "Education" : 0.08575087999999999, 
            "Finance & Insurance" : 0.07850096, 
            "Hospitality" : 0.07623265, 
            "Construction" : 0.07292243, 
            "Other Services" : 0.053267350000000005, 
            "Professional" : 0.045040649999999995, 
            "Administrative" : 0.04053658, 
            "Transportation" : 0.0371721, 
            "Government" : 0.03686821, 
            "Wholesalers" : 0.03500147, 
            "Entertainment" : 0.02345369, 
            "Information" : 0.02134818, 
            "Real estate" : 0.01667047, 
            "Utilities" : 0.015248699999999999, 
            "Agriculture" : 0.00628398, 
            "Management" : 0.0017799200000000002, 
            "Oil & Gas, and Mining" : 0.00061863
        }, 
        "educational_attainment" : {
            "Doctorate" : 0.009551770000000001, 
            "Professional" : 0.01268558, 
            "Master's" : 0.06794657, 
            "Bachelor's" : 0.19597354, 
            "Associate's" : 0.09838245000000001, 
            "Some College" : 0.24211801000000002, 
            "High School" : 0.26257478, 
            "Some H.S." : 0.0719667, 
            "Less than H.S." : 0.02822798, 
            "None" : 0.010572630000000001
        }
    }
}