{
    "name" : "Caldwell County", 
	"state" : "North Carolina", 
	"FIPS" : "37027",
    "population" : 81623, 
    "demographics" : {
        "race_and_ethnicity" : {
            "White" : 0.88193279, 
            "Hispanic" : 0.04811144, 
            "Black" : 0.04898129, 
            "Asian" : 0.00570918, 
            "Mixed" : 0.00953163, 
            "Other" : 0.00573368
        }, 
        "age_and_sex" : {
            "85+" : 0.01663, 
            "80-84" : 0.021320000000000002, 
            "75-79" : 0.03196, 
            "70-74" : 0.04838, 
            "67-69" : 0.03392, 
            "65-66" : 0.0242, 
            "62-64" : 0.0455, 
            "60-61" : 0.02796, 
            "55-59" : 0.07194, 
            "50-54" : 0.07865, 
            "45-49" : 0.07628, 
            "40-44" : 0.06905, 
            "35-39" : 0.059820000000000005, 
            "30-34" : 0.05206, 
            "25-29" : 0.05284, 
            "22-24" : 0.033479999999999996, 
            "21" : 0.00813, 
            "20" : 0.01729, 
            "18-19" : 0.02012, 
            "15-17" : 0.03743, 
            "10-14" : 0.06634999999999999, 
            "5-9" : 0.056609999999999994, 
            "0-4" : 0.050069999999999996
        }, 
        "household_types" : {
            "Married" : 0.49508021999999996, 
            "Single Female" : 0.12123966, 
            "Single Male" : 0.04775633, 
            "One-Person" : 0.30142266, 
            "Other Non-Family" : 0.03450113
        }, 
        "marital_status" : {
            "Never Married" : {
                "female" : 0.1945454, 
                "male" : 0.2952637
            }, 
            "Now Married" : {
                "female" : 0.474835, 
                "male" : 0.49332447
            }, 
            "Separated" : {
                "female" : 0.0412584, 
                "male" : 0.03380052
            }, 
            "Absent Spouse" : {
                "female" : 0.02090542, 
                "male" : 0.02183894
            }, 
            "Widowed" : {
                "female" : 0.12112930000000001, 
                "male" : 0.03313599
            }, 
            "Divorced" : {
                "female" : 0.14732649, 
                "male" : 0.12263638
            }
        }, 
        "ancestry" : {
            "Unclassified" : 0.28978352, 
            "Other" : 0.21898239, 
            "American" : 0.20082575, 
            "German" : 0.12050525000000001, 
            "Irish" : 0.08883525, 
            "English" : 0.0883942, 
            "Scottish" : 0.02765152, 
            "Scotch-Irish" : 0.02583831, 
            "Dutch" : 0.018328169999999998, 
            "Italian" : 0.01624542, 
            "European" : 0.013035540000000002, 
            "French" : 0.0113816, 
            "Polish" : 0.00748564, 
            "Mexican" : 0.32516258, 
            "Central American" : 0.01593, 
            "Honduran" : 0.3044022, 
            "Puerto Rican" : 0.014910000000000001, 
            "Salvadoran" : 0.13081541, 
            "Other Hispanic" : 0.00641, 
            "South American" : 0.12356178, 
            "Uruguayan" : 0.00605, 
            "Guatemalan" : 0.10905453, 
            "Spaniard" : 0.00534, 
            "Colombian" : 0.10805403, 
            "Cuban" : 0.00529, 
            "Venezuelan" : 0.10680339999999999, 
            "Dominican" : 0.00523, 
            "Filipino" : 0.35407725, 
            "Vietnamese" : 0.00202, 
            "Indian" : 0.28755365, 
            "Korean" : 0.00164, 
            "Thai" : 0.12017167000000001, 
            "Japanese" : 0.0006900000000000001, 
            "Chinese" : 0.11373391, 
            "Hmong" : 0.00065
        }, 
        "employment_status" : {
            "Armed Forces" : 0.0, 
            "Employed" : 0.51461134, 
            "Unemployed" : 0.06010147, 
            "Other" : 0.42528718
        }, 
        "industries" : {
            "Manufacturing" : 0.23948978, 
            "Healthcare" : 0.13767883, 
            "Retail" : 0.12846318, 
            "Hospitality" : 0.06995114, 
            "Construction" : 0.06614786, 
            "Education" : 0.06412919, 
            "Government" : 0.04540534, 
            "Other Services" : 0.04449841, 
            "Wholesalers" : 0.03972967, 
            "Transportation" : 0.036979609999999996, 
            "Administrative" : 0.02823206, 
            "Finance & Insurance" : 0.02232234, 
            "Professional" : 0.0189579, 
            "Information" : 0.01576899, 
            "Real estate" : 0.01562271, 
            "Agriculture" : 0.010561419999999998, 
            "Entertainment" : 0.00933267, 
            "Utilities" : 0.00602674, 
            "Oil & Gas, and Mining" : 0.00070214, 
            "Management" : 0.0
        }, 
        "educational_attainment" : {
            "Doctorate" : 0.00325896, 
            "Professional" : 0.00724213, 
            "Master's" : 0.03153775, 
            "Bachelor's" : 0.09588922999999999, 
            "Associate's" : 0.09142325, 
            "Some College" : 0.22783391000000003, 
            "High School" : 0.31836052, 
            "Some H.S." : 0.15265372, 
            "Less than H.S." : 0.058161189999999995, 
            "None" : 0.01363934
        }
    }
}