{
    "name" : "Camden County", 
	"state" : "North Carolina", 
	"FIPS" : "37029",
    "population" : 10228, 
    "demographics" : {
        "race_and_ethnicity" : {
            "White" : 0.80445835, 
            "Hispanic" : 0.02649589, 
            "Black" : 0.1417677, 
            "Asian" : 0.020140790000000002, 
            "Mixed" : 0.00625733, 
            "Other" : 0.0008799400000000001
        }, 
        "age_and_sex" : {
            "85+" : 0.01858, 
            "80-84" : 0.01291, 
            "75-79" : 0.03451, 
            "70-74" : 0.03148, 
            "67-69" : 0.03275, 
            "65-66" : 0.02786, 
            "62-64" : 0.01965, 
            "60-61" : 0.0262, 
            "55-59" : 0.07509, 
            "50-54" : 0.08446999999999999, 
            "45-49" : 0.07763, 
            "40-44" : 0.06961, 
            "35-39" : 0.08163999999999999, 
            "30-34" : 0.0572, 
            "25-29" : 0.03764, 
            "22-24" : 0.02962, 
            "21" : 0.010069999999999999, 
            "20" : 0.014079999999999999, 
            "18-19" : 0.021509999999999998, 
            "15-17" : 0.042140000000000004, 
            "10-14" : 0.08672, 
            "5-9" : 0.06042, 
            "0-4" : 0.0482
        }, 
        "household_types" : {
            "Married" : 0.62276551, 
            "Single Female" : 0.14327024, 
            "Single Male" : 0.02208202, 
            "One-Person" : 0.19426919, 
            "Other Non-Family" : 0.01761304
        }, 
        "marital_status" : {
            "Never Married" : {
                "female" : 0.20951002, 
                "male" : 0.27746513
            }, 
            "Now Married" : {
                "female" : 0.58725561, 
                "male" : 0.56618547
            }, 
            "Separated" : {
                "female" : 0.02437847, 
                "male" : 0.014680690000000001
            }, 
            "Absent Spouse" : {
                "female" : 0.01448226, 
                "male" : 0.00880842
            }, 
            "Widowed" : {
                "female" : 0.07554912, 
                "male" : 0.0134573
            }, 
            "Divorced" : {
                "female" : 0.08882452, 
                "male" : 0.11940299
            }
        }, 
        "ancestry" : {
            "Other" : 0.25821275, 
            "Unclassified" : 0.19759484, 
            "Irish" : 0.17217442, 
            "English" : 0.13062182, 
            "American" : 0.1293508, 
            "German" : 0.09522878, 
            "Italian" : 0.062377789999999995, 
            "Scottish" : 0.03822839, 
            "French" : 0.02190066, 
            "European" : 0.01437231, 
            "Scotch-Irish" : 0.01349237, 
            "Polish" : 0.01300352, 
            "Norwegian" : 0.01251467, 
            "Portuguese" : 0.01026594, 
            "French Canadian" : 0.00958154, 
            "Hungarian" : 0.0087016, 
            "Russian" : 0.00811498, 
            "Mexican" : 0.51660517, 
            "Puerto Rican" : 0.01369, 
            "Other Hispanic" : 0.25461255, 
            "Spanish" : 0.006750000000000001, 
            "Vietnamese" : 0.58252427, 
            "Burmese" : 0.01173, 
            "Chinese" : 0.16990291, 
            "Korean" : 0.0034200000000000003
        }, 
        "employment_status" : {
            "Armed Forces" : 0.024117350000000003, 
            "Employed" : 0.54015415, 
            "Unemployed" : 0.06663352, 
            "Other" : 0.36909498
        }, 
        "industries" : {
            "Healthcare" : 0.14660529, 
            "Government" : 0.13601841, 
            "Education" : 0.11990793999999999, 
            "Retail" : 0.11921749, 
            "Manufacturing" : 0.09459148, 
            "Construction" : 0.060299189999999996, 
            "Agriculture" : 0.05477560000000001, 
            "Hospitality" : 0.04510932, 
            "Other Services" : 0.04119678, 
            "Professional" : 0.03728423, 
            "Administrative" : 0.028768699999999998, 
            "Finance & Insurance" : 0.027387800000000004, 
            "Transportation" : 0.025086309999999997, 
            "Real estate" : 0.01956272, 
            "Utilities" : 0.016110469999999998, 
            "Wholesalers" : 0.01357883, 
            "Entertainment" : 0.00828539, 
            "Information" : 0.00621404, 
            "Oil & Gas, and Mining" : 0.0, 
            "Management" : 0.0
        }, 
        "educational_attainment" : {
            "Doctorate" : 0.01792574, 
            "Professional" : 0.010243279999999999, 
            "Master's" : 0.04552568, 
            "Bachelor's" : 0.12989045000000002, 
            "Associate's" : 0.14454403, 
            "Some College" : 0.25024897, 
            "High School" : 0.23374591, 
            "Some H.S." : 0.11793996, 
            "Less than H.S." : 0.0485133, 
            "None" : 0.00142268
        }
    }
}