{
    "name" : "New Hanover County", 
	"state" : "North Carolina", 
	"FIPS" : "37129",
    "population" : 216430, 
    "demographics" : {
        "race_and_ethnicity" : {
            "White" : 0.76879823, 
            "Hispanic" : 0.05146237, 
            "Black" : 0.14133438, 
            "Asian" : 0.01340849, 
            "Mixed" : 0.02010812, 
            "Other" : 0.00488842
        }, 
        "age_and_sex" : {
            "85+" : 0.01783, 
            "80-84" : 0.01923, 
            "75-79" : 0.027080000000000003, 
            "70-74" : 0.03796, 
            "67-69" : 0.03021, 
            "65-66" : 0.02519, 
            "62-64" : 0.03329, 
            "60-61" : 0.02659, 
            "55-59" : 0.0677, 
            "50-54" : 0.0642, 
            "45-49" : 0.06425, 
            "40-44" : 0.0672, 
            "35-39" : 0.060309999999999996, 
            "30-34" : 0.06885, 
            "25-29" : 0.06817000000000001, 
            "22-24" : 0.056900000000000006, 
            "21" : 0.01908, 
            "20" : 0.01966, 
            "18-19" : 0.032690000000000004, 
            "15-17" : 0.03206, 
            "10-14" : 0.054009999999999996, 
            "5-9" : 0.05543, 
            "0-4" : 0.05213
        }, 
        "household_types" : {
            "Married" : 0.43189098000000004, 
            "Single Female" : 0.11168651, 
            "Single Male" : 0.0393308, 
            "One-Person" : 0.31539415000000004, 
            "Other Non-Family" : 0.10169755999999999
        }, 
        "marital_status" : {
            "Never Married" : {
                "female" : 0.32342424999999997, 
                "male" : 0.37500436
            }, 
            "Now Married" : {
                "female" : 0.41587761, 
                "male" : 0.45541553
            }, 
            "Separated" : {
                "female" : 0.02747282, 
                "male" : 0.02417097
            }, 
            "Absent Spouse" : {
                "female" : 0.020751409999999998, 
                "male" : 0.02601777
            }, 
            "Widowed" : {
                "female" : 0.08150618, 
                "male" : 0.020616759999999998
            }, 
            "Divorced" : {
                "female" : 0.13096774, 
                "male" : 0.09877461
            }
        }, 
        "ancestry" : {
            "Other" : 0.24596867, 
            "Unclassified" : 0.19705679, 
            "American" : 0.18031696, 
            "German" : 0.11150025, 
            "English" : 0.11065472, 
            "Irish" : 0.10611745, 
            "Italian" : 0.04655547, 
            "Scotch-Irish" : 0.03150672, 
            "Scottish" : 0.03079056, 
            "French" : 0.02162824, 
            "Polish" : 0.02148501, 
            "European" : 0.01242434, 
            "Dutch" : 0.009786070000000001, 
            "Swedish" : 0.00870027, 
            "Norwegian" : 0.00721711, 
            "British" : 0.00720325, 
            "Welsh" : 0.006755069999999999, 
            "Russian" : 0.006038900000000001, 
            "Greek" : 0.00550755, 
            "French Canadian" : 0.00544287, 
            "Mexican" : 0.55745637, 
            "Central American" : 0.02981, 
            "Honduran" : 0.21548298, 
            "Puerto Rican" : 0.011519999999999999, 
            "Other Hispanic" : 0.12096077, 
            "South American" : 0.00647, 
            "Salvadoran" : 0.08769655999999999, 
            "Spaniard" : 0.00469, 
            "Cuban" : 0.060307589999999994, 
            "Guatemalan" : 0.0032300000000000002, 
            "Colombian" : 0.0463107, 
            "Spanish" : 0.00248, 
            "Panamanian" : 0.03948505, 
            "Costa Rican" : 0.00211, 
            "Peruvian" : 0.033523410000000003, 
            "Ecuadorian" : 0.00179, 
            "Chilean" : 0.0314498, 
            "Vietnamese" : 0.19813921, 
            "Chinese" : 0.00266, 
            "Indian" : 0.19124742, 
            "Filipino" : 0.00256, 
            "Korean" : 0.15299793, 
            "Burmese" : 0.0020499999999999997, 
            "Malaysian" : 0.14438318, 
            "Japanese" : 0.00194, 
            "Indonesian" : 0.10682288
        }, 
        "employment_status" : {
            "Armed Forces" : 0.0031566, 
            "Employed" : 0.59160288, 
            "Unemployed" : 0.049567009999999995, 
            "Other" : 0.3556735
        }, 
        "industries" : {
            "Healthcare" : 0.14420489, 
            "Retail" : 0.12768791000000002, 
            "Hospitality" : 0.11450454, 
            "Education" : 0.09207581, 
            "Professional" : 0.08138558, 
            "Construction" : 0.06743727, 
            "Manufacturing" : 0.06595461, 
            "Other Services" : 0.056114309999999994, 
            "Administrative" : 0.03853963, 
            "Finance & Insurance" : 0.03597095, 
            "Government" : 0.030635279999999997, 
            "Information" : 0.02757553, 
            "Entertainment" : 0.02745276, 
            "Transportation" : 0.026735039999999998, 
            "Real estate" : 0.02616842, 
            "Wholesalers" : 0.02354308, 
            "Utilities" : 0.01101132, 
            "Agriculture" : 0.00247424, 
            "Management" : 0.00043441, 
            "Oil & Gas, and Mining" : 9.444e-05
        }, 
        "educational_attainment" : {
            "Doctorate" : 0.017022489999999998, 
            "Professional" : 0.022842030000000003, 
            "Master's" : 0.08766789, 
            "Bachelor's" : 0.25172576, 
            "Associate's" : 0.09369185999999999, 
            "Some College" : 0.22805917999999997, 
            "High School" : 0.22185121, 
            "Some H.S." : 0.05076083, 
            "Less than H.S." : 0.02083859, 
            "None" : 0.005540150000000001
        }
    }
}