{
    "name" : "Perquimans County", 
	"state" : "North Carolina", 
	"FIPS" : "37143",
    "population" : 13470, 
    "demographics" : {
        "race_and_ethnicity" : {
            "White" : 0.71841128, 
            "Hispanic" : 0.02048998, 
            "Black" : 0.24469190999999998, 
            "Asian" : 0.0, 
            "Mixed" : 0.0142539, 
            "Other" : 0.00215293
        }, 
        "age_and_sex" : {
            "85+" : 0.02153, 
            "80-84" : 0.0265, 
            "75-79" : 0.049589999999999995, 
            "70-74" : 0.06095, 
            "67-69" : 0.05479, 
            "65-66" : 0.032, 
            "62-64" : 0.057539999999999994, 
            "60-61" : 0.025539999999999997, 
            "55-59" : 0.07372, 
            "50-54" : 0.07365000000000001, 
            "45-49" : 0.061020000000000005, 
            "40-44" : 0.05167, 
            "35-39" : 0.053230000000000006, 
            "30-34" : 0.047220000000000005, 
            "25-29" : 0.054939999999999996, 
            "22-24" : 0.019379999999999998, 
            "21" : 0.00393, 
            "20" : 0.01418, 
            "18-19" : 0.01633, 
            "15-17" : 0.03467, 
            "10-14" : 0.05976, 
            "5-9" : 0.060579999999999995, 
            "0-4" : 0.04729
        }, 
        "household_types" : {
            "Married" : 0.51401051, 
            "Single Female" : 0.11891419, 
            "Single Male" : 0.05323993, 
            "One-Person" : 0.25551663999999996, 
            "Other Non-Family" : 0.05831874
        }, 
        "marital_status" : {
            "Never Married" : {
                "female" : 0.19207683, 
                "male" : 0.21984761
            }, 
            "Now Married" : {
                "female" : 0.5090036, 
                "male" : 0.56253484
            }, 
            "Separated" : {
                "female" : 0.01886469, 
                "male" : 0.02304404
            }, 
            "Absent Spouse" : {
                "female" : 0.034470930000000004, 
                "male" : 0.04534473
            }, 
            "Widowed" : {
                "female" : 0.12433545, 
                "male" : 0.04776064
            }, 
            "Divorced" : {
                "female" : 0.12124850000000001, 
                "male" : 0.10146813
            }
        }, 
        "employment_status" : {
            "Armed Forces" : 0.0018915499999999999, 
            "Employed" : 0.48477752, 
            "Unemployed" : 0.05737705, 
            "Other" : 0.45595388
        }, 
        "industries" : {
            "Healthcare" : 0.16592345000000003, 
            "Retail" : 0.10925307000000001, 
            "Construction" : 0.09141583, 
            "Government" : 0.08472687000000001, 
            "Education" : 0.08156819, 
            "Manufacturing" : 0.07172055000000001, 
            "Hospitality" : 0.06558900000000001, 
            "Agriculture" : 0.05518395, 
            "Professional" : 0.053325899999999996, 
            "Transportation" : 0.0449647, 
            "Other Services" : 0.0449647, 
            "Finance & Insurance" : 0.03753252, 
            "Administrative" : 0.031029360000000002, 
            "Information" : 0.02248235, 
            "Real estate" : 0.01486436, 
            "Wholesalers" : 0.0122631, 
            "Entertainment" : 0.01059086, 
            "Utilities" : 0.00260126, 
            "Oil & Gas, and Mining" : 0.0, 
            "Management" : 0.0
        }, 
        "educational_attainment" : {
            "Doctorate" : 0.00399202, 
            "Professional" : 0.00928144, 
            "Master's" : 0.03153693, 
            "Bachelor's" : 0.12924152, 
            "Associate's" : 0.08932136, 
            "Some College" : 0.23163672999999999, 
            "High School" : 0.35409182, 
            "Some H.S." : 0.09401198000000001, 
            "Less than H.S." : 0.049800399999999995, 
            "None" : 0.0070858299999999996
        }
    }
}