{
    "name" : "Person County", 
	"state" : "North Carolina", 
	"FIPS" : "37145",
    "population" : 39196, 
    "demographics" : {
        "race_and_ethnicity" : {
            "White" : 0.6648892700000001, 
            "Hispanic" : 0.0374528, 
            "Black" : 0.26918563, 
            "Asian" : 0.00303602, 
            "Mixed" : 0.01398102, 
            "Other" : 0.011455249999999998
        }, 
        "age_and_sex" : {
            "85+" : 0.01926, 
            "80-84" : 0.023370000000000002, 
            "75-79" : 0.0286, 
            "70-74" : 0.04414, 
            "67-69" : 0.02794, 
            "65-66" : 0.03005, 
            "62-64" : 0.03452, 
            "60-61" : 0.04095, 
            "55-59" : 0.07506, 
            "50-54" : 0.07868, 
            "45-49" : 0.06973, 
            "40-44" : 0.07343, 
            "35-39" : 0.053470000000000004, 
            "30-34" : 0.05021, 
            "25-29" : 0.05319, 
            "22-24" : 0.03056, 
            "21" : 0.0138, 
            "20" : 0.010209999999999999, 
            "18-19" : 0.02375, 
            "15-17" : 0.03832, 
            "10-14" : 0.06871000000000001, 
            "5-9" : 0.058120000000000005, 
            "0-4" : 0.05393
        }, 
        "household_types" : {
            "Married" : 0.45146698, 
            "Single Female" : 0.16996251999999998, 
            "Single Male" : 0.05066563, 
            "One-Person" : 0.2890009, 
            "Other Non-Family" : 0.03890397
        }, 
        "marital_status" : {
            "Never Married" : {
                "female" : 0.25480222999999996, 
                "male" : 0.32415584000000003
            }, 
            "Now Married" : {
                "female" : 0.42331398, 
                "male" : 0.4711039
            }, 
            "Separated" : {
                "female" : 0.03291245, 
                "male" : 0.0424026
            }, 
            "Absent Spouse" : {
                "female" : 0.0290228, 
                "male" : 0.02779221
            }, 
            "Widowed" : {
                "female" : 0.1265035, 
                "male" : 0.03188312
            }, 
            "Divorced" : {
                "female" : 0.13344504000000001, 
                "male" : 0.10266234
            }
        }, 
        "ancestry" : {
            "Other" : 0.41141953000000003, 
            "Unclassified" : 0.20407695, 
            "American" : 0.13850903, 
            "English" : 0.10832738000000001, 
            "Irish" : 0.08008470000000001, 
            "German" : 0.05487805, 
            "Scottish" : 0.01658332, 
            "Italian" : 0.01589448, 
            "European" : 0.012501279999999998, 
            "Scotch-Irish" : 0.011455249999999998, 
            "French" : 0.00673538, 
            "Swiss" : 0.005995509999999999, 
            "West Indian" : 0.0057148699999999995, 
            "Mexican" : 0.705919, 
            "Puerto Rican" : 0.02891, 
            "Dominican" : 0.13457944, 
            "South American" : 0.00551, 
            "Central American" : 0.07165109, 
            "Salvadoran" : 0.00293, 
            "Colombian" : 0.03489097, 
            "Other Hispanic" : 0.0014299999999999998, 
            "Ecuadorian" : 0.03115265, 
            "Spanish" : 0.00128, 
            "Indian" : 0.57142857, 
            "Filipino" : 0.0017299999999999998, 
            "Japanese" : 0.13445378, 
            "Thai" : 0.00041, 
            "Vietnamese" : 0.12605042, 
            "Korean" : 0.00037999999999999997
        }, 
        "employment_status" : {
            "Armed Forces" : 0.0012370299999999999, 
            "Employed" : 0.52431249, 
            "Unemployed" : 0.07913852, 
            "Other" : 0.39531194999999997
        }, 
        "industries" : {
            "Healthcare" : 0.18173019, 
            "Manufacturing" : 0.15184513, 
            "Retail" : 0.11488203000000001, 
            "Construction" : 0.08445251000000001, 
            "Education" : 0.07967331999999999, 
            "Hospitality" : 0.05964912, 
            "Administrative" : 0.055414399999999996, 
            "Other Services" : 0.045735029999999996, 
            "Professional" : 0.04192377, 
            "Utilities" : 0.037810039999999996, 
            "Government" : 0.03357532, 
            "Finance & Insurance" : 0.027525710000000002, 
            "Transportation" : 0.02437992, 
            "Agriculture" : 0.01584997, 
            "Information" : 0.012825169999999999, 
            "Wholesalers" : 0.01173624, 
            "Real estate" : 0.01155475, 
            "Entertainment" : 0.00895342, 
            "Oil & Gas, and Mining" : 0.00048397, 
            "Management" : 0.0
        }, 
        "educational_attainment" : {
            "Doctorate" : 0.00366753, 
            "Professional" : 0.0030139100000000003, 
            "Master's" : 0.02908602, 
            "Bachelor's" : 0.11325756000000001, 
            "Associate's" : 0.10185555, 
            "Some College" : 0.22204873, 
            "High School" : 0.37408766, 
            "Some H.S." : 0.09038091, 
            "Less than H.S." : 0.04662479, 
            "None" : 0.01597734
        }
    }
}