{
    "name" : "Transylvania County", 
	"state" : "North Carolina", 
	"FIPS" : "37175",
    "population" : 33062, 
    "demographics" : {
        "race_and_ethnicity" : {
            "White" : 0.89341238, 
            "Hispanic" : 0.0302462, 
            "Black" : 0.03850342, 
            "Asian" : 0.00686589, 
            "Mixed" : 0.01548606, 
            "Other" : 0.01548606
        }, 
        "age_and_sex" : {
            "85+" : 0.034780000000000005, 
            "80-84" : 0.03639, 
            "75-79" : 0.055380000000000006, 
            "70-74" : 0.06703, 
            "67-69" : 0.04812, 
            "65-66" : 0.03772, 
            "62-64" : 0.043280000000000006, 
            "60-61" : 0.0418, 
            "55-59" : 0.0712, 
            "50-54" : 0.07017000000000001, 
            "45-49" : 0.06052, 
            "40-44" : 0.04673, 
            "35-39" : 0.045309999999999996, 
            "30-34" : 0.046029999999999995, 
            "25-29" : 0.04682, 
            "22-24" : 0.030459999999999997, 
            "21" : 0.01119, 
            "20" : 0.01509, 
            "18-19" : 0.02619, 
            "15-17" : 0.029249999999999998, 
            "10-14" : 0.05199, 
            "5-9" : 0.04437, 
            "0-4" : 0.040170000000000004
        }, 
        "household_types" : {
            "Married" : 0.5539339600000001, 
            "Single Female" : 0.09869229, 
            "Single Male" : 0.02340871, 
            "One-Person" : 0.28090455999999997, 
            "Other Non-Family" : 0.04306047
        }, 
        "marital_status" : {
            "Never Married" : {
                "female" : 0.21092077, 
                "male" : 0.24441341000000003
            }, 
            "Now Married" : {
                "female" : 0.5194727, 
                "male" : 0.58497501
            }, 
            "Separated" : {
                "female" : 0.01278105, 
                "male" : 0.013231399999999999
            }, 
            "Absent Spouse" : {
                "female" : 0.013517129999999999, 
                "male" : 0.01970009
            }, 
            "Widowed" : {
                "female" : 0.12647216, 
                "male" : 0.030579239999999997
            }, 
            "Divorced" : {
                "female" : 0.11683619, 
                "male" : 0.10710085
            }
        }, 
        "ancestry" : {
            "American" : 0.42172282000000005, 
            "Other" : 0.14742, 
            "Unclassified" : 0.11541950999999999, 
            "German" : 0.08904482, 
            "English" : 0.08895409000000001, 
            "Irish" : 0.06548303, 
            "Scotch-Irish" : 0.03091162, 
            "Scottish" : 0.02812897, 
            "Italian" : 0.02011373, 
            "European" : 0.01881314, 
            "French" : 0.01494162, 
            "Polish" : 0.01122134, 
            "Swedish" : 0.009467060000000001, 
            "Dutch" : 0.00913435, 
            "Norwegian" : 0.00910411, 
            "Russian" : 0.00514185, 
            "Mexican" : 0.82421875, 
            "South American" : 0.02553, 
            "Peruvian" : 0.0703125, 
            "Central American" : 0.00218, 
            "Puerto Rican" : 0.057617190000000006, 
            "Costa Rican" : 0.00178, 
            "Honduran" : 0.049804690000000006, 
            "Other Hispanic" : 0.00154, 
            "Spanish American" : 0.04101563, 
            "Ecuadorian" : 0.00127, 
            "Chinese" : 0.37004404999999996, 
            "Not Specified" : 0.00254, 
            "Vietnamese" : 0.22907489000000003, 
            "Thai" : 0.00157, 
            "Filipino" : 0.14537445, 
            "Nepalese" : 0.001, 
            "Korean" : 0.10572687
        }, 
        "employment_status" : {
            "Armed Forces" : 0.0, 
            "Employed" : 0.47882319, 
            "Unemployed" : 0.03418135, 
            "Other" : 0.48699545
        }, 
        "industries" : {
            "Healthcare" : 0.15397744, 
            "Construction" : 0.11271891, 
            "Retail" : 0.11012169999999999, 
            "Education" : 0.09060552, 
            "Manufacturing" : 0.08652419, 
            "Hospitality" : 0.08303651000000001, 
            "Other Services" : 0.0779905, 
            "Administrative" : 0.05305729000000001, 
            "Government" : 0.04073909, 
            "Professional" : 0.0395518, 
            "Entertainment" : 0.03658356, 
            "Real estate" : 0.027382010000000002, 
            "Transportation" : 0.026714159999999997, 
            "Agriculture" : 0.01773523, 
            "Finance & Insurance" : 0.01684476, 
            "Wholesalers" : 0.01424755, 
            "Information" : 0.009424160000000001, 
            "Utilities" : 0.00274562, 
            "Oil & Gas, and Mining" : 0.0, 
            "Management" : 0.0
        }, 
        "educational_attainment" : {
            "Doctorate" : 0.01815693, 
            "Professional" : 0.01702967, 
            "Master's" : 0.08228995, 
            "Bachelor's" : 0.17907323000000003, 
            "Associate's" : 0.07991465, 
            "Some College" : 0.22211039, 
            "High School" : 0.28354604, 
            "Some H.S." : 0.07846532, 
            "Less than H.S." : 0.0351866, 
            "None" : 0.00422722
        }
    }
}