{
    "name" : "Alexander County", 
	"state" : "North Carolina", 
	"FIPS" : "37003",
    "population" : 37211, 
    "demographics" : {
        "race_and_ethnicity" : {
            "White" : 0.8734514, 
            "Hispanic" : 0.04442235, 
            "Black" : 0.05756362, 
            "Asian" : 0.01155572, 
            "Mixed" : 0.01109887, 
            "Other" : 0.00190804
        }, 
        "age_and_sex" : {
            "85+" : 0.01736, 
            "80-84" : 0.02241, 
            "75-79" : 0.033620000000000004, 
            "70-74" : 0.048209999999999996, 
            "67-69" : 0.03074, 
            "65-66" : 0.032010000000000004, 
            "62-64" : 0.03324, 
            "60-61" : 0.028220000000000002, 
            "55-59" : 0.0731, 
            "50-54" : 0.07323, 
            "45-49" : 0.07095, 
            "40-44" : 0.07388, 
            "35-39" : 0.05684, 
            "30-34" : 0.05665, 
            "25-29" : 0.05598, 
            "22-24" : 0.03391, 
            "21" : 0.012470000000000002, 
            "20" : 0.01244, 
            "18-19" : 0.01989, 
            "15-17" : 0.04031, 
            "10-14" : 0.05251, 
            "5-9" : 0.0721, 
            "0-4" : 0.04993
        }, 
        "household_types" : {
            "Married" : 0.5315308799999999, 
            "Single Female" : 0.09879675, 
            "Single Male" : 0.0476225, 
            "One-Person" : 0.28182082, 
            "Other Non-Family" : 0.040229049999999995
        }, 
        "marital_status" : {
            "Never Married" : {
                "female" : 0.21389493, 
                "male" : 0.31875201000000003
            }, 
            "Now Married" : {
                "female" : 0.49298003, 
                "male" : 0.49044709
            }, 
            "Separated" : {
                "female" : 0.03098016, 
                "male" : 0.02200064
            }, 
            "Absent Spouse" : {
                "female" : 0.026629749999999997, 
                "male" : 0.03100675
            }, 
            "Widowed" : {
                "female" : 0.11067168000000001, 
                "male" : 0.02920553
            }, 
            "Divorced" : {
                "female" : 0.12484345, 
                "male" : 0.10858796999999999
            }
        }, 
        "ancestry" : {
            "Unclassified" : 0.23014700000000002, 
            "American" : 0.22364355, 
            "Other" : 0.21800005, 
            "German" : 0.14635457000000002, 
            "Irish" : 0.09792803, 
            "English" : 0.07317729, 
            "Scottish" : 0.02604069, 
            "Scotch-Irish" : 0.02566445, 
            "Dutch" : 0.02391766, 
            "Italian" : 0.01179759, 
            "French" : 0.01115262, 
            "European" : 0.0099433, 
            "Polish" : 0.00892209, 
            "Welsh" : 0.006476579999999999, 
            "Mexican" : 0.81167268, 
            "Other Hispanic" : 0.03625, 
            "Central American" : 0.08182912, 
            "Puerto Rican" : 0.00365, 
            "Cuban" : 0.04452467, 
            "Nicaraguan" : 0.00199, 
            "Panamanian" : 0.03369434, 
            "Spaniard" : 0.0015, 
            "Costa Rican" : 0.02045728, 
            "Dominican" : 0.00091, 
            "Hmong" : 0.9744186, 
            "Indian" : 0.01126
        }, 
        "employment_status" : {
            "Armed Forces" : 0.0, 
            "Employed" : 0.51970557, 
            "Unemployed" : 0.04736599, 
            "Other" : 0.43292844
        }, 
        "industries" : {
            "Manufacturing" : 0.31279771, 
            "Healthcare" : 0.13331215999999999, 
            "Retail" : 0.10308033999999999, 
            "Construction" : 0.06427437, 
            "Education" : 0.06351223, 
            "Other Services" : 0.05519212, 
            "Transportation" : 0.048078760000000005, 
            "Hospitality" : 0.04668149, 
            "Administrative" : 0.03156558, 
            "Government" : 0.03150206, 
            "Finance & Insurance" : 0.02616704, 
            "Wholesalers" : 0.02381708, 
            "Agriculture" : 0.01899016, 
            "Professional" : 0.014671320000000002, 
            "Utilities" : 0.009463319999999999, 
            "Entertainment" : 0.00603366, 
            "Information" : 0.00431883, 
            "Oil & Gas, and Mining" : 0.0034296599999999997, 
            "Real estate" : 0.0022229299999999997, 
            "Management" : 0.00088917
        }, 
        "educational_attainment" : {
            "Doctorate" : 0.0009130000000000001, 
            "Professional" : 0.006619239999999999, 
            "Master's" : 0.03461787, 
            "Bachelor's" : 0.09107163, 
            "Associate's" : 0.08943583999999999, 
            "Some College" : 0.18705063, 
            "High School" : 0.39646974, 
            "Some H.S." : 0.12694488, 
            "Less than H.S." : 0.049378019999999995, 
            "None" : 0.01749914
        }
    }
}