{
    "name" : "Iredell County", 
	"state" : "North Carolina", 
	"FIPS" : "37097",
    "population" : 167493, 
    "demographics" : {
        "race_and_ethnicity" : {
            "White" : 0.7662887399999999, 
            "Hispanic" : 0.07034324, 
            "Black" : 0.12312156, 
            "Asian" : 0.024001, 
            "Mixed" : 0.01128405, 
            "Other" : 0.0049614
        }, 
        "age_and_sex" : {
            "85+" : 0.01436, 
            "80-84" : 0.01761, 
            "75-79" : 0.02564, 
            "70-74" : 0.03721, 
            "67-69" : 0.02749, 
            "65-66" : 0.022719999999999997, 
            "62-64" : 0.031760000000000004, 
            "60-61" : 0.023849999999999996, 
            "55-59" : 0.07101, 
            "50-54" : 0.07864, 
            "45-49" : 0.07797, 
            "40-44" : 0.07637, 
            "35-39" : 0.05987, 
            "30-34" : 0.05765, 
            "25-29" : 0.05566, 
            "22-24" : 0.0356, 
            "21" : 0.013000000000000001, 
            "20" : 0.0113, 
            "18-19" : 0.022770000000000002, 
            "15-17" : 0.044340000000000004, 
            "10-14" : 0.07465, 
            "5-9" : 0.06404, 
            "0-4" : 0.0565
        }, 
        "household_types" : {
            "Married" : 0.55010046, 
            "Single Female" : 0.12870244, 
            "Single Male" : 0.04204744, 
            "One-Person" : 0.23501199, 
            "Other Non-Family" : 0.044137659999999995
        }, 
        "marital_status" : {
            "Never Married" : {
                "female" : 0.24916073, 
                "male" : 0.30417707
            }, 
            "Now Married" : {
                "female" : 0.5013891300000001, 
                "male" : 0.5340071900000001
            }, 
            "Separated" : {
                "female" : 0.02805753, 
                "male" : 0.024082080000000002
            }, 
            "Absent Spouse" : {
                "female" : 0.0169879, 
                "male" : 0.022544599999999998
            }, 
            "Widowed" : {
                "female" : 0.09239162000000001, 
                "male" : 0.02097668
            }, 
            "Divorced" : {
                "female" : 0.11201307999999999, 
                "male" : 0.09421239
            }
        }, 
        "ancestry" : {
            "Other" : 0.28080577, 
            "Unclassified" : 0.2237586, 
            "German" : 0.14700316000000002, 
            "Irish" : 0.10820750999999999, 
            "American" : 0.10269683, 
            "English" : 0.09606969, 
            "Italian" : 0.042795820000000005, 
            "Scotch-Irish" : 0.03851504, 
            "Scottish" : 0.028789259999999997, 
            "French" : 0.02097401, 
            "Polish" : 0.01610814, 
            "Dutch" : 0.01457971, 
            "European" : 0.01257963, 
            "Subsaharan African" : 0.00816154, 
            "African" : 0.00777943, 
            "Swedish" : 0.00691372, 
            "Welsh" : 0.006710730000000001, 
            "Mexican" : 0.54913438, 
            "Central American" : 0.03977, 
            "South American" : 0.13998351, 
            "Colombian" : 0.01014, 
            "Puerto Rican" : 0.13841715000000002, 
            "Salvadoran" : 0.01002, 
            "Other Hispanic" : 0.10255565000000001, 
            "Guatemalan" : 0.00743, 
            "Cuban" : 0.09472383000000001, 
            "Honduran" : 0.006860000000000001, 
            "Spaniard" : 0.060346250000000004, 
            "Venezuelan" : 0.00437, 
            "Ecuadorian" : 0.04237428000000001, 
            "Panamanian" : 0.00307, 
            "Nicaraguan" : 0.03751031, 
            "Dominican" : 0.00272, 
            "Costa Rican" : 0.0295136, 
            "Indian" : 0.38059700999999996, 
            "Hmong" : 0.009130000000000001, 
            "Filipino" : 0.23955224, 
            "Vietnamese" : 0.00575, 
            "Laotian" : 0.07985075, 
            "Mixed" : 0.00192, 
            "Chinese" : 0.053233829999999996, 
            "Korean" : 0.00128, 
            "Japanese" : 0.039552239999999995, 
            "Sri Lankan" : 0.00095, 
            "Not Specified" : 0.0380597, 
            "Pakistani" : 0.00091
        }, 
        "employment_status" : {
            "Armed Forces" : 0.00072602, 
            "Employed" : 0.59089293, 
            "Unemployed" : 0.055457660000000006, 
            "Other" : 0.35292338
        }, 
        "industries" : {
            "Manufacturing" : 0.18382993, 
            "Retail" : 0.1439231, 
            "Healthcare" : 0.12120514, 
            "Hospitality" : 0.0725311, 
            "Education" : 0.06925459, 
            "Construction" : 0.06020581, 
            "Administrative" : 0.04956996, 
            "Other Services" : 0.04841806, 
            "Professional" : 0.044898379999999995, 
            "Transportation" : 0.03655352, 
            "Finance & Insurance" : 0.03422413, 
            "Wholesalers" : 0.029015, 
            "Government" : 0.02834946, 
            "Entertainment" : 0.026954379999999997, 
            "Real estate" : 0.017406440000000002, 
            "Information" : 0.01041827, 
            "Utilities" : 0.0099959, 
            "Agriculture" : 0.00993191, 
            "Management" : 0.0029565399999999997, 
            "Oil & Gas, and Mining" : 0.00035837
        }, 
        "educational_attainment" : {
            "Doctorate" : 0.0070818899999999995, 
            "Professional" : 0.012058590000000001, 
            "Master's" : 0.05997587, 
            "Bachelor's" : 0.17772552, 
            "Associate's" : 0.10049415, 
            "Some College" : 0.22930704999999998, 
            "High School" : 0.29199588, 
            "Some H.S." : 0.07877282000000001, 
            "Less than H.S." : 0.03254675, 
            "None" : 0.01004149
        }
    }
}