{
    "name" : "Montgomery County", 
	"state" : "North Carolina", 
	"FIPS" : "37123",
    "population" : 27475, 
    "demographics" : {
        "race_and_ethnicity" : {
            "White" : 0.63279345, 
            "Hispanic" : 0.15064603999999998, 
            "Black" : 0.18802548000000002, 
            "Asian" : 0.01543221, 
            "Mixed" : 0.0076069200000000005, 
            "Other" : 0.0054959100000000006
        }, 
        "age_and_sex" : {
            "85+" : 0.0182, 
            "80-84" : 0.02253, 
            "75-79" : 0.03392, 
            "70-74" : 0.0495, 
            "67-69" : 0.030430000000000002, 
            "65-66" : 0.02944, 
            "62-64" : 0.03429, 
            "60-61" : 0.034140000000000004, 
            "55-59" : 0.07527, 
            "50-54" : 0.06369, 
            "45-49" : 0.06686, 
            "40-44" : 0.05856, 
            "35-39" : 0.07305, 
            "30-34" : 0.057539999999999994, 
            "25-29" : 0.05412, 
            "22-24" : 0.027149999999999997, 
            "21" : 0.01056, 
            "20" : 0.01045, 
            "18-19" : 0.01816, 
            "15-17" : 0.042039999999999994, 
            "10-14" : 0.08, 
            "5-9" : 0.052160000000000005, 
            "0-4" : 0.05794
        }, 
        "household_types" : {
            "Married" : 0.49383173999999996, 
            "Single Female" : 0.12716817, 
            "Single Male" : 0.04276041, 
            "One-Person" : 0.30145627, 
            "Other Non-Family" : 0.03478342
        }, 
        "marital_status" : {
            "Never Married" : {
                "female" : 0.21893439, 
                "male" : 0.34266312
            }, 
            "Now Married" : {
                "female" : 0.5000440300000001, 
                "male" : 0.48517941
            }, 
            "Separated" : {
                "female" : 0.04359313, 
                "male" : 0.02165734
            }, 
            "Absent Spouse" : {
                "female" : 0.01981506, 
                "male" : 0.027163439999999997
            }, 
            "Widowed" : {
                "female" : 0.11845001999999999, 
                "male" : 0.04202992
            }, 
            "Divorced" : {
                "female" : 0.09916335999999999, 
                "male" : 0.08130678
            }
        }, 
        "ancestry" : {
            "Other" : 0.40254776999999997, 
            "American" : 0.19985441, 
            "Unclassified" : 0.17743403000000002, 
            "English" : 0.07301183, 
            "German" : 0.05255687, 
            "Irish" : 0.0488808, 
            "Scottish" : 0.03377616, 
            "Scotch-Irish" : 0.03035487, 
            "Italian" : 0.00757052, 
            "Dutch" : 0.00680619, 
            "European" : 0.0065878099999999995, 
            "French" : 0.00626024, 
            "Welsh" : 0.00502275, 
            "Mexican" : 0.93918919, 
            "Puerto Rican" : 0.14166, 
            "Other Hispanic" : 0.02051158, 
            "Central American" : 0.00309, 
            "Salvadoran" : 0.0171332, 
            "South American" : 0.0025800000000000003, 
            "Colombian" : 0.01230695, 
            "Laotian" : 0.52358491, 
            "Hmong" : 0.00808, 
            "Chinese" : 0.42688679, 
            "Filipino" : 0.00659, 
            "Korean" : 0.03301887
        }, 
        "employment_status" : {
            "Armed Forces" : 0.00105273, 
            "Employed" : 0.49102893000000003, 
            "Unemployed" : 0.047143899999999996, 
            "Other" : 0.46077444
        }, 
        "industries" : {
            "Manufacturing" : 0.25223714, 
            "Healthcare" : 0.11549217, 
            "Education" : 0.10402685, 
            "Retail" : 0.08118940999999999, 
            "Construction" : 0.07969799, 
            "Hospitality" : 0.06478373999999999, 
            "Other Services" : 0.052479490000000004, 
            "Government" : 0.05070843, 
            "Administrative" : 0.041014169999999996, 
            "Agriculture" : 0.02945563, 
            "Transportation" : 0.02759135, 
            "Professional" : 0.026099929999999997, 
            "Finance & Insurance" : 0.02293065, 
            "Wholesalers" : 0.0159396, 
            "Utilities" : 0.01109247, 
            "Real estate" : 0.00894855, 
            "Entertainment" : 0.00801641, 
            "Information" : 0.00587248, 
            "Oil & Gas, and Mining" : 0.00242356, 
            "Management" : 0.0
        }, 
        "educational_attainment" : {
            "Doctorate" : 0.00357977, 
            "Professional" : 0.005810640000000001, 
            "Master's" : 0.02848249, 
            "Bachelor's" : 0.10723735, 
            "Associate's" : 0.09587549, 
            "Some College" : 0.20207523, 
            "High School" : 0.32077821, 
            "Some H.S." : 0.14801556, 
            "Less than H.S." : 0.06230869, 
            "None" : 0.025836579999999998
        }
    }
}