{
    "name" : "Northampton County", 
	"state" : "North Carolina", 
	"FIPS" : "37131",
    "population" : 20628, 
    "demographics" : {
        "race_and_ethnicity" : {
            "White" : 0.38345937999999996, 
            "Hispanic" : 0.01793678, 
            "Black" : 0.57412255, 
            "Asian" : 0.00213302, 
            "Mixed" : 0.01735505, 
            "Other" : 0.0049932100000000005
        }, 
        "age_and_sex" : {
            "85+" : 0.02589, 
            "80-84" : 0.03709, 
            "75-79" : 0.03728, 
            "70-74" : 0.055069999999999994, 
            "67-69" : 0.036070000000000005, 
            "65-66" : 0.03742, 
            "62-64" : 0.043440000000000006, 
            "60-61" : 0.03277, 
            "55-59" : 0.09041, 
            "50-54" : 0.07703, 
            "45-49" : 0.06283, 
            "40-44" : 0.060599999999999994, 
            "35-39" : 0.03641, 
            "30-34" : 0.04596, 
            "25-29" : 0.052939999999999994, 
            "22-24" : 0.035390000000000005, 
            "21" : 0.014830000000000001, 
            "20" : 0.010329999999999999, 
            "18-19" : 0.01959, 
            "15-17" : 0.034319999999999996, 
            "10-14" : 0.05623, 
            "5-9" : 0.05148, 
            "0-4" : 0.046639999999999994
        }, 
        "household_types" : {
            "Married" : 0.38811995000000005, 
            "Single Female" : 0.19607843, 
            "Single Male" : 0.07877739, 
            "One-Person" : 0.30588235, 
            "Other Non-Family" : 0.03114187
        }, 
        "marital_status" : {
            "Never Married" : {
                "female" : 0.27563962, 
                "male" : 0.36683538
            }, 
            "Now Married" : {
                "female" : 0.37765143, 
                "male" : 0.40768859999999996
            }, 
            "Separated" : {
                "female" : 0.04887382, 
                "male" : 0.03530971
            }, 
            "Absent Spouse" : {
                "female" : 0.01924339, 
                "male" : 0.01783562
            }, 
            "Widowed" : {
                "female" : 0.17351848, 
                "male" : 0.05230176
            }, 
            "Divorced" : {
                "female" : 0.10507326, 
                "male" : 0.12002892
            }
        }, 
        "ancestry" : {
            "Other" : 0.60621485, 
            "Unclassified" : 0.15910413, 
            "American" : 0.14713011, 
            "English" : 0.060354859999999996, 
            "German" : 0.04634477000000001, 
            "Irish" : 0.040818310000000003, 
            "Scotch-Irish" : 0.01168315, 
            "Italian" : 0.0095986, 
            "Scottish" : 0.00547799, 
            "Polish" : 0.00504169, 
            "Mexican" : 0.81355932, 
            "Puerto Rican" : 0.01629, 
            "Central American" : 0.07021791999999999, 
            "Cuban" : 0.0014099999999999998, 
            "Salvadoran" : 0.03874092, 
            "South American" : 0.00078, 
            "Colombian" : 0.031477, 
            "Other Hispanic" : 0.00063, 
            "Guatemalan" : 0.02905569, 
            "Filipino" : 0.34090909, 
            "Indian" : 0.00073, 
            "Chinese" : 0.22727273, 
            "Korean" : 0.00048, 
            "Vietnamese" : 0.15909091, 
            "Japanese" : 0.00034
        }, 
        "employment_status" : {
            "Armed Forces" : 0.0, 
            "Employed" : 0.41861550000000003, 
            "Unemployed" : 0.06076865, 
            "Other" : 0.52061585
        }, 
        "industries" : {
            "Healthcare" : 0.16355530999999998, 
            "Manufacturing" : 0.14795208, 
            "Retail" : 0.1232934, 
            "Government" : 0.10560045000000001, 
            "Education" : 0.08721092000000001, 
            "Construction" : 0.06422401999999999, 
            "Hospitality" : 0.05753692, 
            "Other Services" : 0.05697966, 
            "Agriculture" : 0.04499861, 
            "Administrative" : 0.037754249999999996, 
            "Transportation" : 0.03287824, 
            "Utilities" : 0.021454439999999998, 
            "Professional" : 0.01518529, 
            "Finance & Insurance" : 0.012399, 
            "Wholesalers" : 0.01128448, 
            "Information" : 0.010866540000000001, 
            "Real estate" : 0.0032042399999999997, 
            "Entertainment" : 0.00236835, 
            "Oil & Gas, and Mining" : 0.00125383, 
            "Management" : 0.0
        }, 
        "educational_attainment" : {
            "Doctorate" : 0.00523768, 
            "Professional" : 0.00656368, 
            "Master's" : 0.0330836, 
            "Bachelor's" : 0.067891, 
            "Associate's" : 0.09732811999999999, 
            "Some College" : 0.19067825, 
            "High School" : 0.38195319, 
            "Some H.S." : 0.14930717, 
            "Less than H.S." : 0.05947093, 
            "None" : 0.00848638
        }
    }
}