{
    "name" : "Wake County", 
	"state" : "North Carolina", 
	"FIPS" : "37183",
    "population" : 998576, 
    "demographics" : {
        "race_and_ethnicity" : {
            "White" : 0.60907833, 
            "Hispanic" : 0.09497825, 
            "Black" : 0.20597531, 
            "Asian" : 0.06209843, 
            "Mixed" : 0.021953260000000002, 
            "Other" : 0.00591642
        }, 
        "age_and_sex" : {
            "85+" : 0.011160000000000002, 
            "80-84" : 0.01146, 
            "75-79" : 0.01601, 
            "70-74" : 0.02418, 
            "67-69" : 0.0217, 
            "65-66" : 0.0155, 
            "62-64" : 0.02648, 
            "60-61" : 0.0206, 
            "55-59" : 0.06089000000000001, 
            "50-54" : 0.07071, 
            "45-49" : 0.07503, 
            "40-44" : 0.07805, 
            "35-39" : 0.07740999999999999, 
            "30-34" : 0.07493999999999999, 
            "25-29" : 0.07306, 
            "22-24" : 0.03931, 
            "21" : 0.01268, 
            "20" : 0.012589999999999999, 
            "18-19" : 0.02831, 
            "15-17" : 0.040979999999999996, 
            "10-14" : 0.07183, 
            "5-9" : 0.07179, 
            "0-4" : 0.06532
        }, 
        "household_types" : {
            "Married" : 0.51452263, 
            "Single Female" : 0.11367065, 
            "Single Male" : 0.03996571, 
            "One-Person" : 0.26007582, 
            "Other Non-Family" : 0.07176518999999999
        }, 
        "marital_status" : {
            "Never Married" : {
                "female" : 0.30848864, 
                "male" : 0.35063589
            }, 
            "Now Married" : {
                "female" : 0.47228534000000005, 
                "male" : 0.51545446
            }, 
            "Separated" : {
                "female" : 0.02519781, 
                "male" : 0.01949076
            }, 
            "Absent Spouse" : {
                "female" : 0.02029072, 
                "male" : 0.025475340000000003
            }, 
            "Widowed" : {
                "female" : 0.05944023, 
                "male" : 0.01770065
            }, 
            "Divorced" : {
                "female" : 0.11429726000000001, 
                "male" : 0.07124289
            }
        }, 
        "ancestry" : {
            "Other" : 0.38297635999999996, 
            "Unclassified" : 0.13170355, 
            "German" : 0.11632064, 
            "English" : 0.10522184, 
            "American" : 0.10156563, 
            "Irish" : 0.09785034, 
            "Italian" : 0.05208016, 
            "Scottish" : 0.02758128, 
            "Polish" : 0.022246679999999998, 
            "Scotch-Irish" : 0.0198713, 
            "French" : 0.019777160000000002, 
            "European" : 0.01778533, 
            "Subsaharan African" : 0.016695770000000002, 
            "African" : 0.0110958, 
            "Dutch" : 0.01043085, 
            "Swedish" : 0.00880253, 
            "Arab" : 0.00878451, 
            "British" : 0.0087044, 
            "Welsh" : 0.00841398, 
            "Russian" : 0.00713115, 
            "Mexican" : 0.53296559, 
            "Central American" : 0.05273, 
            "Puerto Rican" : 0.16527328, 
            "South American" : 0.01635, 
            "Salvadoran" : 0.10708501999999999, 
            "Other Hispanic" : 0.0106, 
            "Dominican" : 0.07866397, 
            "Honduran" : 0.0077800000000000005, 
            "Colombian" : 0.0758502, 
            "Cuban" : 0.0075, 
            "Guatemalan" : 0.04355263, 
            "Spaniard" : 0.00431, 
            "Peruvian" : 0.0383502, 
            "Venezuelan" : 0.00379, 
            "Costa Rican" : 0.03481781, 
            "Argentinean" : 0.00344, 
            "Panamanian" : 0.03425101, 
            "Ecuadorian" : 0.0033900000000000002, 
            "Spanish" : 0.034109310000000004, 
            "Nicaraguan" : 0.00337, 
            "Indian" : 0.45773262000000003, 
            "Chinese" : 0.02842, 
            "Vietnamese" : 0.18979197, 
            "Korean" : 0.01179, 
            "Filipino" : 0.08671182, 
            "Pakistani" : 0.00538, 
            "Nepalese" : 0.07161748, 
            "Japanese" : 0.00445, 
            "Taiwanese" : 0.04983067, 
            "Not Specified" : 0.00309, 
            "Burmese" : 0.02407676, 
            "Mixed" : 0.0015, 
            "Laotian" : 0.021174, 
            "Thai" : 0.00131, 
            "Sri Lankan" : 0.014884699999999999
        }, 
        "employment_status" : {
            "Armed Forces" : 0.00121269, 
            "Employed" : 0.66733551, 
            "Unemployed" : 0.04001613, 
            "Other" : 0.29143566
        }, 
        "industries" : {
            "Professional" : 0.13578087, 
            "Healthcare" : 0.11606193, 
            "Retail" : 0.10511619, 
            "Education" : 0.09414534, 
            "Manufacturing" : 0.08851412, 
            "Hospitality" : 0.07109517, 
            "Construction" : 0.0555842, 
            "Finance & Insurance" : 0.05397941999999999, 
            "Government" : 0.050182779999999996, 
            "Other Services" : 0.04670672, 
            "Administrative" : 0.044397070000000004, 
            "Information" : 0.03077089, 
            "Wholesalers" : 0.027922449999999998, 
            "Transportation" : 0.027364350000000003, 
            "Entertainment" : 0.020613060000000002, 
            "Real estate" : 0.02005303, 
            "Utilities" : 0.007479329999999999, 
            "Agriculture" : 0.00278471, 
            "Management" : 0.0008497, 
            "Oil & Gas, and Mining" : 0.00059866
        }, 
        "educational_attainment" : {
            "Doctorate" : 0.02485615, 
            "Professional" : 0.0240653, 
            "Master's" : 0.13250469, 
            "Bachelor's" : 0.31928241, 
            "Associate's" : 0.08244801, 
            "Some College" : 0.17812256, 
            "High School" : 0.16175699999999998, 
            "Some H.S." : 0.04210704, 
            "Less than H.S." : 0.02663442, 
            "None" : 0.0082224
        }
    }
}