{
    "name" : "Highland County", 
	"state" : "Virginia", 
	"FIPS" : "51091",
    "population" : 2230, 
    "demographics" : {
        "race_and_ethnicity" : {
            "White" : 0.9955157, 
            "Hispanic" : 0.0, 
            "Black" : 0.0, 
            "Asian" : 0.0, 
            "Mixed" : 0.00269058, 
            "Other" : 0.00179372
        }, 
        "age_and_sex" : {
            "85+" : 0.03274, 
            "80-84" : 0.04215, 
            "75-79" : 0.0713, 
            "70-74" : 0.08879, 
            "67-69" : 0.0861, 
            "65-66" : 0.03946, 
            "62-64" : 0.06951, 
            "60-61" : 0.06547, 
            "55-59" : 0.10897, 
            "50-54" : 0.07578, 
            "45-49" : 0.03229, 
            "40-44" : 0.020179999999999997, 
            "35-39" : 0.039009999999999996, 
            "30-34" : 0.022869999999999998, 
            "25-29" : 0.03363, 
            "22-24" : 0.01704, 
            "21" : 0.00897, 
            "20" : 0.00269, 
            "18-19" : 0.0044800000000000005, 
            "15-17" : 0.01704, 
            "10-14" : 0.060540000000000004, 
            "5-9" : 0.02556, 
            "0-4" : 0.03543
        }, 
        "household_types" : {
            "Married" : 0.52453167, 
            "Single Female" : 0.0749331, 
            "Single Male" : 0.024085640000000002, 
            "One-Person" : 0.32827832, 
            "Other Non-Family" : 0.048171280000000004
        }, 
        "marital_status" : {
            "Never Married" : {
                "female" : 0.18379447, 
                "male" : 0.16789863
            }, 
            "Now Married" : {
                "female" : 0.55434783, 
                "male" : 0.6187962
            }, 
            "Separated" : {
                "female" : 0.00988142, 
                "male" : 0.02217529
            }, 
            "Absent Spouse" : {
                "female" : 0.03162055, 
                "male" : 0.043294610000000004
            }, 
            "Widowed" : {
                "female" : 0.14328063, 
                "male" : 0.05068638
            }, 
            "Divorced" : {
                "female" : 0.07707510000000001, 
                "male" : 0.09714888999999999
            }
        }, 
        "employment_status" : {
            "Armed Forces" : 0.0, 
            "Employed" : 0.50333162, 
            "Unemployed" : 0.006663249999999999, 
            "Other" : 0.49000512999999996
        }, 
        "industries" : {
            "Agriculture" : 0.16089613, 
            "Retail" : 0.13034623, 
            "Healthcare" : 0.09572301, 
            "Government" : 0.07942974, 
            "Construction" : 0.07535642000000001, 
            "Information" : 0.0712831, 
            "Hospitality" : 0.06720978, 
            "Education" : 0.050916499999999996, 
            "Other Services" : 0.049898170000000006, 
            "Manufacturing" : 0.04582485, 
            "Finance & Insurance" : 0.04276986, 
            "Transportation" : 0.0407332, 
            "Administrative" : 0.03156823, 
            "Utilities" : 0.02138493, 
            "Professional" : 0.017311609999999998, 
            "Entertainment" : 0.01629328, 
            "Real estate" : 0.00305499, 
            "Oil & Gas, and Mining" : 0.0, 
            "Wholesalers" : 0.0, 
            "Management" : 0.0
        }, 
        "educational_attainment" : {
            "Doctorate" : 0.00974553, 
            "Professional" : 0.00433135, 
            "Master's" : 0.06226313, 
            "Bachelor's" : 0.14780726, 
            "Associate's" : 0.03627504, 
            "Some College" : 0.18245804, 
            "High School" : 0.39794261, 
            "Some H.S." : 0.08012994000000001, 
            "Less than H.S." : 0.07200866, 
            "None" : 0.00703844
        }
    }
}