{
    "name" : "Louisa County", 
	"state" : "Virginia", 
	"FIPS" : "51109",
    "population" : 34350, 
    "demographics" : {
        "race_and_ethnicity" : {
            "White" : 0.77452693, 
            "Hispanic" : 0.024366810000000003, 
            "Black" : 0.15796215, 
            "Asian" : 0.00561863, 
            "Mixed" : 0.02809316, 
            "Other" : 0.009432310000000001
        }, 
        "age_and_sex" : {
            "85+" : 0.019530000000000002, 
            "80-84" : 0.01654, 
            "75-79" : 0.026459999999999997, 
            "70-74" : 0.04172, 
            "67-69" : 0.04169, 
            "65-66" : 0.02754, 
            "62-64" : 0.05066, 
            "60-61" : 0.03179, 
            "55-59" : 0.07615999999999999, 
            "50-54" : 0.08567999999999999, 
            "45-49" : 0.07144, 
            "40-44" : 0.06274, 
            "35-39" : 0.05351, 
            "30-34" : 0.06087, 
            "25-29" : 0.052809999999999996, 
            "22-24" : 0.028820000000000002, 
            "21" : 0.01234, 
            "20" : 0.010860000000000002, 
            "18-19" : 0.02009, 
            "15-17" : 0.034409999999999996, 
            "10-14" : 0.06335, 
            "5-9" : 0.05592, 
            "0-4" : 0.05508
        }, 
        "household_types" : {
            "Married" : 0.57401491, 
            "Single Female" : 0.09782443, 
            "Single Male" : 0.04769512, 
            "One-Person" : 0.22546782, 
            "Other Non-Family" : 0.05499772
        }, 
        "marital_status" : {
            "Never Married" : {
                "female" : 0.24671189, 
                "male" : 0.27438017
            }, 
            "Now Married" : {
                "female" : 0.52339748, 
                "male" : 0.5516349300000001
            }, 
            "Separated" : {
                "female" : 0.03045826, 
                "male" : 0.017391300000000002
            }, 
            "Absent Spouse" : {
                "female" : 0.01848262, 
                "male" : 0.022349980000000002
            }, 
            "Widowed" : {
                "female" : 0.09393604, 
                "male" : 0.05037729
            }, 
            "Divorced" : {
                "female" : 0.08701371, 
                "male" : 0.08386633
            }
        }, 
        "ancestry" : {
            "Other" : 0.28669578, 
            "Unclassified" : 0.20864629, 
            "German" : 0.14407569, 
            "English" : 0.13967976999999998, 
            "Irish" : 0.129869, 
            "American" : 0.11452693, 
            "Italian" : 0.03921397, 
            "Scottish" : 0.02200873, 
            "Polish" : 0.018981079999999997, 
            "French" : 0.01796215, 
            "Dutch" : 0.01778748, 
            "Scotch-Irish" : 0.015633189999999998, 
            "Russian" : 0.013275110000000001, 
            "European" : 0.00692868, 
            "Welsh" : 0.00660844, 
            "British" : 0.006026200000000001, 
            "Arab" : 0.0057933, 
            "Mexican" : 0.43493150999999997, 
            "South American" : 0.01109, 
            "Puerto Rican" : 0.18835616000000002, 
            "Central American" : 0.0048, 
            "Salvadoran" : 0.18721461, 
            "Bolivian" : 0.00477, 
            "Ecuadorian" : 0.15068493, 
            "Colombian" : 0.00384, 
            "Venezuelan" : 0.11872146, 
            "Other Hispanic" : 0.0030299999999999997, 
            "Panamanian" : 0.06164384, 
            "Cuban" : 0.00157, 
            "Guatemalan" : 0.04680365, 
            "Spaniard" : 0.0011899999999999999, 
            "Peruvian" : 0.03995434, 
            "Chinese" : 0.48704663, 
            "Korean" : 0.0027400000000000002, 
            "Vietnamese" : 0.22279793, 
            "Indian" : 0.00125, 
            "Malaysian" : 0.17616579999999998
        }, 
        "employment_status" : {
            "Armed Forces" : 0.0, 
            "Employed" : 0.56963569, 
            "Unemployed" : 0.050344230000000004, 
            "Other" : 0.38002008
        }, 
        "industries" : {
            "Healthcare" : 0.14648118, 
            "Retail" : 0.13024046, 
            "Construction" : 0.11431449, 
            "Education" : 0.092912, 
            "Manufacturing" : 0.07881153, 
            "Professional" : 0.058101469999999995, 
            "Government" : 0.0570943, 
            "Hospitality" : 0.0547652, 
            "Finance & Insurance" : 0.046141259999999996, 
            "Administrative" : 0.04570062, 
            "Other Services" : 0.037895, 
            "Wholesalers" : 0.02675312, 
            "Real estate" : 0.026564269999999997, 
            "Transportation" : 0.02398338, 
            "Utilities" : 0.02133954, 
            "Agriculture" : 0.012841499999999999, 
            "Information" : 0.01101599, 
            "Oil & Gas, and Mining" : 0.007490869999999999, 
            "Entertainment" : 0.00730203, 
            "Management" : 0.00025179
        }, 
        "educational_attainment" : {
            "Doctorate" : 0.01012064, 
            "Professional" : 0.01149704, 
            "Master's" : 0.0628694, 
            "Bachelor's" : 0.13476642, 
            "Associate's" : 0.06922516, 
            "Some College" : 0.18889159, 
            "High School" : 0.35903975000000005, 
            "Some H.S." : 0.10096348000000001, 
            "Less than H.S." : 0.0498745, 
            "None" : 0.012752
        }
    }
}