{
    "name" : "Harrisonburg City", 
	"state" : "Virginia", 
	"FIPS" : "51660",
    "population" : 51979, 
    "demographics" : {
        "race_and_ethnicity" : {
            "White" : 0.68333365, 
            "Hispanic" : 0.17749476, 
            "Black" : 0.06814289999999999, 
            "Asian" : 0.03922738, 
            "Mixed" : 0.0273572, 
            "Other" : 0.0044441
        }, 
        "age_and_sex" : {
            "85+" : 0.01435, 
            "80-84" : 0.011850000000000001, 
            "75-79" : 0.01464, 
            "70-74" : 0.01828, 
            "67-69" : 0.011659999999999998, 
            "65-66" : 0.01068, 
            "62-64" : 0.0167, 
            "60-61" : 0.01882, 
            "55-59" : 0.03938, 
            "50-54" : 0.03678, 
            "45-49" : 0.04819, 
            "40-44" : 0.04675, 
            "35-39" : 0.05558, 
            "30-34" : 0.06197, 
            "25-29" : 0.07905000000000001, 
            "22-24" : 0.07297, 
            "21" : 0.0754, 
            "20" : 0.06672, 
            "18-19" : 0.14194, 
            "15-17" : 0.021840000000000002, 
            "10-14" : 0.04431, 
            "5-9" : 0.04319, 
            "0-4" : 0.04896
        }, 
        "household_types" : {
            "Married" : 0.33712258, 
            "Single Female" : 0.11872970000000001, 
            "Single Male" : 0.05695898, 
            "One-Person" : 0.28912547, 
            "Other Non-Family" : 0.19806326999999999
        }, 
        "marital_status" : {
            "Never Married" : {
                "female" : 0.58474397, 
                "male" : 0.59083833
            }, 
            "Now Married" : {
                "female" : 0.23445481, 
                "male" : 0.28508751
            }, 
            "Separated" : {
                "female" : 0.03187133, 
                "male" : 0.01759683
            }, 
            "Absent Spouse" : {
                "female" : 0.01933387, 
                "male" : 0.02080483
            }, 
            "Widowed" : {
                "female" : 0.05956351, 
                "male" : 0.01014294
            }, 
            "Divorced" : {
                "female" : 0.0700325, 
                "male" : 0.07552956
            }
        }, 
        "ancestry" : {
            "Other" : 0.29950557, 
            "Unclassified" : 0.20731449000000002, 
            "German" : 0.1576983, 
            "American" : 0.11887492999999999, 
            "Irish" : 0.08230247, 
            "English" : 0.06806595, 
            "Italian" : 0.04492199, 
            "Polish" : 0.02289386, 
            "Arab" : 0.02252833, 
            "Scottish" : 0.01833433, 
            "Scotch-Irish" : 0.01802651, 
            "Swiss" : 0.01785336, 
            "French" : 0.01506378, 
            "European" : 0.014736720000000002, 
            "Other Arab" : 0.011312260000000001, 
            "Russian" : 0.010792820000000002, 
            "Subsaharan African" : 0.009869369999999999, 
            "Ukrainian" : 0.00815714, 
            "Dutch" : 0.00759922, 
            "British" : 0.00734912, 
            "Central American" : 0.45112146000000003, 
            "Honduran" : 0.08202999999999999, 
            "Mexican" : 0.21889547, 
            "Salvadoran" : 0.0398, 
            "Puerto Rican" : 0.20302581, 
            "South American" : 0.03692, 
            "Cuban" : 0.19054168000000002, 
            "Guatemalan" : 0.03465, 
            "Other Hispanic" : 0.14145154, 
            "Dominican" : 0.02572, 
            "Uruguayan" : 0.08146424, 
            "Bolivian" : 0.01481, 
            "Argentinean" : 0.06072789, 
            "Spanish" : 0.011040000000000001, 
            "Peruvian" : 0.04020313, 
            "Venezuelan" : 0.00731, 
            "Spaniard" : 0.033749470000000004, 
            "Colombian" : 0.00614, 
            "Chinese" : 0.35066209, 
            "Korean" : 0.01376, 
            "Indian" : 0.14124571, 
            "Filipino" : 0.005540000000000001, 
            "Vietnamese" : 0.13192742000000002, 
            "Not Specified" : 0.005180000000000001, 
            "Japanese" : 0.07748897, 
            "Mixed" : 0.0030399999999999997, 
            "Laotian" : 0.07405591, 
            "Pakistani" : 0.00291, 
            "Cambodian" : 0.04806278, 
            "Thai" : 0.00189, 
            "Nepalese" : 0.04217754
        }, 
        "employment_status" : {
            "Armed Forces" : 0.0022229199999999998, 
            "Employed" : 0.56466679, 
            "Unemployed" : 0.03547692, 
            "Other" : 0.39763338
        }, 
        "industries" : {
            "Education" : 0.18466677, 
            "Hospitality" : 0.18454747999999999, 
            "Manufacturing" : 0.10959122, 
            "Retail" : 0.1092731, 
            "Healthcare" : 0.09547478999999999, 
            "Other Services" : 0.04580881, 
            "Construction" : 0.03992365, 
            "Professional" : 0.03598696, 
            "Administrative" : 0.030539209999999997, 
            "Transportation" : 0.026801339999999996, 
            "Government" : 0.025528870000000002, 
            "Entertainment" : 0.020439, 
            "Finance & Insurance" : 0.01876889, 
            "Real estate" : 0.01805313, 
            "Information" : 0.0178543, 
            "Wholesalers" : 0.01666136, 
            "Agriculture" : 0.01479243, 
            "Oil & Gas, and Mining" : 0.00270399, 
            "Utilities" : 0.0025846999999999997, 
            "Management" : 0.0
        }, 
        "educational_attainment" : {
            "Doctorate" : 0.03310443, 
            "Professional" : 0.01690946, 
            "Master's" : 0.10121859000000001, 
            "Bachelor's" : 0.21124916, 
            "Associate's" : 0.06870956, 
            "Some College" : 0.15798039, 
            "High School" : 0.26150121, 
            "Some H.S." : 0.06529592000000001, 
            "Less than H.S." : 0.06648672, 
            "None" : 0.01754456
        }
    }
}