{
    "name" : "Radford City", 
	"state" : "Virginia", 
	"FIPS" : "51750",
    "population" : 17186, 
    "demographics" : {
        "race_and_ethnicity" : {
            "White" : 0.83021064, 
            "Hispanic" : 0.02920982, 
            "Black" : 0.09949959, 
            "Asian" : 0.01757244, 
            "Mixed" : 0.021645530000000003, 
            "Other" : 0.00186198
        }, 
        "age_and_sex" : {
            "85+" : 0.016120000000000002, 
            "80-84" : 0.00983, 
            "75-79" : 0.00791, 
            "70-74" : 0.023039999999999998, 
            "67-69" : 0.01722, 
            "65-66" : 0.00582, 
            "62-64" : 0.022930000000000002, 
            "60-61" : 0.01367, 
            "55-59" : 0.048940000000000004, 
            "50-54" : 0.04015, 
            "45-49" : 0.04009, 
            "40-44" : 0.03357, 
            "35-39" : 0.04987, 
            "30-34" : 0.042480000000000004, 
            "25-29" : 0.06366, 
            "22-24" : 0.09752000000000001, 
            "21" : 0.09141, 
            "20" : 0.08792, 
            "18-19" : 0.17432999999999998, 
            "15-17" : 0.01909, 
            "10-14" : 0.036539999999999996, 
            "5-9" : 0.029910000000000003, 
            "0-4" : 0.02799
        }, 
        "household_types" : {
            "Married" : 0.30192719, 
            "Single Female" : 0.10742327, 
            "Single Male" : 0.02765882, 
            "One-Person" : 0.32655246, 
            "Other Non-Family" : 0.23643826
        }, 
        "marital_status" : {
            "Never Married" : {
                "female" : 0.58475656, 
                "male" : 0.63677595
            }, 
            "Now Married" : {
                "female" : 0.22533774999999998, 
                "male" : 0.20875988
            }, 
            "Separated" : {
                "female" : 0.01707877, 
                "male" : 0.02228845
            }, 
            "Absent Spouse" : {
                "female" : 0.028549579999999998, 
                "male" : 0.015161329999999999
            }, 
            "Widowed" : {
                "female" : 0.05251083, 
                "male" : 0.02241804
            }, 
            "Divorced" : {
                "female" : 0.09176651, 
                "male" : 0.09459635000000001
            }
        }, 
        "ancestry" : {
            "Unclassified" : 0.30379379, 
            "Other" : 0.24357035, 
            "German" : 0.13784476, 
            "American" : 0.12120331000000001, 
            "Irish" : 0.09571744, 
            "English" : 0.0768067, 
            "Italian" : 0.053066449999999994, 
            "Scotch-Irish" : 0.026533220000000003, 
            "Scottish" : 0.022634699999999997, 
            "Subsaharan African" : 0.02059816, 
            "French" : 0.01925986, 
            "European" : 0.01873618, 
            "Polish" : 0.017747, 
            "African" : 0.01594321, 
            "West Indian" : 0.00884441, 
            "Jamaican" : 0.00733155, 
            "British" : 0.006807870000000001, 
            "Welsh" : 0.00593506, 
            "Norwegian" : 0.00587688, 
            "Dutch" : 0.00506226, 
            "Mexican" : 0.29330709, 
            "Puerto Rican" : 0.00867, 
            "Central American" : 0.20472441, 
            "Other Hispanic" : 0.00605, 
            "Guatemalan" : 0.18307087, 
            "South American" : 0.005410000000000001, 
            "Salvadoran" : 0.15944882, 
            "Cuban" : 0.00471, 
            "Spaniard" : 0.08267717, 
            "Dominican" : 0.00244, 
            "Peruvian" : 0.08267717, 
            "Bolivian" : 0.00244, 
            "Ecuadorian" : 0.08070866, 
            "Colombian" : 0.0023899999999999998, 
            "Honduran" : 0.04133858, 
            "Venezuelan" : 0.00122, 
            "Costa Rican" : 0.04133858, 
            "Vietnamese" : 0.5397351, 
            "Chinese" : 0.009479999999999999, 
            "Indian" : 0.2615894, 
            "Korean" : 0.0046, 
            "Filipino" : 0.07284768, 
            "Thai" : 0.00128
        }, 
        "employment_status" : {
            "Armed Forces" : 0.00341231, 
            "Employed" : 0.45963172999999996, 
            "Unemployed" : 0.04661344, 
            "Other" : 0.49034252
        }, 
        "industries" : {
            "Education" : 0.17859644, 
            "Hospitality" : 0.17593499999999998, 
            "Retail" : 0.15016109, 
            "Healthcare" : 0.11920437, 
            "Manufacturing" : 0.11402157, 
            "Professional" : 0.04510436, 
            "Entertainment" : 0.03838073, 
            "Other Services" : 0.03824065, 
            "Transportation" : 0.02801513, 
            "Government" : 0.02787505, 
            "Real estate" : 0.02535369, 
            "Administrative" : 0.0212915, 
            "Construction" : 0.01484802, 
            "Finance & Insurance" : 0.014007559999999999, 
            "Wholesalers" : 0.006863709999999999, 
            "Information" : 0.00210113, 
            "Agriculture" : 0.0, 
            "Oil & Gas, and Mining" : 0.0, 
            "Utilities" : 0.0, 
            "Management" : 0.0
        }, 
        "educational_attainment" : {
            "Doctorate" : 0.02339259, 
            "Professional" : 0.01577329, 
            "Master's" : 0.11001203, 
            "Bachelor's" : 0.19168559999999998, 
            "Associate's" : 0.1058682, 
            "Some College" : 0.21293945, 
            "High School" : 0.23633204, 
            "Some H.S." : 0.054270820000000004, 
            "Less than H.S." : 0.02887315, 
            "None" : 0.02085283
        }
    }
}