{
    "name" : "Albemarle County", 
	"state" : "Virginia", 
	"FIPS" : "51003",
    "population" : 104287, 
    "demographics" : {
        "race_and_ethnicity" : {
            "White" : 0.7742479899999999, 
            "Hispanic" : 0.05565411, 
            "Black" : 0.09346323, 
            "Asian" : 0.04538437, 
            "Mixed" : 0.02637913, 
            "Other" : 0.00487117
        }, 
        "age_and_sex" : {
            "85+" : 0.02657, 
            "80-84" : 0.02096, 
            "75-79" : 0.027759999999999996, 
            "70-74" : 0.03636, 
            "67-69" : 0.028210000000000002, 
            "65-66" : 0.02468, 
            "62-64" : 0.035070000000000004, 
            "60-61" : 0.02429, 
            "55-59" : 0.07473, 
            "50-54" : 0.06721, 
            "45-49" : 0.06223, 
            "40-44" : 0.05888, 
            "35-39" : 0.056799999999999996, 
            "30-34" : 0.06162, 
            "25-29" : 0.06611, 
            "22-24" : 0.03136, 
            "21" : 0.01268, 
            "20" : 0.020259999999999997, 
            "18-19" : 0.05595, 
            "15-17" : 0.03674, 
            "10-14" : 0.0582, 
            "5-9" : 0.05903, 
            "0-4" : 0.05432000000000001
        }, 
        "household_types" : {
            "Married" : 0.53123177, 
            "Single Female" : 0.09048717999999999, 
            "Single Male" : 0.02122695, 
            "One-Person" : 0.28284852, 
            "Other Non-Family" : 0.07420557
        }, 
        "marital_status" : {
            "Never Married" : {
                "female" : 0.29784852, 
                "male" : 0.353294
            }, 
            "Now Married" : {
                "female" : 0.46867179, 
                "male" : 0.51932822
            }, 
            "Separated" : {
                "female" : 0.01877058, 
                "male" : 0.01341592
            }, 
            "Absent Spouse" : {
                "female" : 0.019012070000000002, 
                "male" : 0.02061351
            }, 
            "Widowed" : {
                "female" : 0.09167947, 
                "male" : 0.0262198
            }, 
            "Divorced" : {
                "female" : 0.10401756000000001, 
                "male" : 0.06712855000000001
            }
        }, 
        "ancestry" : {
            "Other" : 0.2544133, 
            "Unclassified" : 0.14874337, 
            "American" : 0.14509958, 
            "German" : 0.13403396, 
            "English" : 0.13384219, 
            "Irish" : 0.09808509000000001, 
            "Italian" : 0.05137745, 
            "Scottish" : 0.03329274, 
            "European" : 0.03102017, 
            "Polish" : 0.02434628, 
            "French" : 0.02253397, 
            "Scotch-Irish" : 0.0223326, 
            "Dutch" : 0.014268320000000001, 
            "British" : 0.0119478, 
            "Russian" : 0.01166013, 
            "Welsh" : 0.011650540000000001, 
            "Swedish" : 0.0105574, 
            "Norwegian" : 0.00886016, 
            "Subsaharan African" : 0.0063286900000000005, 
            "Arab" : 0.0055999299999999995, 
            "Mexican" : 0.49657064, 
            "Central American" : 0.027770000000000003, 
            "Salvadoran" : 0.22942387, 
            "Puerto Rican" : 0.01283, 
            "Honduran" : 0.12568587, 
            "South American" : 0.00703, 
            "Other Hispanic" : 0.10253772, 
            "Dominican" : 0.00573, 
            "Other Central American" : 0.07578875, 
            "Cuban" : 0.00424, 
            "Argentinean" : 0.06207133, 
            "Spaniard" : 0.0034699999999999996, 
            "Colombian" : 0.060528120000000005, 
            "Chilean" : 0.00338, 
            "Spanish" : 0.03172154, 
            "Ecuadorian" : 0.0017699999999999999, 
            "Peruvian" : 0.019204390000000002, 
            "Guatemalan" : 0.00107, 
            "Chinese" : 0.34460173, 
            "Indian" : 0.01564, 
            "Korean" : 0.21276146, 
            "Filipino" : 0.00966, 
            "Vietnamese" : 0.12254384, 
            "Japanese" : 0.005560000000000001, 
            "Nepalese" : 0.11303613, 
            "Thai" : 0.00513, 
            "Pakistani" : 0.047115989999999996, 
            "Taiwanese" : 0.00214, 
            "Mixed" : 0.034016479999999995, 
            "Cambodian" : 0.00154, 
            "Bhutanese" : 0.029368270000000002, 
            "Bangladeshi" : 0.00133
        }, 
        "employment_status" : {
            "Armed Forces" : 0.0041656900000000005, 
            "Employed" : 0.58707931, 
            "Unemployed" : 0.01968699, 
            "Other" : 0.38906802
        }, 
        "industries" : {
            "Education" : 0.18402485, 
            "Healthcare" : 0.17584686000000002, 
            "Retail" : 0.09025857, 
            "Professional" : 0.08873521999999999, 
            "Hospitality" : 0.07157746999999999, 
            "Construction" : 0.054680299999999994, 
            "Other Services" : 0.05337743, 
            "Government" : 0.05015033, 
            "Manufacturing" : 0.042273, 
            "Finance & Insurance" : 0.0354981, 
            "Administrative" : 0.031068349999999998, 
            "Entertainment" : 0.02407296, 
            "Real estate" : 0.0229104, 
            "Transportation" : 0.022349169999999998, 
            "Information" : 0.0179996, 
            "Agriculture" : 0.01535378, 
            "Wholesalers" : 0.0147725, 
            "Utilities" : 0.00388855, 
            "Oil & Gas, and Mining" : 0.00076168, 
            "Management" : 0.00040088
        }, 
        "educational_attainment" : {
            "Doctorate" : 0.05632194, 
            "Professional" : 0.05406563, 
            "Master's" : 0.14997287, 
            "Bachelor's" : 0.25497672, 
            "Associate's" : 0.06082027, 
            "Some College" : 0.15961214, 
            "High School" : 0.17810528, 
            "Some H.S." : 0.047325280000000004, 
            "Less than H.S." : 0.02746123, 
            "None" : 0.011338649999999999
        }
    }
}