{
    "name" : "Dinwiddie County", 
	"state" : "Virginia", 
	"FIPS" : "51053",
    "population" : 28155, 
    "demographics" : {
        "race_and_ethnicity" : {
            "White" : 0.62315752, 
            "Hispanic" : 0.029515180000000002, 
            "Black" : 0.32242941, 
            "Asian" : 0.00511454, 
            "Mixed" : 0.01339016, 
            "Other" : 0.006393180000000001
        }, 
        "age_and_sex" : {
            "85+" : 0.01975, 
            "80-84" : 0.01403, 
            "75-79" : 0.02934, 
            "70-74" : 0.04077, 
            "67-69" : 0.03449, 
            "65-66" : 0.02344, 
            "62-64" : 0.03516, 
            "60-61" : 0.03065, 
            "55-59" : 0.07919999999999999, 
            "50-54" : 0.08432, 
            "45-49" : 0.07235, 
            "40-44" : 0.06219, 
            "35-39" : 0.06446, 
            "30-34" : 0.05697, 
            "25-29" : 0.05509, 
            "22-24" : 0.0336, 
            "21" : 0.01847, 
            "20" : 0.013959999999999998, 
            "18-19" : 0.02273, 
            "15-17" : 0.03673, 
            "10-14" : 0.05328, 
            "5-9" : 0.06237, 
            "0-4" : 0.05665
        }, 
        "household_types" : {
            "Married" : 0.48143852000000004, 
            "Single Female" : 0.16579660000000002, 
            "Single Male" : 0.06013148, 
            "One-Person" : 0.25299691, 
            "Other Non-Family" : 0.0396365
        }, 
        "marital_status" : {
            "Never Married" : {
                "female" : 0.31218253, 
                "male" : 0.366888
            }, 
            "Now Married" : {
                "female" : 0.41793655, 
                "male" : 0.46312528000000003
            }, 
            "Separated" : {
                "female" : 0.03588975, 
                "male" : 0.02673749
            }, 
            "Absent Spouse" : {
                "female" : 0.00807728, 
                "male" : 0.020008849999999998
            }, 
            "Widowed" : {
                "female" : 0.10650346000000001, 
                "male" : 0.03390881
            }, 
            "Divorced" : {
                "female" : 0.11941043999999999, 
                "male" : 0.08933156
            }
        }, 
        "ancestry" : {
            "Other" : 0.41683538, 
            "Unclassified" : 0.20678387, 
            "American" : 0.11553898, 
            "English" : 0.09241698, 
            "German" : 0.065317, 
            "Irish" : 0.049973359999999994, 
            "Italian" : 0.030261049999999998, 
            "Scottish" : 0.025217550000000002, 
            "French" : 0.01921506, 
            "Polish" : 0.01303498, 
            "Scotch-Irish" : 0.01040668, 
            "Ukrainian" : 0.00877286, 
            "European" : 0.00813355, 
            "Dutch" : 0.006393180000000001, 
            "West Indian" : 0.00507903, 
            "Mexican" : 0.54703833, 
            "Other Hispanic" : 0.016730000000000002, 
            "Puerto Rican" : 0.25783972, 
            "Spanish American" : 0.00788, 
            "Dominican" : 0.17073170999999998, 
            "Korean" : 0.45833333000000004, 
            "Chinese" : 0.00234, 
            "Indian" : 0.35416666999999996, 
            "Vietnamese" : 0.00181
        }, 
        "employment_status" : {
            "Armed Forces" : 0.00300745, 
            "Employed" : 0.56038879, 
            "Unemployed" : 0.05775182, 
            "Other" : 0.37885194
        }, 
        "industries" : {
            "Healthcare" : 0.16411293000000002, 
            "Retail" : 0.13510149999999999, 
            "Construction" : 0.10865676, 
            "Manufacturing" : 0.10469004999999999, 
            "Government" : 0.08392315, 
            "Education" : 0.069923, 
            "Transportation" : 0.062456250000000005, 
            "Hospitality" : 0.06206736, 
            "Other Services" : 0.05382282, 
            "Administrative" : 0.03344482, 
            "Finance & Insurance" : 0.0229447, 
            "Agriculture" : 0.0182002, 
            "Wholesalers" : 0.01742242, 
            "Professional" : 0.01703352, 
            "Real estate" : 0.01610018, 
            "Entertainment" : 0.01135568, 
            "Utilities" : 0.010966789999999999, 
            "Information" : 0.00777786, 
            "Oil & Gas, and Mining" : 0.0, 
            "Management" : 0.0
        }, 
        "educational_attainment" : {
            "Doctorate" : 0.00440038, 
            "Professional" : 0.0028830099999999997, 
            "Master's" : 0.04769612, 
            "Bachelor's" : 0.11430884000000001, 
            "Associate's" : 0.07323858, 
            "Some College" : 0.20332811, 
            "High School" : 0.36543422, 
            "Some H.S." : 0.12376713, 
            "Less than H.S." : 0.05508067, 
            "None" : 0.009862929999999999
        }
    }
}