{
    "name" : "Emporia City", 
	"state" : "Virginia", 
	"FIPS" : "51595",
    "population" : 5565, 
    "demographics" : {
        "race_and_ethnicity" : {
            "White" : 0.31626235, 
            "Hispanic" : 0.03252471, 
            "Black" : 0.6395327900000001, 
            "Asian" : 0.0023360300000000002, 
            "Mixed" : 0.009344120000000001, 
            "Other" : 0.0
        }, 
        "age_and_sex" : {
            "85+" : 0.042050000000000004, 
            "80-84" : 0.023719999999999998, 
            "75-79" : 0.0239, 
            "70-74" : 0.037919999999999995, 
            "67-69" : 0.02426, 
            "65-66" : 0.01743, 
            "62-64" : 0.03396, 
            "60-61" : 0.02624, 
            "55-59" : 0.07493, 
            "50-54" : 0.06128, 
            "45-49" : 0.0717, 
            "40-44" : 0.0575, 
            "35-39" : 0.04888, 
            "30-34" : 0.04564, 
            "25-29" : 0.07529, 
            "22-24" : 0.05283, 
            "21" : 0.00557, 
            "20" : 0.00234, 
            "18-19" : 0.02659, 
            "15-17" : 0.044379999999999996, 
            "10-14" : 0.08392, 
            "5-9" : 0.06541000000000001, 
            "0-4" : 0.05427
        }, 
        "household_types" : {
            "Married" : 0.32217195, 
            "Single Female" : 0.27692308, 
            "Single Male" : 0.056108599999999995, 
            "One-Person" : 0.32352941, 
            "Other Non-Family" : 0.02126697
        }, 
        "marital_status" : {
            "Never Married" : {
                "female" : 0.35831578999999997, 
                "male" : 0.37627613
            }, 
            "Now Married" : {
                "female" : 0.29684211, 
                "male" : 0.35196889
            }, 
            "Separated" : {
                "female" : 0.02105263, 
                "male" : 0.02041808
            }, 
            "Absent Spouse" : {
                "female" : 0.03873684, 
                "male" : 0.08847837
            }, 
            "Widowed" : {
                "female" : 0.16631579, 
                "male" : 0.02868255
            }, 
            "Divorced" : {
                "female" : 0.11873684000000001, 
                "male" : 0.13417598
            }
        }, 
        "ancestry" : {
            "Other" : 0.62893082, 
            "Unclassified" : 0.12201258, 
            "English" : 0.06433064, 
            "Irish" : 0.0591195, 
            "American" : 0.04618149, 
            "German" : 0.03863432, 
            "Subsaharan African" : 0.035220129999999995, 
            "African" : 0.03018868, 
            "French" : 0.015274030000000001, 
            "Polish" : 0.012219230000000001, 
            "Italian" : 0.0098832, 
            "Swedish" : 0.00880503, 
            "Scottish" : 0.00700809, 
            "Arab" : 0.00592992, 
            "Syrian" : 0.00592992, 
            "European" : 0.00539084, 
            "Czech" : 0.00503145, 
            "Ethiopian" : 0.00503145, 
            "Central American" : 0.57458564, 
            "Guatemalan" : 0.01869, 
            "Mexican" : 0.57458564, 
            "Puerto Rican" : 0.01869, 
            "Filipino" : 0.46153846000000004, 
            "Vietnamese" : 0.00108, 
            "Korean" : 0.46153846000000004
        }, 
        "employment_status" : {
            "Armed Forces" : 0.0, 
            "Employed" : 0.44292976, 
            "Unemployed" : 0.10235675000000001, 
            "Other" : 0.45471348999999994
        }, 
        "industries" : {
            "Healthcare" : 0.16014606, 
            "Retail" : 0.15440793, 
            "Other Services" : 0.1324987, 
            "Manufacturing" : 0.11997913, 
            "Government" : 0.0991132, 
            "Education" : 0.0657277, 
            "Construction" : 0.052164840000000004, 
            "Hospitality" : 0.046948359999999995, 
            "Transportation" : 0.03808033, 
            "Administrative" : 0.030255610000000002, 
            "Professional" : 0.02973396, 
            "Finance & Insurance" : 0.02556077, 
            "Wholesalers" : 0.0151278, 
            "Agriculture" : 0.01251956, 
            "Utilities" : 0.01251956, 
            "Real estate" : 0.00365154, 
            "Entertainment" : 0.0015649499999999998, 
            "Oil & Gas, and Mining" : 0.0, 
            "Information" : 0.0, 
            "Management" : 0.0
        }, 
        "educational_attainment" : {
            "Doctorate" : 0.00946202, 
            "Professional" : 0.010273049999999999, 
            "Master's" : 0.04136253, 
            "Bachelor's" : 0.09218707999999999, 
            "Associate's" : 0.08515815, 
            "Some College" : 0.16707218000000001, 
            "High School" : 0.36361179, 
            "Some H.S." : 0.1073263, 
            "Less than H.S." : 0.10813732999999999, 
            "None" : 0.01540957
        }
    }
}