{
    "name" : "Essex County", 
	"state" : "Virginia", 
	"FIPS" : "51057",
    "population" : 11130, 
    "demographics" : {
        "race_and_ethnicity" : {
            "White" : 0.54761905, 
            "Hispanic" : 0.0025157200000000004, 
            "Black" : 0.40925427, 
            "Asian" : 0.00206649, 
            "Mixed" : 0.028930820000000003, 
            "Other" : 0.009613660000000001
        }, 
        "age_and_sex" : {
            "85+" : 0.017070000000000002, 
            "80-84" : 0.02794, 
            "75-79" : 0.039169999999999996, 
            "70-74" : 0.05418, 
            "67-69" : 0.03486, 
            "65-66" : 0.03118, 
            "62-64" : 0.03468, 
            "60-61" : 0.034409999999999996, 
            "55-59" : 0.08122, 
            "50-54" : 0.07655, 
            "45-49" : 0.0681, 
            "40-44" : 0.06352000000000001, 
            "35-39" : 0.05355000000000001, 
            "30-34" : 0.040069999999999995, 
            "25-29" : 0.05355000000000001, 
            "22-24" : 0.03154, 
            "21" : 0.01159, 
            "20" : 0.01402, 
            "18-19" : 0.02956, 
            "15-17" : 0.03666, 
            "10-14" : 0.06613000000000001, 
            "5-9" : 0.04582, 
            "0-4" : 0.05463
        }, 
        "household_types" : {
            "Married" : 0.44704295, 
            "Single Female" : 0.10928716, 
            "Single Male" : 0.06970992, 
            "One-Person" : 0.31661794, 
            "Other Non-Family" : 0.05734203
        }, 
        "marital_status" : {
            "Never Married" : {
                "female" : 0.32939291, 
                "male" : 0.315986
            }, 
            "Now Married" : {
                "female" : 0.41053897, 
                "male" : 0.46067678
            }, 
            "Separated" : {
                "female" : 0.01943498, 
                "male" : 0.01773629
            }, 
            "Absent Spouse" : {
                "female" : 0.0198357, 
                "male" : 0.02263711
            }, 
            "Widowed" : {
                "female" : 0.11180124, 
                "male" : 0.05787631
            }, 
            "Divorced" : {
                "female" : 0.10899618999999999, 
                "male" : 0.12508751
            }
        }, 
        "ancestry" : {
            "Other" : 0.34645103, 
            "English" : 0.20952380999999998, 
            "Unclassified" : 0.12668464000000002, 
            "Subsaharan African" : 0.10700809, 
            "African" : 0.10314465, 
            "Irish" : 0.08400719000000001, 
            "American" : 0.07169811, 
            "German" : 0.05867026, 
            "Italian" : 0.0195867, 
            "Scotch-Irish" : 0.01886792, 
            "Scottish" : 0.015004489999999999, 
            "French" : 0.01212938, 
            "Arab" : 0.00898473, 
            "Polish" : 0.00745732, 
            "French Canadian" : 0.00718778, 
            "Scandinavian" : 0.00584007, 
            "European" : 0.0056603800000000004, 
            "Mexican" : 0.5, 
            "Other Hispanic" : 0.00126, 
            "Spaniard" : 0.28571429, 
            "South American" : 0.0007199999999999999, 
            "Chilean" : 0.28571429, 
            "Mixed" : 0.69565217, 
            "Japanese" : 0.0014399999999999999
        }, 
        "employment_status" : {
            "Armed Forces" : 0.0, 
            "Employed" : 0.58828039, 
            "Unemployed" : 0.03899233, 
            "Other" : 0.37272727000000005
        }, 
        "industries" : {
            "Retail" : 0.16440142000000002, 
            "Manufacturing" : 0.13926643, 
            "Healthcare" : 0.12455781, 
            "Government" : 0.09420964, 
            "Construction" : 0.07186744, 
            "Hospitality" : 0.06460621999999999, 
            "Education" : 0.06218581, 
            "Finance & Insurance" : 0.05120089, 
            "Administrative" : 0.05026997, 
            "Other Services" : 0.03760938, 
            "Transportation" : 0.025879720000000002, 
            "Professional" : 0.02476261, 
            "Entertainment" : 0.02420406, 
            "Agriculture" : 0.02141128, 
            "Information" : 0.01675666, 
            "Wholesalers" : 0.00986781, 
            "Utilities" : 0.00912307, 
            "Real estate" : 0.00781977, 
            "Oil & Gas, and Mining" : 0.0, 
            "Management" : 0.0
        }, 
        "educational_attainment" : {
            "Doctorate" : 0.005061369999999999, 
            "Professional" : 0.00873086, 
            "Master's" : 0.044919650000000005, 
            "Bachelor's" : 0.10780716, 
            "Associate's" : 0.06276098000000001, 
            "Some College" : 0.21763887, 
            "High School" : 0.37428824, 
            "Some H.S." : 0.11906871000000001, 
            "Less than H.S." : 0.04896875, 
            "None" : 0.01075541
        }
    }
}