{
    "name" : "Gloucester County", 
	"state" : "Virginia", 
	"FIPS" : "51073",
    "population" : 37021, 
    "demographics" : {
        "race_and_ethnicity" : {
            "White" : 0.8519488900000001, 
            "Hispanic" : 0.02844332, 
            "Black" : 0.08144026, 
            "Asian" : 0.006158670000000001, 
            "Mixed" : 0.029388730000000002, 
            "Other" : 0.00262013
        }, 
        "age_and_sex" : {
            "85+" : 0.021419999999999998, 
            "80-84" : 0.014990000000000002, 
            "75-79" : 0.03239, 
            "70-74" : 0.04638, 
            "67-69" : 0.028900000000000002, 
            "65-66" : 0.02836, 
            "62-64" : 0.04135, 
            "60-61" : 0.02725, 
            "55-59" : 0.08617000000000001, 
            "50-54" : 0.08973, 
            "45-49" : 0.06966, 
            "40-44" : 0.06318, 
            "35-39" : 0.052750000000000005, 
            "30-34" : 0.05826, 
            "25-29" : 0.05189, 
            "22-24" : 0.03309, 
            "21" : 0.01567, 
            "20" : 0.01191, 
            "18-19" : 0.021099999999999997, 
            "15-17" : 0.03855, 
            "10-14" : 0.06496, 
            "5-9" : 0.050570000000000004, 
            "0-4" : 0.05146
        }, 
        "household_types" : {
            "Married" : 0.57790642, 
            "Single Female" : 0.08876025, 
            "Single Male" : 0.0359038, 
            "One-Person" : 0.25180897, 
            "Other Non-Family" : 0.045620560000000004
        }, 
        "marital_status" : {
            "Never Married" : {
                "female" : 0.20947837, 
                "male" : 0.24241021
            }, 
            "Now Married" : {
                "female" : 0.52379135, 
                "male" : 0.59415305
            }, 
            "Separated" : {
                "female" : 0.025954199999999997, 
                "male" : 0.02023943
            }, 
            "Absent Spouse" : {
                "female" : 0.0235369, 
                "male" : 0.01851974
            }, 
            "Widowed" : {
                "female" : 0.09338421999999999, 
                "male" : 0.02738276
            }, 
            "Divorced" : {
                "female" : 0.12385496, 
                "male" : 0.09729478999999999
            }
        }, 
        "ancestry" : {
            "Other" : 0.21865968, 
            "English" : 0.21590449, 
            "Unclassified" : 0.16758056, 
            "German" : 0.14048783, 
            "Irish" : 0.1272521, 
            "American" : 0.10448124, 
            "Italian" : 0.05356419, 
            "Polish" : 0.02736285, 
            "Subsaharan African" : 0.02649847, 
            "African" : 0.02649847, 
            "Scotch-Irish" : 0.0260933, 
            "Scottish" : 0.02498582, 
            "French" : 0.02142027, 
            "Swedish" : 0.01574782, 
            "European" : 0.014181140000000002, 
            "Hungarian" : 0.00772535, 
            "Norwegian" : 0.00707706, 
            "Welsh" : 0.006725910000000001, 
            "Portuguese" : 0.005672460000000001, 
            "French Canadian" : 0.0050241800000000005, 
            "Mexican" : 0.50215703, 
            "Puerto Rican" : 0.01572, 
            "Cuban" : 0.28300259, 
            "Other Hispanic" : 0.00886, 
            "Central American" : 0.06471096, 
            "Panamanian" : 0.00203, 
            "Spaniard" : 0.05694564, 
            "South American" : 0.00178, 
            "Ecuadorian" : 0.0543572, 
            "Dominican" : 0.0017000000000000001, 
            "Spanish" : 0.0543572, 
            "Laotian" : 0.3245614, 
            "Filipino" : 0.002, 
            "Japanese" : 0.21052632, 
            "Korean" : 0.0013, 
            "Thai" : 0.14473684, 
            "Chinese" : 0.00089, 
            "Vietnamese" : 0.12719298, 
            "Not Specified" : 0.00078
        }, 
        "employment_status" : {
            "Armed Forces" : 0.01246351, 
            "Employed" : 0.58119322, 
            "Unemployed" : 0.02535341, 
            "Other" : 0.38098987
        }, 
        "industries" : {
            "Retail" : 0.1527088, 
            "Healthcare" : 0.12460497, 
            "Manufacturing" : 0.11027087999999999, 
            "Construction" : 0.09001129000000001, 
            "Government" : 0.0785553, 
            "Hospitality" : 0.07071106, 
            "Education" : 0.06145597999999999, 
            "Professional" : 0.05519187, 
            "Other Services" : 0.04774266, 
            "Administrative" : 0.03899549, 
            "Transportation" : 0.03843115, 
            "Finance & Insurance" : 0.03013544, 
            "Entertainment" : 0.02708804, 
            "Wholesalers" : 0.01862302, 
            "Real estate" : 0.01760722, 
            "Information" : 0.01501129, 
            "Agriculture" : 0.01405192, 
            "Utilities" : 0.0077313799999999995, 
            "Oil & Gas, and Mining" : 0.00107223, 
            "Management" : 0.0
        }, 
        "educational_attainment" : {
            "Doctorate" : 0.007390560000000001, 
            "Professional" : 0.013037710000000001, 
            "Master's" : 0.06598446, 
            "Bachelor's" : 0.13909418, 
            "Associate's" : 0.10797802000000001, 
            "Some College" : 0.23388289, 
            "High School" : 0.33090770999999997, 
            "Some H.S." : 0.06931968999999999, 
            "Less than H.S." : 0.02804624, 
            "None" : 0.00435854
        }
    }
}