{
    "name" : "Orange County", 
	"state" : "Virginia", 
	"FIPS" : "51137",
    "population" : 34873, 
    "demographics" : {
        "race_and_ethnicity" : {
            "White" : 0.79365125, 
            "Hispanic" : 0.041894879999999995, 
            "Black" : 0.1226737, 
            "Asian" : 0.009893039999999999, 
            "Mixed" : 0.02787257, 
            "Other" : 0.00401457
        }, 
        "age_and_sex" : {
            "85+" : 0.0158, 
            "80-84" : 0.019790000000000002, 
            "75-79" : 0.04645, 
            "70-74" : 0.04967, 
            "67-69" : 0.03541, 
            "65-66" : 0.029220000000000003, 
            "62-64" : 0.0435, 
            "60-61" : 0.028650000000000002, 
            "55-59" : 0.06266, 
            "50-54" : 0.07014000000000001, 
            "45-49" : 0.07275000000000001, 
            "40-44" : 0.053970000000000004, 
            "35-39" : 0.06446, 
            "30-34" : 0.058730000000000004, 
            "25-29" : 0.05285, 
            "22-24" : 0.0318, 
            "21" : 0.01115, 
            "20" : 0.0078000000000000005, 
            "18-19" : 0.023370000000000002, 
            "15-17" : 0.038740000000000004, 
            "10-14" : 0.06039, 
            "5-9" : 0.06372, 
            "0-4" : 0.05899
        }, 
        "household_types" : {
            "Married" : 0.5473008699999999, 
            "Single Female" : 0.11604379, 
            "Single Male" : 0.059192150000000006, 
            "One-Person" : 0.24597961000000002, 
            "Other Non-Family" : 0.03148358
        }, 
        "marital_status" : {
            "Never Married" : {
                "female" : 0.24830002, 
                "male" : 0.27388901
            }, 
            "Now Married" : {
                "female" : 0.5034686399999999, 
                "male" : 0.53923469
            }, 
            "Separated" : {
                "female" : 0.02719967, 
                "male" : 0.021753179999999997
            }, 
            "Absent Spouse" : {
                "female" : 0.0093413, 
                "male" : 0.014358530000000001
            }, 
            "Widowed" : {
                "female" : 0.10296037, 
                "male" : 0.02771197
            }, 
            "Divorced" : {
                "female" : 0.10873, 
                "male" : 0.12305262
            }
        }, 
        "ancestry" : {
            "Other" : 0.27691911, 
            "German" : 0.18337969, 
            "Unclassified" : 0.17879162, 
            "English" : 0.17509248, 
            "Irish" : 0.12769191, 
            "American" : 0.10472284999999999, 
            "Italian" : 0.03624581, 
            "Polish" : 0.02506237, 
            "Scottish" : 0.02425946, 
            "French" : 0.022538930000000002, 
            "Dutch" : 0.01350615, 
            "Scotch-Irish" : 0.01313337, 
            "Swedish" : 0.01009377, 
            "British" : 0.00851662, 
            "European" : 0.00831589, 
            "Arab" : 0.00762768, 
            "Norwegian" : 0.0073696, 
            "Subsaharan African" : 0.0072549, 
            "French Canadian" : 0.00711152, 
            "Welsh" : 0.005247610000000001, 
            "Central American" : 0.37397820000000004, 
            "Honduran" : 0.01574, 
            "Mexican" : 0.28882834, 
            "Other Hispanic" : 0.012159999999999999, 
            "Puerto Rican" : 0.20980926, 
            "Salvadoran" : 0.00883, 
            "South American" : 0.14168937, 
            "Dominican" : 0.00596, 
            "Bolivian" : 0.13692098, 
            "Peruvian" : 0.0057599999999999995, 
            "Spaniard" : 0.07970027, 
            "Cuban" : 0.00336, 
            "Spanish" : 0.07493188, 
            "Uruguayan" : 0.00315, 
            "Venezuelan" : 0.051771120000000004, 
            "Nicaraguan" : 0.00218, 
            "Filipino" : 0.51594203, 
            "Indian" : 0.0051, 
            "Bangladeshi" : 0.13043478, 
            "Pakistani" : 0.0012900000000000001, 
            "Korean" : 0.13043478, 
            "Chinese" : 0.0012900000000000001, 
            "Japanese" : 0.08115942000000001, 
            "Laotian" : 0.0008
        }, 
        "employment_status" : {
            "Armed Forces" : 0.00209927, 
            "Employed" : 0.561715, 
            "Unemployed" : 0.04653976, 
            "Other" : 0.38964596999999995
        }, 
        "industries" : {
            "Healthcare" : 0.15658453, 
            "Construction" : 0.11718503, 
            "Retail" : 0.11642490999999999, 
            "Education" : 0.09241780999999999, 
            "Government" : 0.08506999, 
            "Manufacturing" : 0.08342307, 
            "Professional" : 0.0559321, 
            "Hospitality" : 0.049661109999999994, 
            "Other Services" : 0.04871096, 
            "Administrative" : 0.03553557, 
            "Finance & Insurance" : 0.02755432, 
            "Transportation" : 0.025590679999999998, 
            "Wholesalers" : 0.025083929999999997, 
            "Entertainment" : 0.02014316, 
            "Real estate" : 0.01919301, 
            "Utilities" : 0.01627922, 
            "Agriculture" : 0.012351939999999999, 
            "Information" : 0.0108317, 
            "Oil & Gas, and Mining" : 0.00202698, 
            "Management" : 0.0
        }, 
        "educational_attainment" : {
            "Doctorate" : 0.005294879999999999, 
            "Professional" : 0.01274845, 
            "Master's" : 0.08895406, 
            "Bachelor's" : 0.15237048, 
            "Associate's" : 0.07327305, 
            "Some College" : 0.22275171, 
            "High School" : 0.33834311, 
            "Some H.S." : 0.07095145, 
            "Less than H.S." : 0.02830727, 
            "None" : 0.00700554
        }
    }
}