{
    "name" : "Wyoming County", 
	"state" : "West Virginia", 
	"FIPS" : "54109",
    "population" : 22537, 
    "demographics" : {
        "race_and_ethnicity" : {
            "White" : 0.97475263, 
            "Hispanic" : 0.00257355, 
            "Black" : 0.006788840000000001, 
            "Asian" : 0.00239606, 
            "Mixed" : 0.01331144, 
            "Other" : 0.00017749
        }, 
        "age_and_sex" : {
            "85+" : 0.01841, 
            "80-84" : 0.02196, 
            "75-79" : 0.02844, 
            "70-74" : 0.04703, 
            "67-69" : 0.034300000000000004, 
            "65-66" : 0.02831, 
            "62-64" : 0.04521, 
            "60-61" : 0.04375, 
            "55-59" : 0.07885, 
            "50-54" : 0.06878000000000001, 
            "45-49" : 0.06274, 
            "40-44" : 0.059320000000000005, 
            "35-39" : 0.07246000000000001, 
            "30-34" : 0.05165, 
            "25-29" : 0.05143, 
            "22-24" : 0.02955, 
            "21" : 0.01225, 
            "20" : 0.011890000000000001, 
            "18-19" : 0.02028, 
            "15-17" : 0.03998, 
            "10-14" : 0.05777, 
            "5-9" : 0.060430000000000005, 
            "0-4" : 0.0552
        }, 
        "household_types" : {
            "Married" : 0.5419648699999999, 
            "Single Female" : 0.11700282, 
            "Single Male" : 0.05345912, 
            "One-Person" : 0.26035567, 
            "Other Non-Family" : 0.02721752
        }, 
        "marital_status" : {
            "Never Married" : {
                "female" : 0.15878377999999999, 
                "male" : 0.24374795
            }, 
            "Now Married" : {
                "female" : 0.5592272, 
                "male" : 0.55411161
            }, 
            "Separated" : {
                "female" : 0.00876267, 
                "male" : 0.00819046
            }, 
            "Absent Spouse" : {
                "female" : 0.0115076, 
                "male" : 0.015070440000000001
            }, 
            "Widowed" : {
                "female" : 0.1484375, 
                "male" : 0.05700557
            }, 
            "Divorced" : {
                "female" : 0.11328125, 
                "male" : 0.12187397999999999
            }
        }, 
        "ancestry" : {
            "Unclassified" : 0.5293961, 
            "Other" : 0.16856724, 
            "Irish" : 0.14784576, 
            "German" : 0.11607579, 
            "English" : 0.08133292, 
            "American" : 0.042774099999999995, 
            "Dutch" : 0.02294005, 
            "Italian" : 0.022762570000000003, 
            "Scotch-Irish" : 0.0094955, 
            "French" : 0.00723255, 
            "Scottish" : 0.00563518, 
            "Other Hispanic" : 0.48275861999999997, 
            "Mexican" : 0.00124, 
            "Puerto Rican" : 0.43103448, 
            "Japanese" : 1.0
        }, 
        "employment_status" : {
            "Armed Forces" : 0.0, 
            "Employed" : 0.34762318000000003, 
            "Unemployed" : 0.047753420000000005, 
            "Other" : 0.6046233999999999
        }, 
        "industries" : {
            "Oil & Gas, and Mining" : 0.18857321, 
            "Healthcare" : 0.15891352, 
            "Education" : 0.1155167, 
            "Retail" : 0.11333125000000001, 
            "Hospitality" : 0.07789572, 
            "Government" : 0.06665626, 
            "Transportation" : 0.03871371, 
            "Other Services" : 0.03465501, 
            "Manufacturing" : 0.03278177, 
            "Construction" : 0.032313459999999995, 
            "Finance & Insurance" : 0.02934749, 
            "Administrative" : 0.02747424, 
            "Professional" : 0.02310334, 
            "Information" : 0.016546989999999998, 
            "Utilities" : 0.01451764, 
            "Wholesalers" : 0.01373712, 
            "Real estate" : 0.00827349, 
            "Entertainment" : 0.00468311, 
            "Agriculture" : 0.00296597, 
            "Management" : 0.0
        }, 
        "educational_attainment" : {
            "Doctorate" : 0.0, 
            "Professional" : 0.00323766, 
            "Master's" : 0.02801818, 
            "Bachelor's" : 0.05086856, 
            "Associate's" : 0.04271216, 
            "Some College" : 0.17277878000000002, 
            "High School" : 0.47599776, 
            "Some H.S." : 0.14077579, 
            "Less than H.S." : 0.08137725, 
            "None" : 0.00423386
        }
    }
}