{
    "name" : "Boone County", 
	"state" : "West Virginia", 
	"FIPS" : "54005",
    "population" : 23645, 
    "demographics" : {
        "race_and_ethnicity" : {
            "White" : 0.9788961700000001, 
            "Hispanic" : 0.00566716, 
            "Black" : 0.0076971900000000005, 
            "Asian" : 0.00105731, 
            "Mixed" : 0.006470709999999999, 
            "Other" : 0.00021146
        }, 
        "age_and_sex" : {
            "85+" : 0.01468, 
            "80-84" : 0.02533, 
            "75-79" : 0.028210000000000002, 
            "70-74" : 0.04923, 
            "67-69" : 0.02931, 
            "65-66" : 0.02237, 
            "62-64" : 0.04678, 
            "60-61" : 0.029769999999999998, 
            "55-59" : 0.07947, 
            "50-54" : 0.07016, 
            "45-49" : 0.06559999999999999, 
            "40-44" : 0.07338, 
            "35-39" : 0.06652999999999999, 
            "30-34" : 0.052610000000000004, 
            "25-29" : 0.05181, 
            "22-24" : 0.032400000000000005, 
            "21" : 0.010320000000000001, 
            "20" : 0.00947, 
            "18-19" : 0.01992, 
            "15-17" : 0.04136, 
            "10-14" : 0.054900000000000004, 
            "5-9" : 0.07012, 
            "0-4" : 0.05628999999999999
        }, 
        "household_types" : {
            "Married" : 0.49947178999999997, 
            "Single Female" : 0.1362772, 
            "Single Male" : 0.06074371, 
            "One-Person" : 0.25607437, 
            "Other Non-Family" : 0.04743292
        }, 
        "marital_status" : {
            "Never Married" : {
                "female" : 0.18829258, 
                "male" : 0.27302389
            }, 
            "Now Married" : {
                "female" : 0.5040073, 
                "male" : 0.5024734200000001
            }, 
            "Separated" : {
                "female" : 0.022522069999999998, 
                "male" : 0.01389327
            }, 
            "Absent Spouse" : {
                "female" : 0.0210003, 
                "male" : 0.02957583
            }, 
            "Widowed" : {
                "female" : 0.13807446, 
                "male" : 0.03462793
            }, 
            "Divorced" : {
                "female" : 0.12610328, 
                "male" : 0.14640564
            }
        }, 
        "ancestry" : {
            "Unclassified" : 0.39052654, 
            "Other" : 0.16134489, 
            "Irish" : 0.15246352, 
            "German" : 0.1329668, 
            "American" : 0.11473884999999999, 
            "English" : 0.10725312000000001, 
            "Dutch" : 0.02474096, 
            "Italian" : 0.01645168, 
            "Scotch-Irish" : 0.01467541, 
            "Polish" : 0.01167266, 
            "Scottish" : 0.00875449, 
            "French" : 0.00862762, 
            "Welsh" : 0.0070628, 
            "Arab" : 0.00511736, 
            "Lebanese" : 0.00511736, 
            "Mexican" : 0.61940299, 
            "Other Hispanic" : 0.0035099999999999997, 
            "Spaniard" : 0.28358209, 
            "Cuban" : 0.00161, 
            "Puerto Rican" : 0.14179104, 
            "Japanese" : 0.6, 
            "Korean" : 0.00063
        }, 
        "employment_status" : {
            "Armed Forces" : 0.0, 
            "Employed" : 0.37490841, 
            "Unemployed" : 0.04003978, 
            "Other" : 0.58505182
        }, 
        "industries" : {
            "Oil & Gas, and Mining" : 0.20759457999999997, 
            "Healthcare" : 0.17394946, 
            "Retail" : 0.11531480999999999, 
            "Education" : 0.09967891, 
            "Hospitality" : 0.06784867, 
            "Government" : 0.05360882, 
            "Manufacturing" : 0.04271953, 
            "Transportation" : 0.03629764, 
            "Other Services" : 0.03462236, 
            "Construction" : 0.034343149999999996, 
            "Administrative" : 0.033505509999999995, 
            "Finance & Insurance" : 0.02624599, 
            "Professional" : 0.024989530000000003, 
            "Entertainment" : 0.01228536, 
            "Utilities" : 0.01033087, 
            "Wholesalers" : 0.00921402, 
            "Information" : 0.00781795, 
            "Real estate" : 0.00739913, 
            "Agriculture" : 0.0022337, 
            "Management" : 0.0
        }, 
        "educational_attainment" : {
            "Doctorate" : 0.0008995499999999999, 
            "Professional" : 0.0030584699999999998, 
            "Master's" : 0.03058471, 
            "Bachelor's" : 0.05235382, 
            "Associate's" : 0.0537931, 
            "Some College" : 0.14632683999999999, 
            "High School" : 0.50482759, 
            "Some H.S." : 0.13307346, 
            "Less than H.S." : 0.06884558, 
            "None" : 0.00623688
        }
    }
}