{
    "name" : "Mingo County", 
	"state" : "West Virginia", 
	"FIPS" : "54059",
    "population" : 25549, 
    "demographics" : {
        "race_and_ethnicity" : {
            "White" : 0.960155, 
            "Hispanic" : 0.00352264, 
            "Black" : 0.01522564, 
            "Asian" : 0.00090023, 
            "Mixed" : 0.01248581, 
            "Other" : 0.007710669999999999
        }, 
        "age_and_sex" : {
            "85+" : 0.011899999999999999, 
            "80-84" : 0.020819999999999998, 
            "75-79" : 0.0281, 
            "70-74" : 0.04016, 
            "67-69" : 0.03127, 
            "65-66" : 0.02568, 
            "62-64" : 0.049710000000000004, 
            "60-61" : 0.03178, 
            "55-59" : 0.0728, 
            "50-54" : 0.07397999999999999, 
            "45-49" : 0.06705, 
            "40-44" : 0.06344999999999999, 
            "35-39" : 0.06873, 
            "30-34" : 0.058789999999999995, 
            "25-29" : 0.05985, 
            "22-24" : 0.040549999999999996, 
            "21" : 0.00951, 
            "20" : 0.00622, 
            "18-19" : 0.01663, 
            "15-17" : 0.035539999999999995, 
            "10-14" : 0.06947, 
            "5-9" : 0.05464, 
            "0-4" : 0.06337
        }, 
        "household_types" : {
            "Married" : 0.5052980699999999, 
            "Single Female" : 0.14032986, 
            "Single Male" : 0.04220031, 
            "One-Person" : 0.28231825, 
            "Other Non-Family" : 0.029853499999999998
        }, 
        "marital_status" : {
            "Never Married" : {
                "female" : 0.16102564, 
                "male" : 0.22064979
            }, 
            "Now Married" : {
                "female" : 0.52223776, 
                "male" : 0.56188958
            }, 
            "Separated" : {
                "female" : 0.022191139999999998, 
                "male" : 0.01594578
            }, 
            "Absent Spouse" : {
                "female" : 0.008298370000000001, 
                "male" : 0.01096273
            }, 
            "Widowed" : {
                "female" : 0.15160838999999998, 
                "male" : 0.04116006
            }, 
            "Divorced" : {
                "female" : 0.13463869, 
                "male" : 0.14939207
            }
        }, 
        "ancestry" : {
            "Unclassified" : 0.5555599, 
            "Other" : 0.14125797, 
            "Irish" : 0.13452581, 
            "German" : 0.08524794999999999, 
            "American" : 0.07824181000000001, 
            "English" : 0.060511169999999996, 
            "Italian" : 0.027280910000000002, 
            "Scottish" : 0.01115504, 
            "Dutch" : 0.008102080000000001, 
            "Scotch-Irish" : 0.00692786, 
            "French" : 0.005009980000000001, 
            "Mexican" : 0.8444444400000001, 
            "Other Hispanic" : 0.00297, 
            "Indian" : 1.0
        }, 
        "employment_status" : {
            "Armed Forces" : 0.0, 
            "Employed" : 0.37149977999999995, 
            "Unemployed" : 0.06963788, 
            "Other" : 0.55886234
        }, 
        "industries" : {
            "Oil & Gas, and Mining" : 0.17048145, 
            "Healthcare" : 0.15851092, 
            "Retail" : 0.13154433, 
            "Education" : 0.11391739, 
            "Government" : 0.06011576, 
            "Transportation" : 0.05669561, 
            "Hospitality" : 0.04367272, 
            "Manufacturing" : 0.04262036, 
            "Construction" : 0.04209419, 
            "Other Services" : 0.03933175, 
            "Administrative" : 0.02986056, 
            "Wholesalers" : 0.02407261, 
            "Professional" : 0.02012628, 
            "Finance & Insurance" : 0.01802157, 
            "Agriculture" : 0.015916859999999998, 
            "Utilities" : 0.01078664, 
            "Information" : 0.010391999999999998, 
            "Real estate" : 0.00776112, 
            "Entertainment" : 0.00210471, 
            "Management" : 0.00197316
        }, 
        "educational_attainment" : {
            "Doctorate" : 0.00322437, 
            "Professional" : 0.00327996, 
            "Master's" : 0.03585724, 
            "Bachelor's" : 0.05681565, 
            "Associate's" : 0.06454303, 
            "Some College" : 0.16344229, 
            "High School" : 0.41221926000000003, 
            "Some H.S." : 0.15643763, 
            "Less than H.S." : 0.0956193, 
            "None" : 0.008561260000000001
        }
    }
}