{
    "name" : "Benewah County", 
	"state" : "Idaho", 
	"FIPS" : "16009",
    "population" : 9068, 
    "demographics" : {
        "race_and_ethnicity" : {
            "White" : 0.84715483, 
            "Hispanic" : 0.03297309, 
            "Black" : 0.00231584, 
            "Asian" : 0.01135862, 
            "Mixed" : 0.020842520000000003, 
            "Other" : 0.08535509
        }, 
        "age_and_sex" : {
            "85+" : 0.021720000000000003, 
            "80-84" : 0.02603, 
            "75-79" : 0.03066, 
            "70-74" : 0.059660000000000005, 
            "67-69" : 0.0429, 
            "65-66" : 0.03121, 
            "62-64" : 0.04135, 
            "60-61" : 0.0311, 
            "55-59" : 0.09473000000000001, 
            "50-54" : 0.07378, 
            "45-49" : 0.06131, 
            "40-44" : 0.05635, 
            "35-39" : 0.04775, 
            "30-34" : 0.04146, 
            "25-29" : 0.043449999999999996, 
            "22-24" : 0.025470000000000003, 
            "21" : 0.0070599999999999994, 
            "20" : 0.01919, 
            "18-19" : 0.020950000000000003, 
            "15-17" : 0.03926, 
            "10-14" : 0.06165, 
            "5-9" : 0.06451, 
            "0-4" : 0.058449999999999995
        }, 
        "household_types" : {
            "Married" : 0.52032294, 
            "Single Female" : 0.08435411999999999, 
            "Single Male" : 0.06904232, 
            "One-Person" : 0.2655902, 
            "Other Non-Family" : 0.060690419999999995
        }, 
        "marital_status" : {
            "Never Married" : {
                "female" : 0.18211921, 
                "male" : 0.26578249
            }, 
            "Now Married" : {
                "female" : 0.5278697600000001, 
                "male" : 0.50344828
            }, 
            "Separated" : {
                "female" : 0.01710817, 
                "male" : 0.01167109
            }, 
            "Absent Spouse" : {
                "female" : 0.04608168, 
                "male" : 0.03156499
            }, 
            "Widowed" : {
                "female" : 0.10871965, 
                "male" : 0.033952249999999996
            }, 
            "Divorced" : {
                "female" : 0.11810155, 
                "male" : 0.15358090000000002
            }
        }, 
        "ancestry" : {
            "Other" : 0.24415527, 
            "German" : 0.19838994, 
            "Unclassified" : 0.19100131999999997, 
            "Irish" : 0.13045876, 
            "American" : 0.11832819, 
            "English" : 0.10509484000000001, 
            "French" : 0.03837671, 
            "Norwegian" : 0.0369431, 
            "Swedish" : 0.03495809, 
            "Scottish" : 0.02823114, 
            "Dutch" : 0.02051169, 
            "Italian" : 0.016210850000000002, 
            "French Canadian" : 0.01433613, 
            "European" : 0.012461400000000001, 
            "Polish" : 0.01213057, 
            "Welsh" : 0.010917509999999998, 
            "Swiss" : 0.00992501, 
            "Portuguese" : 0.00915307, 
            "Scotch-Irish" : 0.00882223, 
            "Finnish" : 0.008381119999999999, 
            "Mexican" : 0.93333333, 
            "Central American" : 0.03088, 
            "Salvadoran" : 0.03, 
            "Puerto Rican" : 0.00099, 
            "Other Hispanic" : 0.03, 
            "Filipino" : 0.44660194, 
            "Chinese" : 0.00507, 
            "Korean" : 0.26213591999999997, 
            "Japanese" : 0.00298, 
            "Thai" : 0.19417476
        }, 
        "employment_status" : {
            "Armed Forces" : 0.0, 
            "Employed" : 0.49615595999999995, 
            "Unemployed" : 0.056150469999999994, 
            "Other" : 0.44769357
        }, 
        "industries" : {
            "Healthcare" : 0.17155505999999998, 
            "Manufacturing" : 0.14775872, 
            "Agriculture" : 0.09463199, 
            "Transportation" : 0.07470945999999999, 
            "Government" : 0.07415606000000001, 
            "Retail" : 0.07111234, 
            "Education" : 0.06834532, 
            "Entertainment" : 0.053126730000000004, 
            "Hospitality" : 0.04371887, 
            "Construction" : 0.04261205999999999, 
            "Other Services" : 0.03763143, 
            "Administrative" : 0.02739347, 
            "Professional" : 0.021029330000000002, 
            "Oil & Gas, and Mining" : 0.01881572, 
            "Wholesalers" : 0.0163254, 
            "Real estate" : 0.01521859, 
            "Information" : 0.011344769999999999, 
            "Finance & Insurance" : 0.009131160000000001, 
            "Utilities" : 0.0013835100000000001, 
            "Management" : 0.0
        }, 
        "educational_attainment" : {
            "Doctorate" : 0.00470293, 
            "Professional" : 0.0067408699999999995, 
            "Master's" : 0.0365261, 
            "Bachelor's" : 0.08810158, 
            "Associate's" : 0.07869572, 
            "Some College" : 0.26414799, 
            "High School" : 0.38658096999999997, 
            "Some H.S." : 0.09484245, 
            "Less than H.S." : 0.03354758, 
            "None" : 0.00611381
        }
    }
}