{
    "name" : "Anderson County", 
	"state" : "Kansas", 
	"FIPS" : "20003",
    "population" : 7858, 
    "demographics" : {
        "race_and_ethnicity" : {
            "White" : 0.95240519, 
            "Hispanic" : 0.00458132, 
            "Black" : 0.00127259, 
            "Asian" : 0.0, 
            "Mixed" : 0.01934334, 
            "Other" : 0.022397559999999997
        }, 
        "age_and_sex" : {
            "85+" : 0.02863, 
            "80-84" : 0.021, 
            "75-79" : 0.048490000000000005, 
            "70-74" : 0.04327, 
            "67-69" : 0.03003, 
            "65-66" : 0.03563, 
            "62-64" : 0.027229999999999997, 
            "60-61" : 0.02902, 
            "55-59" : 0.07241, 
            "50-54" : 0.07037, 
            "45-49" : 0.05765, 
            "40-44" : 0.059050000000000005, 
            "35-39" : 0.05192, 
            "30-34" : 0.06287, 
            "25-29" : 0.044160000000000005, 
            "22-24" : 0.02405, 
            "21" : 0.013999999999999999, 
            "20" : 0.00547, 
            "18-19" : 0.023799999999999998, 
            "15-17" : 0.04136, 
            "10-14" : 0.07941, 
            "5-9" : 0.0621, 
            "0-4" : 0.06808
        }, 
        "household_types" : {
            "Married" : 0.55071562, 
            "Single Female" : 0.08151836, 
            "Single Male" : 0.029869319999999998, 
            "One-Person" : 0.31393902, 
            "Other Non-Family" : 0.02395769
        }, 
        "marital_status" : {
            "Never Married" : {
                "female" : 0.16666667000000002, 
                "male" : 0.20541246000000002
            }, 
            "Now Married" : {
                "female" : 0.5216284999999999, 
                "male" : 0.61232475
            }, 
            "Separated" : {
                "female" : 0.017493639999999998, 
                "male" : 0.02934464
            }, 
            "Absent Spouse" : {
                "female" : 0.01113232, 
                "male" : 0.01369416
            }, 
            "Widowed" : {
                "female" : 0.1437659, 
                "male" : 0.03586567
            }, 
            "Divorced" : {
                "female" : 0.13931298, 
                "male" : 0.10335833
            }
        }, 
        "employment_status" : {
            "Armed Forces" : 0.0, 
            "Employed" : 0.60859542, 
            "Unemployed" : 0.023217520000000002, 
            "Other" : 0.36818706
        }, 
        "industries" : {
            "Healthcare" : 0.1482684, 
            "Agriculture" : 0.10551948, 
            "Retail" : 0.10146103999999999, 
            "Hospitality" : 0.10091991, 
            "Construction" : 0.08739177, 
            "Education" : 0.08549784, 
            "Other Services" : 0.07359307, 
            "Manufacturing" : 0.06845238000000001, 
            "Transportation" : 0.04112554, 
            "Government" : 0.029761899999999997, 
            "Utilities" : 0.029491339999999998, 
            "Finance & Insurance" : 0.02895022, 
            "Professional" : 0.024621209999999998, 
            "Administrative" : 0.02353896, 
            "Oil & Gas, and Mining" : 0.023268399999999998, 
            "Information" : 0.01515152, 
            "Wholesalers" : 0.01028139, 
            "Real estate" : 0.00162338, 
            "Entertainment" : 0.00108225, 
            "Management" : 0.0
        }, 
        "educational_attainment" : {
            "Doctorate" : 0.0026134, 
            "Professional" : 0.029120780000000002, 
            "Master's" : 0.057868209999999996, 
            "Bachelor's" : 0.10210939, 
            "Associate's" : 0.1086429, 
            "Some College" : 0.23781967999999998, 
            "High School" : 0.37035654, 
            "Some H.S." : 0.05469479, 
            "Less than H.S." : 0.03266754, 
            "None" : 0.00410678
        }
    }
}