{
    "name" : "Brown County", 
	"state" : "Kansas", 
	"FIPS" : "20013",
    "population" : 9810, 
    "demographics" : {
        "race_and_ethnicity" : {
            "White" : 0.8353720699999999, 
            "Hispanic" : 0.035270130000000004, 
            "Black" : 0.01549439, 
            "Asian" : 0.00662589, 
            "Mixed" : 0.030173290000000002, 
            "Other" : 0.07706422
        }, 
        "age_and_sex" : {
            "85+" : 0.026099999999999998, 
            "80-84" : 0.02396, 
            "75-79" : 0.036699999999999997, 
            "70-74" : 0.047400000000000005, 
            "67-69" : 0.03252, 
            "65-66" : 0.02334, 
            "62-64" : 0.043730000000000005, 
            "60-61" : 0.03252, 
            "55-59" : 0.07686, 
            "50-54" : 0.07115, 
            "45-49" : 0.05994, 
            "40-44" : 0.057699999999999994, 
            "35-39" : 0.042300000000000004, 
            "30-34" : 0.05525, 
            "25-29" : 0.05097, 
            "22-24" : 0.035070000000000004, 
            "21" : 0.00489, 
            "20" : 0.0106, 
            "18-19" : 0.01845, 
            "15-17" : 0.0371, 
            "10-14" : 0.07013, 
            "5-9" : 0.07085, 
            "0-4" : 0.07248
        }, 
        "household_types" : {
            "Married" : 0.53043478, 
            "Single Female" : 0.0884472, 
            "Single Male" : 0.04024845, 
            "One-Person" : 0.31627329, 
            "Other Non-Family" : 0.024596269999999996
        }, 
        "marital_status" : {
            "Never Married" : {
                "female" : 0.15148465, 
                "male" : 0.2434527
            }, 
            "Now Married" : {
                "female" : 0.54705586, 
                "male" : 0.56360235
            }, 
            "Separated" : {
                "female" : 0.02340211, 
                "male" : 0.00935329
            }, 
            "Absent Spouse" : {
                "female" : 0.01635632, 
                "male" : 0.030464989999999997
            }, 
            "Widowed" : {
                "female" : 0.11474585, 
                "male" : 0.030999469999999998
            }, 
            "Divorced" : {
                "female" : 0.14695521, 
                "male" : 0.12212719999999999
            }
        }, 
        "ancestry" : {
            "German" : 0.34373089, 
            "Unclassified" : 0.24199795999999998, 
            "Other" : 0.20530071, 
            "Irish" : 0.11753313, 
            "English" : 0.07930683, 
            "American" : 0.04964322, 
            "Norwegian" : 0.041692150000000004, 
            "French" : 0.02181448, 
            "Scottish" : 0.0204893, 
            "Dutch" : 0.01712538, 
            "Swedish" : 0.0146789, 
            "Swiss" : 0.01294597, 
            "Italian" : 0.01253823, 
            "Scotch-Irish" : 0.011518859999999999, 
            "Welsh" : 0.00948012, 
            "Polish" : 0.00723751, 
            "European" : 0.00591233, 
            "Mexican" : 0.71578947, 
            "Other Hispanic" : 0.02773, 
            "Spanish" : 0.20263158, 
            "Puerto Rican" : 0.007850000000000001, 
            "South American" : 0.08947368000000001, 
            "Peruvian" : 0.0034699999999999996, 
            "Spaniard" : 0.03947368, 
            "Cuban" : 0.00153, 
            "Vietnamese" : 0.46153846000000004, 
            "Indian" : 0.00306, 
            "Chinese" : 0.26153846000000003, 
            "Filipino" : 0.0017299999999999998, 
            "Thai" : 0.10769231, 
            "Not Specified" : 0.0007099999999999999
        }, 
        "employment_status" : {
            "Armed Forces" : 0.00026377999999999997, 
            "Employed" : 0.60907412, 
            "Unemployed" : 0.02479557, 
            "Other" : 0.36586652999999997
        }, 
        "industries" : {
            "Healthcare" : 0.17431788999999998, 
            "Manufacturing" : 0.16219142, 
            "Education" : 0.10307492, 
            "Retail" : 0.08271979, 
            "Agriculture" : 0.07817237, 
            "Government" : 0.06886098, 
            "Entertainment" : 0.05825032, 
            "Construction" : 0.041143349999999995, 
            "Other Services" : 0.03854482, 
            "Transportation" : 0.03681247, 
            "Finance & Insurance" : 0.028150710000000002, 
            "Hospitality" : 0.025335640000000003, 
            "Administrative" : 0.02468601, 
            "Professional" : 0.023603290000000002, 
            "Wholesalers" : 0.01710697, 
            "Information" : 0.014941530000000001, 
            "Real estate" : 0.010827199999999999, 
            "Utilities" : 0.010394110000000002, 
            "Oil & Gas, and Mining" : 0.00086618, 
            "Management" : 0.0
        }, 
        "educational_attainment" : {
            "Doctorate" : 0.00764045, 
            "Professional" : 0.01228464, 
            "Master's" : 0.06217228, 
            "Bachelor's" : 0.11865169, 
            "Associate's" : 0.07880150000000001, 
            "Some College" : 0.25573034, 
            "High School" : 0.39370787, 
            "Some H.S." : 0.04853933, 
            "Less than H.S." : 0.01692884, 
            "None" : 0.00554307
        }
    }
}