{
    "name" : "Kearny County", 
	"state" : "Kansas", 
	"FIPS" : "20093",
    "population" : 3943, 
    "demographics" : {
        "race_and_ethnicity" : {
            "White" : 0.65432412, 
            "Hispanic" : 0.30408319, 
            "Black" : 0.008622880000000001, 
            "Asian" : 0.004311440000000001, 
            "Mixed" : 0.02865838, 
            "Other" : 0.0
        }, 
        "age_and_sex" : {
            "85+" : 0.01927, 
            "80-84" : 0.01547, 
            "75-79" : 0.029169999999999998, 
            "70-74" : 0.03627, 
            "67-69" : 0.02308, 
            "65-66" : 0.016739999999999998, 
            "62-64" : 0.02054, 
            "60-61" : 0.03196, 
            "55-59" : 0.0629, 
            "50-54" : 0.05782, 
            "45-49" : 0.07228, 
            "40-44" : 0.07025, 
            "35-39" : 0.04616, 
            "30-34" : 0.048949999999999994, 
            "25-29" : 0.07887, 
            "22-24" : 0.0279, 
            "21" : 0.00938, 
            "20" : 0.00938, 
            "18-19" : 0.02993, 
            "15-17" : 0.04616, 
            "10-14" : 0.07761, 
            "5-9" : 0.09029, 
            "0-4" : 0.07963
        }, 
        "household_types" : {
            "Married" : 0.62622457, 
            "Single Female" : 0.0844009, 
            "Single Male" : 0.06857573, 
            "One-Person" : 0.19442351, 
            "Other Non-Family" : 0.02637528
        }, 
        "marital_status" : {
            "Never Married" : {
                "female" : 0.17532917999999997, 
                "male" : 0.26968504
            }, 
            "Now Married" : {
                "female" : 0.57380457, 
                "male" : 0.5721784799999999
            }, 
            "Separated" : {
                "female" : 0.01039501, 
                "male" : 0.00590551
            }, 
            "Absent Spouse" : {
                "female" : 0.04158004, 
                "male" : 0.03608924
            }, 
            "Widowed" : {
                "female" : 0.10602911000000001, 
                "male" : 0.04658793
            }, 
            "Divorced" : {
                "female" : 0.09286209, 
                "male" : 0.06955381
            }
        }, 
        "ancestry" : {
            "Other" : 0.39715952, 
            "German" : 0.27162059, 
            "Unclassified" : 0.18463099, 
            "Irish" : 0.141263, 
            "English" : 0.07126553000000001, 
            "Dutch" : 0.028912, 
            "Swedish" : 0.025107789999999998, 
            "Italian" : 0.0218108, 
            "French" : 0.01927466, 
            "American" : 0.014963230000000001, 
            "Scotch-Irish" : 0.00938372, 
            "Czech" : 0.008622880000000001, 
            "Swiss" : 0.006593959999999999, 
            "Mexican" : 0.96758105, 
            "Puerto Rican" : 0.29521000000000003, 
            "Central American" : 0.01911887, 
            "Salvadoran" : 0.005829999999999999, 
            "Other Hispanic" : 0.00665004, 
            "Spaniard" : 0.00203, 
            "Thai" : 1.0
        }, 
        "employment_status" : {
            "Armed Forces" : 0.0, 
            "Employed" : 0.62782609, 
            "Unemployed" : 0.01495652, 
            "Other" : 0.35721738999999997
        }, 
        "industries" : {
            "Agriculture" : 0.23213296, 
            "Manufacturing" : 0.12742382, 
            "Education" : 0.11246537, 
            "Healthcare" : 0.10470914, 
            "Hospitality" : 0.10360111, 
            "Retail" : 0.06592798, 
            "Construction" : 0.05429363, 
            "Finance & Insurance" : 0.042659279999999994, 
            "Utilities" : 0.02880886, 
            "Transportation" : 0.023822709999999997, 
            "Wholesalers" : 0.01939058, 
            "Government" : 0.01883657, 
            "Administrative" : 0.01717452, 
            "Other Services" : 0.01440443, 
            "Entertainment" : 0.0099723, 
            "Oil & Gas, and Mining" : 0.00831025, 
            "Professional" : 0.00609418, 
            "Real estate" : 0.00554017, 
            "Information" : 0.00443213, 
            "Management" : 0.0
        }, 
        "educational_attainment" : {
            "Doctorate" : 0.0, 
            "Professional" : 0.01852598, 
            "Master's" : 0.04349577, 
            "Bachelor's" : 0.08054772, 
            "Associate's" : 0.09182441000000001, 
            "Some College" : 0.26782118, 
            "High School" : 0.27265405000000004, 
            "Some H.S." : 0.11276681, 
            "Less than H.S." : 0.11236408, 
            "None" : 0.0
        }
    }
}