{
    "name" : "Montgomery County", 
	"state" : "Kansas", 
	"FIPS" : "20125",
    "population" : 33765, 
    "demographics" : {
        "race_and_ethnicity" : {
            "White" : 0.80239893, 
            "Hispanic" : 0.06044721, 
            "Black" : 0.05218421, 
            "Asian" : 0.0097142, 
            "Mixed" : 0.04324004000000001, 
            "Other" : 0.0320154
        }, 
        "age_and_sex" : {
            "85+" : 0.0255, 
            "80-84" : 0.026709999999999998, 
            "75-79" : 0.03003, 
            "70-74" : 0.04247, 
            "67-69" : 0.03592, 
            "65-66" : 0.02307, 
            "62-64" : 0.03785, 
            "60-61" : 0.03142, 
            "55-59" : 0.06607, 
            "50-54" : 0.06969, 
            "45-49" : 0.059800000000000006, 
            "40-44" : 0.05165, 
            "35-39" : 0.05449, 
            "30-34" : 0.05885, 
            "25-29" : 0.0571, 
            "22-24" : 0.03403, 
            "21" : 0.014570000000000001, 
            "20" : 0.01428, 
            "18-19" : 0.03015, 
            "15-17" : 0.03587, 
            "10-14" : 0.06803, 
            "5-9" : 0.06559999999999999, 
            "0-4" : 0.06684
        }, 
        "household_types" : {
            "Married" : 0.49031548, 
            "Single Female" : 0.10550257, 
            "Single Male" : 0.06074835, 
            "One-Person" : 0.30711665, 
            "Other Non-Family" : 0.03631695
        }, 
        "marital_status" : {
            "Never Married" : {
                "female" : 0.19686979000000002, 
                "male" : 0.28033346000000003
            }, 
            "Now Married" : {
                "female" : 0.48496486, 
                "male" : 0.51451307
            }, 
            "Separated" : {
                "female" : 0.030867330000000002, 
                "male" : 0.01690034
            }, 
            "Absent Spouse" : {
                "female" : 0.022027389999999997, 
                "male" : 0.03107238
            }, 
            "Widowed" : {
                "female" : 0.13441055000000002, 
                "male" : 0.029556650000000004
            }, 
            "Divorced" : {
                "female" : 0.13086008, 
                "male" : 0.1276241
            }
        }, 
        "ancestry" : {
            "Other" : 0.30327262, 
            "Unclassified" : 0.23950837, 
            "German" : 0.20547905, 
            "Irish" : 0.13010514, 
            "American" : 0.12080557, 
            "English" : 0.07851325, 
            "Dutch" : 0.021738490000000003, 
            "Italian" : 0.02028728, 
            "French" : 0.014985930000000001, 
            "Scottish" : 0.01433437, 
            "Swedish" : 0.012113130000000001, 
            "Welsh" : 0.011431960000000001, 
            "Scotch-Irish" : 0.00959574, 
            "Norwegian" : 0.00944765, 
            "Polish" : 0.006722939999999999, 
            "European" : 0.0059529100000000005, 
            "Mexican" : 0.86731707, 
            "Central American" : 0.05266, 
            "Guatemalan" : 0.061463409999999996, 
            "South American" : 0.00373, 
            "Colombian" : 0.04585366, 
            "Cuban" : 0.0027800000000000004, 
            "Honduran" : 0.03268293, 
            "Venezuelan" : 0.00198, 
            "Puerto Rican" : 0.021463410000000002, 
            "Other Hispanic" : 0.0013, 
            "Indian" : 0.24695122000000003, 
            "Vietnamese" : 0.0024, 
            "Chinese" : 0.2347561, 
            "Laotian" : 0.00228, 
            "Mixed" : 0.16768293, 
            "Thai" : 0.0016300000000000002, 
            "Not Specified" : 0.12804878, 
            "Japanese" : 0.00124, 
            "Filipino" : 0.10670732, 
            "Korean" : 0.00104
        }, 
        "employment_status" : {
            "Armed Forces" : 0.0007536600000000001, 
            "Employed" : 0.54218638, 
            "Unemployed" : 0.04333572, 
            "Other" : 0.41372422999999997
        }, 
        "industries" : {
            "Manufacturing" : 0.22762024, 
            "Healthcare" : 0.17611899, 
            "Retail" : 0.1089102, 
            "Education" : 0.10195997, 
            "Hospitality" : 0.055254380000000006, 
            "Construction" : 0.04329996999999999, 
            "Transportation" : 0.04135391, 
            "Other Services" : 0.041006390000000004, 
            "Government" : 0.03878232, 
            "Administrative" : 0.025507369999999998, 
            "Professional" : 0.02258827, 
            "Wholesalers" : 0.02126772, 
            "Finance & Insurance" : 0.02008618, 
            "Oil & Gas, and Mining" : 0.01695858, 
            "Agriculture" : 0.01591604, 
            "Utilities" : 0.013622460000000001, 
            "Information" : 0.01320545, 
            "Entertainment" : 0.01056436, 
            "Real estate" : 0.0059772, 
            "Management" : 0.0
        }, 
        "educational_attainment" : {
            "Doctorate" : 0.00415121, 
            "Professional" : 0.00755167, 
            "Master's" : 0.04756227, 
            "Bachelor's" : 0.11663134, 
            "Associate's" : 0.12321145, 
            "Some College" : 0.28709592, 
            "High School" : 0.30400989, 
            "Some H.S." : 0.07768061999999999, 
            "Less than H.S." : 0.02415651, 
            "None" : 0.00794913
        }
    }
}