{
    "name" : "Morton County", 
	"state" : "Kansas", 
	"FIPS" : "20129",
    "population" : 3033, 
    "demographics" : {
        "race_and_ethnicity" : {
            "White" : 0.7345862200000001, 
            "Hispanic" : 0.21430926, 
            "Black" : 0.006264420000000001, 
            "Asian" : 0.00131883, 
            "Mixed" : 0.041872730000000004, 
            "Other" : 0.00164853
        }, 
        "age_and_sex" : {
            "85+" : 0.03231, 
            "80-84" : 0.02407, 
            "75-79" : 0.03495, 
            "70-74" : 0.04616, 
            "67-69" : 0.01714, 
            "65-66" : 0.01879, 
            "62-64" : 0.02176, 
            "60-61" : 0.019450000000000002, 
            "55-59" : 0.091, 
            "50-54" : 0.08473000000000001, 
            "45-49" : 0.0666, 
            "40-44" : 0.05704, 
            "35-39" : 0.04583, 
            "30-34" : 0.04946, 
            "25-29" : 0.0333, 
            "22-24" : 0.04154, 
            "21" : 0.01451, 
            "20" : 0.03924, 
            "18-19" : 0.04517, 
            "15-17" : 0.041210000000000004, 
            "10-14" : 0.04352, 
            "5-9" : 0.07682, 
            "0-4" : 0.055389999999999995
        }, 
        "household_types" : {
            "Married" : 0.50259067, 
            "Single Female" : 0.08808289999999999, 
            "Single Male" : 0.06908463000000001, 
            "One-Person" : 0.30569948, 
            "Other Non-Family" : 0.03454231
        }, 
        "marital_status" : {
            "Never Married" : {
                "female" : 0.19799499, 
                "male" : 0.30007675
            }, 
            "Now Married" : {
                "female" : 0.50793651, 
                "male" : 0.48656945999999995
            }, 
            "Separated" : {
                "female" : 0.01336675, 
                "male" : 0.0038373
            }, 
            "Absent Spouse" : {
                "female" : 0.01169591, 
                "male" : 0.06216424
            }, 
            "Widowed" : {
                "female" : 0.17794485999999998, 
                "male" : 0.040675359999999994
            }, 
            "Divorced" : {
                "female" : 0.09106099000000001, 
                "male" : 0.1066769
            }
        }, 
        "ancestry" : {
            "Other" : 0.31783712000000003, 
            "German" : 0.28058028, 
            "Unclassified" : 0.23376195, 
            "Irish" : 0.12957468, 
            "English" : 0.05703924, 
            "Czech" : 0.041872730000000004, 
            "Dutch" : 0.03395978, 
            "American" : 0.02967359, 
            "Danish" : 0.020771510000000003, 
            "Welsh" : 0.01450709, 
            "Scotch-Irish" : 0.0102209, 
            "Hungarian" : 0.00890208, 
            "French" : 0.00791296, 
            "European" : 0.00692384, 
            "Pennsylvania German" : 0.00692384, 
            "Italian" : 0.0052753, 
            "Mexican" : 0.96307692, 
            "South American" : 0.2064, 
            "Ecuadorian" : 0.030769229999999998, 
            "Central American" : 0.00659, 
            "Honduran" : 0.030769229999999998, 
            "Korean" : 1.0
        }, 
        "employment_status" : {
            "Armed Forces" : 0.0, 
            "Employed" : 0.5508715, 
            "Unemployed" : 0.04742602, 
            "Other" : 0.40170247000000003
        }, 
        "industries" : {
            "Agriculture" : 0.19205297999999998, 
            "Healthcare" : 0.13760118, 
            "Education" : 0.08020603, 
            "Retail" : 0.06916851, 
            "Other Services" : 0.06916851, 
            "Wholesalers" : 0.06033848, 
            "Oil & Gas, and Mining" : 0.04488595, 
            "Construction" : 0.0419426, 
            "Manufacturing" : 0.03752759, 
            "Transportation" : 0.03384842, 
            "Finance & Insurance" : 0.03311258, 
            "Hospitality" : 0.032376749999999996, 
            "Government" : 0.032376749999999996, 
            "Professional" : 0.030905079999999998, 
            "Administrative" : 0.03016924, 
            "Entertainment" : 0.027961740000000002, 
            "Information" : 0.02428256, 
            "Utilities" : 0.020603379999999998, 
            "Real estate" : 0.00147167, 
            "Management" : 0.0
        }, 
        "educational_attainment" : {
            "Doctorate" : 0.0, 
            "Professional" : 0.00359159, 
            "Master's" : 0.03283735, 
            "Bachelor's" : 0.10672140000000001, 
            "Associate's" : 0.07388404, 
            "Some College" : 0.28732683000000003, 
            "High School" : 0.37147255, 
            "Some H.S." : 0.05541303, 
            "Less than H.S." : 0.0656747, 
            "None" : 0.0030785
        }
    }
}