{
    "name" : "Stevens County", 
	"state" : "Kansas", 
	"FIPS" : "20189",
    "population" : 5738, 
    "demographics" : {
        "race_and_ethnicity" : {
            "White" : 0.62600209, 
            "Hispanic" : 0.34663646, 
            "Black" : 0.00121994, 
            "Asian" : 0.0022656, 
            "Mixed" : 0.01673057, 
            "Other" : 0.00714535
        }, 
        "age_and_sex" : {
            "85+" : 0.01481, 
            "80-84" : 0.01203, 
            "75-79" : 0.03503, 
            "70-74" : 0.03276, 
            "67-69" : 0.023700000000000002, 
            "65-66" : 0.00767, 
            "62-64" : 0.01847, 
            "60-61" : 0.03695, 
            "55-59" : 0.06361, 
            "50-54" : 0.06152, 
            "45-49" : 0.07145, 
            "40-44" : 0.06779, 
            "35-39" : 0.05298, 
            "30-34" : 0.05856, 
            "25-29" : 0.06117, 
            "22-24" : 0.01429, 
            "21" : 0.00627, 
            "20" : 0.00715, 
            "18-19" : 0.04514, 
            "15-17" : 0.052629999999999996, 
            "10-14" : 0.07493999999999999, 
            "5-9" : 0.09934, 
            "0-4" : 0.08174
        }, 
        "household_types" : {
            "Married" : 0.6539267, 
            "Single Female" : 0.06910995, 
            "Single Male" : 0.02722513, 
            "One-Person" : 0.22565445, 
            "Other Non-Family" : 0.02408377
        }, 
        "marital_status" : {
            "Never Married" : {
                "female" : 0.17560513, 
                "male" : 0.32377428
            }, 
            "Now Married" : {
                "female" : 0.61888942, 
                "male" : 0.5693802
            }, 
            "Separated" : {
                "female" : 0.023255810000000002, 
                "male" : 0.01942646
            }, 
            "Absent Spouse" : {
                "female" : 0.031324160000000004, 
                "male" : 0.0069380200000000005
            }, 
            "Widowed" : {
                "female" : 0.10299003000000001, 
                "male" : 0.030989819999999998
            }, 
            "Divorced" : {
                "female" : 0.04793545, 
                "male" : 0.04949121
            }
        }, 
        "ancestry" : {
            "Other" : 0.44022307, 
            "German" : 0.23335657, 
            "Unclassified" : 0.17898222, 
            "American" : 0.07284768, 
            "English" : 0.07075636, 
            "Irish" : 0.06500523, 
            "Scottish" : 0.02405019, 
            "Welsh" : 0.01638201, 
            "Pennsylvania German" : 0.01463925, 
            "Dutch" : 0.01376786, 
            "French" : 0.01132799, 
            "Canadian" : 0.00714535, 
            "Italian" : 0.00557686, 
            "Mexican" : 0.8808446499999999, 
            "Other Hispanic" : 0.30533, 
            "Spaniard" : 0.07139266, 
            "South American" : 0.02475, 
            "Colombian" : 0.06284565, 
            "Spanish American" : 0.02178, 
            "Chinese" : 0.61538462, 
            "Korean" : 0.0013900000000000002
        }, 
        "employment_status" : {
            "Armed Forces" : 0.00432484, 
            "Employed" : 0.61869294, 
            "Unemployed" : 0.02378664, 
            "Other" : 0.35319558
        }, 
        "industries" : {
            "Agriculture" : 0.1968932, 
            "Manufacturing" : 0.1207767, 
            "Retail" : 0.09786407999999999, 
            "Education" : 0.09747573, 
            "Healthcare" : 0.08038835000000001, 
            "Other Services" : 0.06640777, 
            "Construction" : 0.04970874, 
            "Oil & Gas, and Mining" : 0.04466019, 
            "Transportation" : 0.04194175000000001, 
            "Finance & Insurance" : 0.03533981, 
            "Administrative" : 0.03223301, 
            "Hospitality" : 0.03145631, 
            "Utilities" : 0.02679612, 
            "Professional" : 0.02640777, 
            "Wholesalers" : 0.020970870000000003, 
            "Government" : 0.01165049, 
            "Entertainment" : 0.00970874, 
            "Information" : 0.00466019, 
            "Real estate" : 0.00466019, 
            "Management" : 0.0
        }, 
        "educational_attainment" : {
            "Doctorate" : 0.0, 
            "Professional" : 0.0028177000000000002, 
            "Master's" : 0.030149339999999997, 
            "Bachelor's" : 0.13186813, 
            "Associate's" : 0.06706114, 
            "Some College" : 0.27528881, 
            "High School" : 0.3262891, 
            "Some H.S." : 0.06142575, 
            "Less than H.S." : 0.08650324, 
            "None" : 0.018596790000000002
        }
    }
}