{
    "name" : "Sumner County", 
	"state" : "Kansas", 
	"FIPS" : "20191",
    "population" : 23509, 
    "demographics" : {
        "race_and_ethnicity" : {
            "White" : 0.9022502, 
            "Hispanic" : 0.05198009, 
            "Black" : 0.0099111, 
            "Asian" : 0.00263729, 
            "Mixed" : 0.02041771, 
            "Other" : 0.01280361
        }, 
        "age_and_sex" : {
            "85+" : 0.026539999999999998, 
            "80-84" : 0.02514, 
            "75-79" : 0.03092, 
            "70-74" : 0.03841, 
            "67-69" : 0.027440000000000003, 
            "65-66" : 0.023780000000000003, 
            "62-64" : 0.040069999999999995, 
            "60-61" : 0.021230000000000002, 
            "55-59" : 0.0852, 
            "50-54" : 0.07363, 
            "45-49" : 0.062400000000000004, 
            "40-44" : 0.04913, 
            "35-39" : 0.0567, 
            "30-34" : 0.053470000000000004, 
            "25-29" : 0.05623, 
            "22-24" : 0.029140000000000003, 
            "21" : 0.011399999999999999, 
            "20" : 0.01306, 
            "18-19" : 0.02527, 
            "15-17" : 0.04551, 
            "10-14" : 0.07674, 
            "5-9" : 0.06661, 
            "0-4" : 0.06198000000000001
        }, 
        "household_types" : {
            "Married" : 0.53509832, 
            "Single Female" : 0.08502691000000001, 
            "Single Male" : 0.04207404000000001, 
            "One-Person" : 0.3061628, 
            "Other Non-Family" : 0.03163792
        }, 
        "marital_status" : {
            "Never Married" : {
                "female" : 0.17467063, 
                "male" : 0.28306365
            }, 
            "Now Married" : {
                "female" : 0.5205057399999999, 
                "male" : 0.5349514599999999
            }, 
            "Separated" : {
                "female" : 0.01657459, 
                "male" : 0.011003240000000001
            }, 
            "Absent Spouse" : {
                "female" : 0.028368039999999997, 
                "male" : 0.01866235
            }, 
            "Widowed" : {
                "female" : 0.13376541, 
                "male" : 0.049514560000000006
            }, 
            "Divorced" : {
                "female" : 0.1261156, 
                "male" : 0.10280474999999999
            }
        }, 
        "ancestry" : {
            "German" : 0.30775448, 
            "Unclassified" : 0.22480751999999998, 
            "Other" : 0.19333020999999997, 
            "Irish" : 0.12191076, 
            "American" : 0.09094389, 
            "English" : 0.09085881999999999, 
            "Scottish" : 0.0313497, 
            "Dutch" : 0.02484155, 
            "French" : 0.021013229999999997, 
            "Scotch-Irish" : 0.01795057, 
            "Swedish" : 0.01726998, 
            "Czech" : 0.014249860000000001, 
            "Norwegian" : 0.01174018, 
            "Polish" : 0.0111872, 
            "Italian" : 0.00978349, 
            "European" : 0.00893275, 
            "Welsh" : 0.0067633699999999995, 
            "Subsaharan African" : 0.0059126299999999994, 
            "Austrian" : 0.0055298000000000005, 
            "African" : 0.005317110000000001, 
            "Mexican" : 0.9577579199999999, 
            "Other Hispanic" : 0.05015, 
            "Central American" : 0.01949634, 
            "Spaniard" : 0.0010199999999999999, 
            "Salvadoran" : 0.01056052, 
            "South American" : 0.00055, 
            "Puerto Rican" : 0.01056052, 
            "Filipino" : 0.5, 
            "Chinese" : 0.00132, 
            "Bangladeshi" : 0.37096774000000005
        }, 
        "employment_status" : {
            "Armed Forces" : 0.00163114, 
            "Employed" : 0.58095911, 
            "Unemployed" : 0.03680948, 
            "Other" : 0.38060026
        }, 
        "industries" : {
            "Manufacturing" : 0.2034628, 
            "Healthcare" : 0.12204024000000001, 
            "Education" : 0.09798783, 
            "Retail" : 0.09620964000000001, 
            "Construction" : 0.0681329, 
            "Hospitality" : 0.06298549, 
            "Transportation" : 0.05109967, 
            "Government" : 0.04623304, 
            "Agriculture" : 0.0439869, 
            "Other Services" : 0.03752925, 
            "Finance & Insurance" : 0.03678053, 
            "Entertainment" : 0.03116518, 
            "Professional" : 0.02526907, 
            "Wholesalers" : 0.023678050000000003, 
            "Information" : 0.015255030000000001, 
            "Administrative" : 0.01197941, 
            "Real estate" : 0.01141788, 
            "Utilities" : 0.0094525, 
            "Oil & Gas, and Mining" : 0.00533458, 
            "Management" : 0.0
        }, 
        "educational_attainment" : {
            "Doctorate" : 0.00418835, 
            "Professional" : 0.00844016, 
            "Master's" : 0.03997969, 
            "Bachelor's" : 0.1417058, 
            "Associate's" : 0.09227059, 
            "Some College" : 0.27795406, 
            "High School" : 0.34814062999999995, 
            "Some H.S." : 0.06453865, 
            "Less than H.S." : 0.01732453, 
            "None" : 0.00545755
        }
    }
}