{
    "name" : "Barton County", 
	"state" : "Kansas", 
	"FIPS" : "20009",
    "population" : 27214, 
    "demographics" : {
        "race_and_ethnicity" : {
            "White" : 0.8229955200000001, 
            "Hispanic" : 0.13886235, 
            "Black" : 0.01311825, 
            "Asian" : 0.0018740399999999998, 
            "Mixed" : 0.017784960000000002, 
            "Other" : 0.00536489
        }, 
        "age_and_sex" : {
            "85+" : 0.027999999999999997, 
            "80-84" : 0.026019999999999998, 
            "75-79" : 0.03634, 
            "70-74" : 0.0377, 
            "67-69" : 0.02484, 
            "65-66" : 0.02249, 
            "62-64" : 0.03524, 
            "60-61" : 0.03215, 
            "55-59" : 0.07386, 
            "50-54" : 0.0689, 
            "45-49" : 0.055999999999999994, 
            "40-44" : 0.059160000000000004, 
            "35-39" : 0.048499999999999995, 
            "30-34" : 0.05824, 
            "25-29" : 0.06048, 
            "22-24" : 0.041710000000000004, 
            "21" : 0.00728, 
            "20" : 0.01363, 
            "18-19" : 0.02558, 
            "15-17" : 0.042480000000000004, 
            "10-14" : 0.06453, 
            "5-9" : 0.07217, 
            "0-4" : 0.06471
        }, 
        "household_types" : {
            "Married" : 0.5043092, 
            "Single Female" : 0.10955131, 
            "Single Male" : 0.04469125, 
            "One-Person" : 0.28796091, 
            "Other Non-Family" : 0.05348734
        }, 
        "marital_status" : {
            "Never Married" : {
                "female" : 0.23538488999999999, 
                "male" : 0.26742559
            }, 
            "Now Married" : {
                "female" : 0.5122549, 
                "male" : 0.53559765
            }, 
            "Separated" : {
                "female" : 0.01479666, 
                "male" : 0.0096109
            }, 
            "Absent Spouse" : {
                "female" : 0.01171024, 
                "male" : 0.027339739999999998
            }, 
            "Widowed" : {
                "female" : 0.09885621, 
                "male" : 0.035644300000000004
            }, 
            "Divorced" : {
                "female" : 0.1269971, 
                "male" : 0.12438181999999999
            }
        }, 
        "ancestry" : {
            "German" : 0.38263394, 
            "Other" : 0.23995003, 
            "Unclassified" : 0.20107298, 
            "Irish" : 0.09307708999999999, 
            "English" : 0.06625266, 
            "American" : 0.062063639999999996, 
            "French" : 0.025501580000000003, 
            "Italian" : 0.02035717, 
            "Swedish" : 0.0166091, 
            "Russian" : 0.01580069, 
            "Dutch" : 0.01469832, 
            "Polish" : 0.01374293, 
            "Czech" : 0.011795400000000001, 
            "Scotch-Irish" : 0.010729770000000001, 
            "Austrian" : 0.01010509, 
            "Scottish" : 0.008855739999999999, 
            "Welsh" : 0.006577499999999999, 
            "Mexican" : 0.9367384, 
            "Other Hispanic" : 0.13276, 
            "Spaniard" : 0.04277936, 
            "Central American" : 0.006059999999999999, 
            "Guatemalan" : 0.04200156, 
            "Vietnamese" : 0.5686274499999999, 
            "Filipino" : 0.00107, 
            "Indian" : 0.23529412
        }, 
        "employment_status" : {
            "Armed Forces" : 0.00102991, 
            "Employed" : 0.62815411, 
            "Unemployed" : 0.03684284, 
            "Other" : 0.33397312999999995
        }, 
        "industries" : {
            "Healthcare" : 0.16984647, 
            "Retail" : 0.10269787000000001, 
            "Manufacturing" : 0.09196602000000001, 
            "Construction" : 0.08674913999999999, 
            "Education" : 0.08108511, 
            "Hospitality" : 0.07176927, 
            "Finance & Insurance" : 0.06535996, 
            "Other Services" : 0.04590848, 
            "Agriculture" : 0.045237740000000005, 
            "Oil & Gas, and Mining" : 0.03808317, 
            "Government" : 0.03771054, 
            "Transportation" : 0.03614548, 
            "Professional" : 0.03182292, 
            "Wholesalers" : 0.02884185, 
            "Administrative" : 0.01766284, 
            "Utilities" : 0.016693990000000002, 
            "Information" : 0.0158742, 
            "Entertainment" : 0.008347, 
            "Real estate" : 0.00819794, 
            "Management" : 0.0
        }, 
        "educational_attainment" : {
            "Doctorate" : 0.00660175, 
            "Professional" : 0.00858227, 
            "Master's" : 0.03493426, 
            "Bachelor's" : 0.11690597999999999, 
            "Associate's" : 0.12438796, 
            "Some College" : 0.25411234, 
            "High School" : 0.32222039, 
            "Some H.S." : 0.0803763, 
            "Less than H.S." : 0.046212249999999996, 
            "None" : 0.0056665
        }
    }
}