{
    "name" : "Coffey County", 
	"state" : "Kansas", 
	"FIPS" : "20031",
    "population" : 8433, 
    "demographics" : {
        "race_and_ethnicity" : {
            "White" : 0.9373888300000001, 
            "Hispanic" : 0.02466501, 
            "Black" : 0.00924938, 
            "Asian" : 0.006759159999999999, 
            "Mixed" : 0.01280683, 
            "Other" : 0.0091308
        }, 
        "age_and_sex" : {
            "85+" : 0.02775, 
            "80-84" : 0.026680000000000002, 
            "75-79" : 0.02941, 
            "70-74" : 0.050519999999999995, 
            "67-69" : 0.030590000000000003, 
            "65-66" : 0.03249, 
            "62-64" : 0.043280000000000006, 
            "60-61" : 0.02538, 
            "55-59" : 0.08265, 
            "50-54" : 0.07838, 
            "45-49" : 0.06202, 
            "40-44" : 0.06131, 
            "35-39" : 0.05206, 
            "30-34" : 0.05561, 
            "25-29" : 0.046959999999999995, 
            "22-24" : 0.0338, 
            "21" : 0.00866, 
            "20" : 0.0059299999999999995, 
            "18-19" : 0.022170000000000002, 
            "15-17" : 0.04352, 
            "10-14" : 0.06451, 
            "5-9" : 0.060599999999999994, 
            "0-4" : 0.05573
        }, 
        "household_types" : {
            "Married" : 0.5698324, 
            "Single Female" : 0.06787709, 
            "Single Male" : 0.05083799, 
            "One-Person" : 0.26899441, 
            "Other Non-Family" : 0.0424581
        }, 
        "marital_status" : {
            "Never Married" : {
                "female" : 0.15943287, 
                "male" : 0.19090382000000003
            }, 
            "Now Married" : {
                "female" : 0.58246528, 
                "male" : 0.6060254900000001
            }, 
            "Separated" : {
                "female" : 0.014756940000000001, 
                "male" : 0.02085747
            }, 
            "Absent Spouse" : {
                "female" : 0.00520833, 
                "male" : 0.018829659999999998
            }, 
            "Widowed" : {
                "female" : 0.11921295999999999, 
                "male" : 0.02954809
            }, 
            "Divorced" : {
                "female" : 0.11892361, 
                "male" : 0.13383546000000002
            }
        }, 
        "ancestry" : {
            "German" : 0.31969643000000003, 
            "Unclassified" : 0.24700581, 
            "Other" : 0.13660619000000002, 
            "Irish" : 0.12451085, 
            "European" : 0.10281039, 
            "English" : 0.07435076, 
            "American" : 0.07399502, 
            "French" : 0.02762955, 
            "Dutch" : 0.02300486, 
            "Italian" : 0.019328829999999998, 
            "Welsh" : 0.01660145, 
            "Scottish" : 0.01600854, 
            "Swedish" : 0.014348389999999999, 
            "Polish" : 0.01339974, 
            "Scotch-Irish" : 0.00924938, 
            "Mexican" : 0.83653846, 
            "Central American" : 0.020630000000000003, 
            "Salvadoran" : 0.07211538, 
            "Cuban" : 0.00178, 
            "South American" : 0.07211538, 
            "Chilean" : 0.00178, 
            "Puerto Rican" : 0.038461539999999995, 
            "Other Hispanic" : 0.00095, 
            "Spaniard" : 0.02884615, 
            "Mixed" : 0.38596491, 
            "Indian" : 0.00261, 
            "Chinese" : 0.29824561, 
            "Indonesian" : 0.00202, 
            "Filipino" : 0.22807017999999998
        }, 
        "employment_status" : {
            "Armed Forces" : 0.00029459, 
            "Employed" : 0.60848431, 
            "Unemployed" : 0.030490499999999997, 
            "Other" : 0.36073059
        }, 
        "industries" : {
            "Utilities" : 0.17138707, 
            "Healthcare" : 0.14282256000000002, 
            "Retail" : 0.11038489, 
            "Education" : 0.08085209, 
            "Construction" : 0.07697894, 
            "Government" : 0.06318083, 
            "Manufacturing" : 0.05519245, 
            "Agriculture" : 0.0486565, 
            "Hospitality" : 0.041878479999999996, 
            "Transportation" : 0.03437424, 
            "Wholesalers" : 0.030743160000000002, 
            "Other Services" : 0.030501089999999998, 
            "Professional" : 0.030259019999999998, 
            "Finance & Insurance" : 0.030016949999999997, 
            "Oil & Gas, and Mining" : 0.021060279999999997, 
            "Information" : 0.013071900000000001, 
            "Administrative" : 0.01161946, 
            "Entertainment" : 0.00387315, 
            "Real estate" : 0.0031469399999999995, 
            "Management" : 0.0
        }, 
        "educational_attainment" : {
            "Doctorate" : 0.0033636100000000004, 
            "Professional" : 0.00739993, 
            "Master's" : 0.04423142, 
            "Bachelor's" : 0.15640767, 
            "Associate's" : 0.07921292, 
            "Some College" : 0.26387487, 
            "High School" : 0.3728557, 
            "Some H.S." : 0.04456778, 
            "Less than H.S." : 0.02068618, 
            "None" : 0.00739993
        }
    }
}