{
    "name" : "Douglas County", 
	"state" : "Kansas", 
	"FIPS" : "20045",
    "population" : 116352, 
    "demographics" : {
        "race_and_ethnicity" : {
            "White" : 0.79761414, 
            "Hispanic" : 0.05656972, 
            "Black" : 0.03852963, 
            "Asian" : 0.04593819, 
            "Mixed" : 0.0388992, 
            "Other" : 0.02244912
        }, 
        "age_and_sex" : {
            "85+" : 0.014830000000000001, 
            "80-84" : 0.011930000000000001, 
            "75-79" : 0.01683, 
            "70-74" : 0.02635, 
            "67-69" : 0.01864, 
            "65-66" : 0.015780000000000002, 
            "62-64" : 0.027549999999999998, 
            "60-61" : 0.01886, 
            "55-59" : 0.05284, 
            "50-54" : 0.0528, 
            "45-49" : 0.050010000000000006, 
            "40-44" : 0.051559999999999995, 
            "35-39" : 0.05824, 
            "30-34" : 0.06948, 
            "25-29" : 0.08039, 
            "22-24" : 0.0872, 
            "21" : 0.045270000000000005, 
            "20" : 0.04978, 
            "18-19" : 0.06262, 
            "15-17" : 0.030059999999999996, 
            "10-14" : 0.05348, 
            "5-9" : 0.05221, 
            "0-4" : 0.0533
        }, 
        "household_types" : {
            "Married" : 0.41785036, 
            "Single Female" : 0.08818872999999999, 
            "Single Male" : 0.03605356, 
            "One-Person" : 0.31505021, 
            "Other Non-Family" : 0.14285714
        }, 
        "marital_status" : {
            "Never Married" : {
                "female" : 0.44404391, 
                "male" : 0.49478071
            }, 
            "Now Married" : {
                "female" : 0.36712705999999995, 
                "male" : 0.39155011
            }, 
            "Separated" : {
                "female" : 0.00496172, 
                "male" : 0.00596196
            }, 
            "Absent Spouse" : {
                "female" : 0.02116327, 
                "male" : 0.01739077
            }, 
            "Widowed" : {
                "female" : 0.058811619999999995, 
                "male" : 0.017927139999999998
            }, 
            "Divorced" : {
                "female" : 0.10389242, 
                "male" : 0.07238932000000001
            }
        }, 
        "ancestry" : {
            "German" : 0.30561572000000004, 
            "Other" : 0.24605507, 
            "Unclassified" : 0.15759076, 
            "Irish" : 0.14981264, 
            "English" : 0.11747972000000001, 
            "American" : 0.05694788, 
            "French" : 0.0282161, 
            "Scottish" : 0.0277434, 
            "Italian" : 0.02705583, 
            "Swedish" : 0.0247181, 
            "European" : 0.024030529999999998, 
            "Polish" : 0.02032625, 
            "Norwegian" : 0.01628678, 
            "Dutch" : 0.0151523, 
            "Scotch-Irish" : 0.014567859999999998, 
            "Welsh" : 0.014052189999999999, 
            "Czech" : 0.0098838, 
            "Danish" : 0.00793282, 
            "Russian" : 0.00793282, 
            "British" : 0.00703899, 
            "Mexican" : 0.72520107, 
            "Puerto Rican" : 0.04185, 
            "South American" : 0.07908847, 
            "Central American" : 0.00456, 
            "Other Hispanic" : 0.07357759999999999, 
            "Honduran" : 0.00425, 
            "Cuban" : 0.05644921, 
            "Peruvian" : 0.0032600000000000003, 
            "Spaniard" : 0.03425678, 
            "Venezuelan" : 0.00198, 
            "Colombian" : 0.03321418, 
            "Bolivian" : 0.00192, 
            "Argentinean" : 0.03098004, 
            "Guatemalan" : 0.00179, 
            "Salvadoran" : 0.02263926, 
            "Chinese" : 0.31506080000000003, 
            "Indian" : 0.01447, 
            "Vietnamese" : 0.24733396, 
            "Laotian" : 0.011359999999999999, 
            "Japanese" : 0.10402245, 
            "Korean" : 0.0047799999999999995, 
            "Filipino" : 0.06492049, 
            "Burmese" : 0.00298, 
            "Taiwanese" : 0.05182413, 
            "Mixed" : 0.0023799999999999997, 
            "Hmong" : 0.04677268, 
            "Pakistani" : 0.00215, 
            "Nepalese" : 0.04003742, 
            "Not Specified" : 0.00184, 
            "Thai" : 0.02806361
        }, 
        "employment_status" : {
            "Armed Forces" : 0.00072325, 
            "Employed" : 0.65440926, 
            "Unemployed" : 0.036389939999999996, 
            "Other" : 0.30847755
        }, 
        "industries" : {
            "Education" : 0.19532027, 
            "Retail" : 0.12498224000000001, 
            "Healthcare" : 0.11710375, 
            "Hospitality" : 0.08997899999999999, 
            "Manufacturing" : 0.06989595, 
            "Professional" : 0.06478046, 
            "Government" : 0.04578682, 
            "Other Services" : 0.044081659999999995, 
            "Construction" : 0.04311856, 
            "Finance & Insurance" : 0.037355730000000004, 
            "Administrative" : 0.035224280000000004, 
            "Information" : 0.030140359999999998, 
            "Transportation" : 0.02474067, 
            "Entertainment" : 0.024156499999999997, 
            "Wholesalers" : 0.01896206, 
            "Real estate" : 0.01743057, 
            "Agriculture" : 0.0076732400000000004, 
            "Utilities" : 0.00666277, 
            "Oil & Gas, and Mining" : 0.00131045, 
            "Management" : 0.00129466
        }, 
        "educational_attainment" : {
            "Doctorate" : 0.04875271, 
            "Professional" : 0.035027249999999996, 
            "Master's" : 0.14756387999999998, 
            "Bachelor's" : 0.2656575, 
            "Associate's" : 0.06474045, 
            "Some College" : 0.19511714000000002, 
            "High School" : 0.19361401999999997, 
            "Some H.S." : 0.034009990000000004, 
            "Less than H.S." : 0.0107344, 
            "None" : 0.00478265
        }
    }
}