{
    "name" : "Greeley County", 
	"state" : "Kansas", 
	"FIPS" : "20071",
    "population" : 1235, 
    "demographics" : {
        "race_and_ethnicity" : {
            "White" : 0.7627530400000001, 
            "Hispanic" : 0.20809717, 
            "Black" : 0.00647773, 
            "Asian" : 0.00161943, 
            "Mixed" : 0.01619433, 
            "Other" : 0.004858299999999999
        }, 
        "age_and_sex" : {
            "85+" : 0.04939, 
            "80-84" : 0.034820000000000004, 
            "75-79" : 0.041299999999999996, 
            "70-74" : 0.046959999999999995, 
            "67-69" : 0.03644, 
            "65-66" : 0.01619, 
            "62-64" : 0.03158, 
            "60-61" : 0.05344, 
            "55-59" : 0.059109999999999996, 
            "50-54" : 0.09393000000000001, 
            "45-49" : 0.07449, 
            "40-44" : 0.027530000000000002, 
            "35-39" : 0.03725, 
            "30-34" : 0.05992, 
            "25-29" : 0.04372, 
            "22-24" : 0.02996, 
            "21" : 0.004050000000000001, 
            "20" : 0.0, 
            "18-19" : 0.03968, 
            "15-17" : 0.041299999999999996, 
            "10-14" : 0.06883, 
            "5-9" : 0.04777, 
            "0-4" : 0.06235
        }, 
        "household_types" : {
            "Married" : 0.64435146, 
            "Single Female" : 0.04393305, 
            "Single Male" : 0.0376569, 
            "One-Person" : 0.25313808000000004, 
            "Other Non-Family" : 0.020920499999999998
        }, 
        "marital_status" : {
            "Never Married" : {
                "female" : 0.22623574000000002, 
                "male" : 0.21721311
            }, 
            "Now Married" : {
                "female" : 0.57984791, 
                "male" : 0.64959016
            }, 
            "Separated" : {
                "female" : 0.0, 
                "male" : 0.01229508
            }, 
            "Absent Spouse" : {
                "female" : 0.00760456, 
                "male" : 0.020491799999999998
            }, 
            "Widowed" : {
                "female" : 0.15969582000000002, 
                "male" : 0.02254098
            }, 
            "Divorced" : {
                "female" : 0.02661597, 
                "male" : 0.07786885
            }
        }, 
        "ancestry" : {
            "German" : 0.33441296000000004, 
            "Other" : 0.28016194, 
            "Unclassified" : 0.15222671999999998, 
            "English" : 0.12712551, 
            "Irish" : 0.09959514, 
            "American" : 0.05263158, 
            "French" : 0.038866399999999995, 
            "Danish" : 0.02024291, 
            "Scotch-Irish" : 0.01700405, 
            "Swedish" : 0.01538462, 
            "European" : 0.0145749, 
            "Scottish" : 0.013765179999999998, 
            "Dutch" : 0.011336029999999999, 
            "Russian" : 0.009716599999999999, 
            "Italian" : 0.00809717, 
            "Mexican" : 0.92607004, 
            "Central American" : 0.19271000000000002, 
            "Honduran" : 0.05836576, 
            "Puerto Rican" : 0.012150000000000001, 
            "Filipino" : 1.0
        }, 
        "employment_status" : {
            "Armed Forces" : 0.0, 
            "Employed" : 0.58752515, 
            "Unemployed" : 0.00704225, 
            "Other" : 0.4054326
        }, 
        "industries" : {
            "Agriculture" : 0.23972603, 
            "Healthcare" : 0.19349315, 
            "Retail" : 0.08561643999999999, 
            "Construction" : 0.07020548, 
            "Government" : 0.07020548, 
            "Transportation" : 0.05821918, 
            "Education" : 0.05308219, 
            "Hospitality" : 0.03767123, 
            "Wholesalers" : 0.035958899999999995, 
            "Finance & Insurance" : 0.035958899999999995, 
            "Professional" : 0.035958899999999995, 
            "Other Services" : 0.03253425, 
            "Administrative" : 0.0239726, 
            "Manufacturing" : 0.01541096, 
            "Information" : 0.00684932, 
            "Utilities" : 0.00513699, 
            "Oil & Gas, and Mining" : 0.0, 
            "Real estate" : 0.0, 
            "Management" : 0.0, 
            "Entertainment" : 0.0
        }, 
        "educational_attainment" : {
            "Doctorate" : 0.00344037, 
            "Professional" : 0.01490826, 
            "Master's" : 0.038990830000000004, 
            "Bachelor's" : 0.23853211000000002, 
            "Associate's" : 0.07568807, 
            "Some College" : 0.19954128000000002, 
            "High School" : 0.31192661, 
            "Some H.S." : 0.03669725, 
            "Less than H.S." : 0.07110092, 
            "None" : 0.00917431
        }
    }
}