{
    "name" : "Jewell County", 
	"state" : "Kansas", 
	"FIPS" : "20089",
    "population" : 3003, 
    "demographics" : {
        "race_and_ethnicity" : {
            "White" : 0.9560439599999999, 
            "Hispanic" : 0.021978019999999997, 
            "Black" : 0.001332, 
            "Asian" : 0.005328009999999999, 
            "Mixed" : 0.01265401, 
            "Other" : 0.002664
        }, 
        "age_and_sex" : {
            "85+" : 0.02831, 
            "80-84" : 0.058609999999999995, 
            "75-79" : 0.05761, 
            "70-74" : 0.07925, 
            "67-69" : 0.0363, 
            "65-66" : 0.01665, 
            "62-64" : 0.04562, 
            "60-61" : 0.04595, 
            "55-59" : 0.08691, 
            "50-54" : 0.06827, 
            "45-49" : 0.05195, 
            "40-44" : 0.04262, 
            "35-39" : 0.04096, 
            "30-34" : 0.03963, 
            "25-29" : 0.047619999999999996, 
            "22-24" : 0.03896, 
            "21" : 0.00366, 
            "20" : 0.004, 
            "18-19" : 0.01199, 
            "15-17" : 0.03497, 
            "10-14" : 0.05228, 
            "5-9" : 0.06094, 
            "0-4" : 0.046950000000000006
        }, 
        "household_types" : {
            "Married" : 0.54506438, 
            "Single Female" : 0.05722461, 
            "Single Male" : 0.03290415, 
            "One-Person" : 0.34120172, 
            "Other Non-Family" : 0.02360515
        }, 
        "marital_status" : {
            "Never Married" : {
                "female" : 0.10264635, 
                "male" : 0.22196078
            }, 
            "Now Married" : {
                "female" : 0.60866079, 
                "male" : 0.58980392
            }, 
            "Separated" : {
                "female" : 0.00481155, 
                "male" : 0.02980392
            }, 
            "Absent Spouse" : {
                "female" : 0.02886929, 
                "male" : 0.02196078
            }, 
            "Widowed" : {
                "female" : 0.14274258, 
                "male" : 0.022745099999999997
            }, 
            "Divorced" : {
                "female" : 0.11226945, 
                "male" : 0.11372549
            }
        }, 
        "ancestry" : {
            "German" : 0.32201132, 
            "Unclassified" : 0.25141525000000003, 
            "Irish" : 0.15417915000000001, 
            "English" : 0.11521812000000001, 
            "Other" : 0.10489509999999999, 
            "American" : 0.06759907, 
            "Swedish" : 0.03962704, 
            "Dutch" : 0.03929404, 
            "French" : 0.027972030000000002, 
            "Norwegian" : 0.02297702, 
            "Scottish" : 0.02164502, 
            "Czech" : 0.02131202, 
            "Scotch-Irish" : 0.01798202, 
            "Polish" : 0.01631702, 
            "European" : 0.01565102, 
            "Pennsylvania German" : 0.010323009999999999, 
            "Italian" : 0.00899101, 
            "Danish" : 0.00865801, 
            "Czechoslovakian" : 0.007326009999999999, 
            "Scandinavian" : 0.006327009999999999, 
            "Mexican" : 0.77464789, 
            "Other Hispanic" : 0.01832, 
            "Spaniard" : 0.18309859, 
            "Central American" : 0.00433, 
            "Salvadoran" : 0.11267606000000001, 
            "Vietnamese" : 0.9375, 
            "Filipino" : 0.005
        }, 
        "employment_status" : {
            "Armed Forces" : 0.0, 
            "Employed" : 0.55582329, 
            "Unemployed" : 0.0124498, 
            "Other" : 0.43172691
        }, 
        "industries" : {
            "Healthcare" : 0.15317919, 
            "Agriculture" : 0.1466763, 
            "Education" : 0.11488439, 
            "Retail" : 0.08815028999999999, 
            "Construction" : 0.07731214, 
            "Manufacturing" : 0.07369942, 
            "Other Services" : 0.05708092, 
            "Finance & Insurance" : 0.05130058, 
            "Wholesalers" : 0.049855489999999995, 
            "Government" : 0.03901734, 
            "Information" : 0.03251445, 
            "Administrative" : 0.02528902, 
            "Hospitality" : 0.023843930000000003, 
            "Utilities" : 0.02095376, 
            "Professional" : 0.01950867, 
            "Transportation" : 0.017341040000000002, 
            "Real estate" : 0.008670520000000001, 
            "Entertainment" : 0.00072254, 
            "Oil & Gas, and Mining" : 0.0, 
            "Management" : 0.0
        }, 
        "educational_attainment" : {
            "Doctorate" : 0.01740295, 
            "Professional" : 0.0013386899999999998, 
            "Master's" : 0.02543507, 
            "Bachelor's" : 0.10887996, 
            "Associate's" : 0.10575636, 
            "Some College" : 0.25390450999999997, 
            "High School" : 0.43150379, 
            "Some H.S." : 0.04239179, 
            "Less than H.S." : 0.011155729999999999, 
            "None" : 0.00223115
        }
    }
}