{
    "name" : "Mitchell County", 
	"state" : "Kansas", 
	"FIPS" : "20123",
    "population" : 6299, 
    "demographics" : {
        "race_and_ethnicity" : {
            "White" : 0.9582473400000001, 
            "Hispanic" : 0.02032069, 
            "Black" : 0.00349262, 
            "Asian" : 0.00952532, 
            "Mixed" : 0.00555644, 
            "Other" : 0.0028576
        }, 
        "age_and_sex" : {
            "85+" : 0.049530000000000005, 
            "80-84" : 0.03175, 
            "75-79" : 0.036989999999999995, 
            "70-74" : 0.036989999999999995, 
            "67-69" : 0.04032, 
            "65-66" : 0.03032, 
            "62-64" : 0.042069999999999996, 
            "60-61" : 0.02572, 
            "55-59" : 0.07287, 
            "50-54" : 0.06906, 
            "45-49" : 0.05112, 
            "40-44" : 0.045720000000000004, 
            "35-39" : 0.04747, 
            "30-34" : 0.05509, 
            "25-29" : 0.0435, 
            "22-24" : 0.03635, 
            "21" : 0.018420000000000002, 
            "20" : 0.00873, 
            "18-19" : 0.034929999999999996, 
            "15-17" : 0.040170000000000004, 
            "10-14" : 0.044610000000000004, 
            "5-9" : 0.07223, 
            "0-4" : 0.06604
        }, 
        "household_types" : {
            "Married" : 0.5218034, 
            "Single Female" : 0.05432373, 
            "Single Male" : 0.04249815, 
            "One-Person" : 0.35254989000000003, 
            "Other Non-Family" : 0.028824830000000003
        }, 
        "marital_status" : {
            "Never Married" : {
                "female" : 0.15692554, 
                "male" : 0.29067573
            }, 
            "Now Married" : {
                "female" : 0.58526821, 
                "male" : 0.53038883
            }, 
            "Separated" : {
                "female" : 0.0040032, 
                "male" : 0.0011325
            }, 
            "Absent Spouse" : {
                "female" : 0.01761409, 
                "male" : 0.01359003
            }, 
            "Widowed" : {
                "female" : 0.14171337, 
                "male" : 0.04605512
            }, 
            "Divorced" : {
                "female" : 0.09447558, 
                "male" : 0.11815780000000001
            }
        }, 
        "ancestry" : {
            "German" : 0.45229401, 
            "Unclassified" : 0.19749167, 
            "Other" : 0.11795523, 
            "English" : 0.11398635, 
            "Irish" : 0.09255437000000001, 
            "French" : 0.05350056, 
            "American" : 0.05238927, 
            "Norwegian" : 0.027147169999999998, 
            "Scotch-Irish" : 0.020161929999999998, 
            "Swedish" : 0.020161929999999998, 
            "Scottish" : 0.01873313, 
            "French Canadian" : 0.01762184, 
            "Italian" : 0.01222416, 
            "Dutch" : 0.01047785, 
            "Polish" : 0.00984283, 
            "European" : 0.00841403, 
            "Welsh" : 0.00793777, 
            "Czech" : 0.006191459999999999, 
            "Danish" : 0.00571519, 
            "Russian" : 0.00571519, 
            "Mexican" : 0.8682170499999999, 
            "South American" : 0.01778, 
            "Peruvian" : 0.0620155, 
            "Puerto Rican" : 0.00127, 
            "Cuban" : 0.0620155, 
            "Central American" : 0.00127, 
            "Guatemalan" : 0.03100775, 
            "Burmese" : 0.85, 
            "Indian" : 0.008100000000000001, 
            "Filipino" : 0.1
        }, 
        "employment_status" : {
            "Armed Forces" : 0.0, 
            "Employed" : 0.59125812, 
            "Unemployed" : 0.01712936, 
            "Other" : 0.39161251999999996
        }, 
        "industries" : {
            "Healthcare" : 0.14485514, 
            "Retail" : 0.13886114, 
            "Agriculture" : 0.10189809999999999, 
            "Manufacturing" : 0.0982351, 
            "Education" : 0.0972361, 
            "Construction" : 0.08291708, 
            "Finance & Insurance" : 0.049950049999999996, 
            "Government" : 0.045621049999999996, 
            "Wholesalers" : 0.03729604, 
            "Other Services" : 0.03330003, 
            "Hospitality" : 0.03163503, 
            "Transportation" : 0.029970029999999998, 
            "Information" : 0.028305030000000002, 
            "Professional" : 0.026640030000000002, 
            "Utilities" : 0.01964702, 
            "Real estate" : 0.01332001, 
            "Entertainment" : 0.010989009999999999, 
            "Administrative" : 0.00932401, 
            "Oil & Gas, and Mining" : 0.0, 
            "Management" : 0.0
        }, 
        "educational_attainment" : {
            "Doctorate" : 0.0018717800000000002, 
            "Professional" : 0.01263453, 
            "Master's" : 0.06130089, 
            "Bachelor's" : 0.18132897, 
            "Associate's" : 0.09850257, 
            "Some College" : 0.28942443, 
            "High School" : 0.30907815, 
            "Some H.S." : 0.025737009999999998, 
            "Less than H.S." : 0.01941975, 
            "None" : 0.0007019200000000001
        }
    }
}