{
    "name" : "Woodson County", 
	"state" : "Kansas", 
	"FIPS" : "20207",
    "population" : 3186, 
    "demographics" : {
        "race_and_ethnicity" : {
            "White" : 0.9344005, 
            "Hispanic" : 0.02730697, 
            "Black" : 0.00627746, 
            "Asian" : 0.0025109900000000003, 
            "Mixed" : 0.0257376, 
            "Other" : 0.00376648
        }, 
        "age_and_sex" : {
            "85+" : 0.026680000000000002, 
            "80-84" : 0.03453, 
            "75-79" : 0.05085, 
            "70-74" : 0.049909999999999996, 
            "67-69" : 0.03735, 
            "65-66" : 0.02448, 
            "62-64" : 0.04677, 
            "60-61" : 0.03672, 
            "55-59" : 0.08442999999999999, 
            "50-54" : 0.07407, 
            "45-49" : 0.05995, 
            "40-44" : 0.054299999999999994, 
            "35-39" : 0.03923, 
            "30-34" : 0.06309000000000001, 
            "25-29" : 0.04928, 
            "22-24" : 0.021030000000000004, 
            "21" : 0.01381, 
            "20" : 0.00314, 
            "18-19" : 0.01726, 
            "15-17" : 0.038610000000000005, 
            "10-14" : 0.06559999999999999, 
            "5-9" : 0.05179, 
            "0-4" : 0.05712
        }, 
        "household_types" : {
            "Married" : 0.43786982, 
            "Single Female" : 0.08284024000000001, 
            "Single Male" : 0.05719921, 
            "One-Person" : 0.35239973999999996, 
            "Other Non-Family" : 0.06969099
        }, 
        "marital_status" : {
            "Never Married" : {
                "female" : 0.17448117, 
                "male" : 0.21670429
            }, 
            "Now Married" : {
                "female" : 0.47578786, 
                "male" : 0.5342362700000001
            }, 
            "Separated" : {
                "female" : 0.01076095, 
                "male" : 0.01354402
            }, 
            "Absent Spouse" : {
                "female" : 0.01844735, 
                "male" : 0.00601956
            }, 
            "Widowed" : {
                "female" : 0.17448117, 
                "male" : 0.05342363
            }, 
            "Divorced" : {
                "female" : 0.14604150999999999, 
                "male" : 0.17607223000000002
            }
        }, 
        "ancestry" : {
            "German" : 0.31826741999999997, 
            "Unclassified" : 0.25047081, 
            "Other" : 0.20464532, 
            "Irish" : 0.17137476, 
            "English" : 0.11016949000000001, 
            "American" : 0.06967985, 
            "Italian" : 0.022285, 
            "Scottish" : 0.022285, 
            "French" : 0.0175769, 
            "Dutch" : 0.01569366, 
            "Scotch-Irish" : 0.01412429, 
            "Swedish" : 0.013496550000000001, 
            "Czech" : 0.0094162, 
            "European" : 0.00910232, 
            "Polish" : 0.00784683, 
            "Norwegian" : 0.00721908, 
            "Swiss" : 0.0059635899999999995, 
            "Mexican" : 0.93103448, 
            "Other Hispanic" : 0.025419999999999998, 
            "Spaniard" : 0.057471259999999996, 
            "Puerto Rican" : 0.00157, 
            "Indian" : 1.0
        }, 
        "employment_status" : {
            "Armed Forces" : 0.0, 
            "Employed" : 0.58580794, 
            "Unemployed" : 0.03548014, 
            "Other" : 0.37871192
        }, 
        "industries" : {
            "Agriculture" : 0.13034891, 
            "Healthcare" : 0.12179065, 
            "Education" : 0.11125741, 
            "Manufacturing" : 0.10138249, 
            "Retail" : 0.06319947, 
            "Government" : 0.06122448999999999, 
            "Construction" : 0.06056616, 
            "Transportation" : 0.05529954, 
            "Other Services" : 0.05134957, 
            "Hospitality" : 0.050691240000000005, 
            "Oil & Gas, and Mining" : 0.03884134, 
            "Finance & Insurance" : 0.03620803, 
            "Wholesalers" : 0.0355497, 
            "Information" : 0.03159974, 
            "Administrative" : 0.02699144, 
            "Utilities" : 0.0164582, 
            "Entertainment" : 0.00394997, 
            "Professional" : 0.00329164, 
            "Real estate" : 0.0, 
            "Management" : 0.0
        }, 
        "educational_attainment" : {
            "Doctorate" : 0.0021449999999999998, 
            "Professional" : 0.003861, 
            "Master's" : 0.02831403, 
            "Bachelor's" : 0.10296010000000001, 
            "Associate's" : 0.1016731, 
            "Some College" : 0.27584728, 
            "High School" : 0.38309738000000004, 
            "Some H.S." : 0.08837408999999999, 
            "Less than H.S." : 0.00858001, 
            "None" : 0.00514801
        }
    }
}