{
    "name" : "Hall County", 
	"state" : "Nebraska", 
	"FIPS" : "31079",
    "population" : 61105, 
    "demographics" : {
        "race_and_ethnicity" : {
            "White" : 0.6888961600000001, 
            "Hispanic" : 0.25920956, 
            "Black" : 0.021716720000000002, 
            "Asian" : 0.01148842, 
            "Mixed" : 0.01127567, 
            "Other" : 0.00741347
        }, 
        "age_and_sex" : {
            "85+" : 0.02489, 
            "80-84" : 0.01907, 
            "75-79" : 0.02322, 
            "70-74" : 0.0298, 
            "67-69" : 0.027360000000000002, 
            "65-66" : 0.016739999999999998, 
            "62-64" : 0.02759, 
            "60-61" : 0.02553, 
            "55-59" : 0.06445000000000001, 
            "50-54" : 0.06541000000000001, 
            "45-49" : 0.05965, 
            "40-44" : 0.06145, 
            "35-39" : 0.064, 
            "30-34" : 0.06816, 
            "25-29" : 0.06273, 
            "22-24" : 0.040679999999999994, 
            "21" : 0.011049999999999999, 
            "20" : 0.01206, 
            "18-19" : 0.02496, 
            "15-17" : 0.04298, 
            "10-14" : 0.07382, 
            "5-9" : 0.07888, 
            "0-4" : 0.07551000000000001
        }, 
        "household_types" : {
            "Married" : 0.47931064999999995, 
            "Single Female" : 0.1373383, 
            "Single Male" : 0.05161262, 
            "One-Person" : 0.26754386, 
            "Other Non-Family" : 0.06419458
        }, 
        "marital_status" : {
            "Never Married" : {
                "female" : 0.24345804000000001, 
                "male" : 0.32482450999999996
            }, 
            "Now Married" : {
                "female" : 0.47241598, 
                "male" : 0.47628164
            }, 
            "Separated" : {
                "female" : 0.016106529999999997, 
                "male" : 0.01574133
            }, 
            "Absent Spouse" : {
                "female" : 0.02730924, 
                "male" : 0.051478409999999995
            }, 
            "Widowed" : {
                "female" : 0.11004016, 
                "male" : 0.02701553
            }, 
            "Divorced" : {
                "female" : 0.13067005, 
                "male" : 0.10465858
            }
        }, 
        "ancestry" : {
            "German" : 0.3319041, 
            "Other" : 0.3150806, 
            "Unclassified" : 0.15443908, 
            "Irish" : 0.11643891999999999, 
            "English" : 0.06639391, 
            "Polish" : 0.05043777000000001, 
            "Swedish" : 0.03736192, 
            "American" : 0.03698552, 
            "Czech" : 0.02503887, 
            "Danish" : 0.02122576, 
            "French" : 0.020014729999999998, 
            "Subsaharan African" : 0.01363227, 
            "Dutch" : 0.01346862, 
            "Italian" : 0.01147206, 
            "Norwegian" : 0.01147206, 
            "Scotch-Irish" : 0.00726618, 
            "Somali" : 0.00693888, 
            "European" : 0.006546110000000001, 
            "Scottish" : 0.00643155, 
            "Sudanese" : 0.00597332, 
            "Mexican" : 0.6385444100000001, 
            "Central American" : 0.16684000000000002, 
            "Guatemalan" : 0.23568834, 
            "Cuban" : 0.06158, 
            "Salvadoran" : 0.16704247, 
            "Other Hispanic" : 0.04365, 
            "Honduran" : 0.08217461999999999, 
            "South American" : 0.02147, 
            "Puerto Rican" : 0.04133784, 
            "Spaniard" : 0.0108, 
            "Laotian" : 0.32051282000000003, 
            "Chinese" : 0.00368, 
            "Vietnamese" : 0.26495726, 
            "Japanese" : 0.0030399999999999997, 
            "Indian" : 0.13675214, 
            "Thai" : 0.00157, 
            "Korean" : 0.08262108, 
            "Filipino" : 0.00095, 
            "Malaysian" : 0.07264957
        }, 
        "employment_status" : {
            "Armed Forces" : 0.0, 
            "Employed" : 0.6795666, 
            "Unemployed" : 0.03798752, 
            "Other" : 0.28244588
        }, 
        "industries" : {
            "Manufacturing" : 0.21006829, 
            "Retail" : 0.13336509, 
            "Healthcare" : 0.12567889, 
            "Hospitality" : 0.07209781999999999, 
            "Education" : 0.07197078, 
            "Construction" : 0.06723836999999999, 
            "Other Services" : 0.04643481000000001, 
            "Transportation" : 0.043544549999999994, 
            "Government" : 0.0372876, 
            "Finance & Insurance" : 0.035667779999999996, 
            "Wholesalers" : 0.03036367, 
            "Administrative" : 0.02941083, 
            "Agriculture" : 0.02928379, 
            "Professional" : 0.02725107, 
            "Real estate" : 0.010608230000000001, 
            "Entertainment" : 0.00990948, 
            "Information" : 0.00978244, 
            "Utilities" : 0.00736859, 
            "Management" : 0.0016833400000000002, 
            "Oil & Gas, and Mining" : 0.0009846
        }, 
        "educational_attainment" : {
            "Doctorate" : 0.0048324, 
            "Professional" : 0.01242617, 
            "Master's" : 0.04111375, 
            "Bachelor's" : 0.13139526, 
            "Associate's" : 0.09544629, 
            "Some College" : 0.23773363, 
            "High School" : 0.30899235999999997, 
            "Some H.S." : 0.09010253, 
            "Less than H.S." : 0.06317916, 
            "None" : 0.01477845
        }
    }
}