{
    "name" : "Grant County", 
	"state" : "Nebraska", 
	"FIPS" : "31075",
    "population" : 647, 
    "demographics" : {
        "race_and_ethnicity" : {
            "White" : 0.9690881, 
            "Hispanic" : 0.030911900000000003, 
            "Black" : 0.0, 
            "Asian" : 0.0, 
            "Mixed" : 0.0, 
            "Other" : 0.0
        }, 
        "age_and_sex" : {
            "85+" : 0.0541, 
            "80-84" : 0.03864, 
            "75-79" : 0.05255, 
            "70-74" : 0.06337, 
            "67-69" : 0.03709, 
            "65-66" : 0.02782, 
            "62-64" : 0.043280000000000006, 
            "60-61" : 0.029369999999999997, 
            "55-59" : 0.07728, 
            "50-54" : 0.10201, 
            "45-49" : 0.040190000000000003, 
            "40-44" : 0.02628, 
            "35-39" : 0.03864, 
            "30-34" : 0.029369999999999997, 
            "25-29" : 0.051, 
            "22-24" : 0.043280000000000006, 
            "21" : 0.01546, 
            "20" : 0.0, 
            "18-19" : 0.030910000000000003, 
            "15-17" : 0.03709, 
            "10-14" : 0.058730000000000004, 
            "5-9" : 0.040190000000000003, 
            "0-4" : 0.06337
        }, 
        "household_types" : {
            "Married" : 0.6323529400000001, 
            "Single Female" : 0.01470588, 
            "Single Male" : 0.01470588, 
            "One-Person" : 0.32720588, 
            "Other Non-Family" : 0.01102941
        }, 
        "marital_status" : {
            "Never Married" : {
                "female" : 0.22180451, 
                "male" : 0.23550725
            }, 
            "Now Married" : {
                "female" : 0.63533835, 
                "male" : 0.61231884
            }, 
            "Separated" : {
                "female" : 0.0037594, 
                "male" : 0.0
            }, 
            "Absent Spouse" : {
                "female" : 0.0, 
                "male" : 0.03985507
            }, 
            "Widowed" : {
                "female" : 0.07894737, 
                "male" : 0.02536232
            }, 
            "Divorced" : {
                "female" : 0.060150379999999996, 
                "male" : 0.08695652000000001
            }
        }, 
        "employment_status" : {
            "Armed Forces" : 0.0, 
            "Employed" : 0.61524164, 
            "Unemployed" : 0.03159851, 
            "Other" : 0.35315985
        }, 
        "industries" : {
            "Agriculture" : 0.34138973, 
            "Retail" : 0.15407855, 
            "Education" : 0.12084592000000001, 
            "Transportation" : 0.0694864, 
            "Construction" : 0.05438066, 
            "Healthcare" : 0.045317220000000005, 
            "Other Services" : 0.045317220000000005, 
            "Hospitality" : 0.03625378, 
            "Entertainment" : 0.02719033, 
            "Manufacturing" : 0.02416918, 
            "Professional" : 0.02416918, 
            "Information" : 0.02114804, 
            "Finance & Insurance" : 0.00906344, 
            "Government" : 0.00906344, 
            "Oil & Gas, and Mining" : 0.0060423000000000004, 
            "Utilities" : 0.0060423000000000004, 
            "Administrative" : 0.0060423000000000004, 
            "Wholesalers" : 0.0, 
            "Real estate" : 0.0, 
            "Management" : 0.0
        }, 
        "educational_attainment" : {
            "Doctorate" : 0.0, 
            "Professional" : 0.00217391, 
            "Master's" : 0.05, 
            "Bachelor's" : 0.1673913, 
            "Associate's" : 0.10217390999999999, 
            "Some College" : 0.24782609, 
            "High School" : 0.40434783, 
            "Some H.S." : 0.013043480000000001, 
            "Less than H.S." : 0.013043480000000001, 
            "None" : 0.0
        }
    }
}