{
    "name" : "Nemaha County", 
	"state" : "Nebraska", 
	"FIPS" : "31127",
    "population" : 7101, 
    "demographics" : {
        "race_and_ethnicity" : {
            "White" : 0.94395156, 
            "Hispanic" : 0.02492607, 
            "Black" : 0.01577243, 
            "Asian" : 0.00084495, 
            "Mixed" : 0.00675961, 
            "Other" : 0.00774539
        }, 
        "age_and_sex" : {
            "85+" : 0.03154, 
            "80-84" : 0.020139999999999998, 
            "75-79" : 0.03605, 
            "70-74" : 0.03746, 
            "67-69" : 0.02971, 
            "65-66" : 0.02633, 
            "62-64" : 0.04351, 
            "60-61" : 0.03295, 
            "55-59" : 0.06182000000000001, 
            "50-54" : 0.06661, 
            "45-49" : 0.05422, 
            "40-44" : 0.03971, 
            "35-39" : 0.04915, 
            "30-34" : 0.05647, 
            "25-29" : 0.06295, 
            "22-24" : 0.05126, 
            "21" : 0.025910000000000002, 
            "20" : 0.01718, 
            "18-19" : 0.04887, 
            "15-17" : 0.03394, 
            "10-14" : 0.07153999999999999, 
            "5-9" : 0.04801999999999999, 
            "0-4" : 0.05464
        }, 
        "household_types" : {
            "Married" : 0.51514097, 
            "Single Female" : 0.0974591, 
            "Single Male" : 0.03063, 
            "One-Person" : 0.2989906, 
            "Other Non-Family" : 0.057779319999999995
        }, 
        "marital_status" : {
            "Never Married" : {
                "female" : 0.27467379999999997, 
                "male" : 0.33947826
            }, 
            "Now Married" : {
                "female" : 0.5105386399999999, 
                "male" : 0.5057391299999999
            }, 
            "Separated" : {
                "female" : 0.02442288, 
                "male" : 0.02469565
            }, 
            "Absent Spouse" : {
                "female" : 0.010036799999999999, 
                "male" : 0.01913043
            }, 
            "Widowed" : {
                "female" : 0.11508866, 
                "male" : 0.02886957
            }, 
            "Divorced" : {
                "female" : 0.06523920999999999, 
                "male" : 0.08208696
            }
        }, 
        "ancestry" : {
            "German" : 0.4162794, 
            "Unclassified" : 0.23292494000000002, 
            "Irish" : 0.17180679000000001, 
            "English" : 0.10054922, 
            "Other" : 0.09576116000000001, 
            "American" : 0.050697080000000005, 
            "French" : 0.04689479999999999, 
            "Swedish" : 0.04140262, 
            "Polish" : 0.022954509999999997, 
            "Czech" : 0.02126461, 
            "Dutch" : 0.01957471, 
            "Danish" : 0.017462329999999998, 
            "Norwegian" : 0.0128151, 
            "European" : 0.011266020000000002, 
            "Swiss" : 0.00985777, 
            "Scotch-Irish" : 0.00746374, 
            "Scottish" : 0.00675961, 
            "Welsh" : 0.00591466, 
            "Mexican" : 0.9438202200000001, 
            "South American" : 0.02366, 
            "Ecuadorian" : 0.044943819999999995, 
            "Other Hispanic" : 0.00113, 
            "Spaniard" : 0.044943819999999995, 
            "Filipino" : 1.0
        }, 
        "employment_status" : {
            "Armed Forces" : 0.0006876400000000001, 
            "Employed" : 0.60942066, 
            "Unemployed" : 0.04246175, 
            "Other" : 0.34742995
        }, 
        "industries" : {
            "Healthcare" : 0.13145275, 
            "Education" : 0.12750353, 
            "Retail" : 0.11170662999999999, 
            "Utilities" : 0.09732017000000001, 
            "Manufacturing" : 0.08293371000000001, 
            "Agriculture" : 0.07983075, 
            "Other Services" : 0.06459803, 
            "Hospitality" : 0.05980254, 
            "Construction" : 0.05275035, 
            "Finance & Insurance" : 0.03779972, 
            "Information" : 0.03131171, 
            "Transportation" : 0.03074753, 
            "Government" : 0.03046544, 
            "Wholesalers" : 0.01974612, 
            "Administrative" : 0.01664316, 
            "Professional" : 0.0112835, 
            "Entertainment" : 0.00818054, 
            "Oil & Gas, and Mining" : 0.00310296, 
            "Real estate" : 0.0028208699999999996, 
            "Management" : 0.0
        }, 
        "educational_attainment" : {
            "Doctorate" : 0.00976987, 
            "Professional" : 0.00694746, 
            "Master's" : 0.0640469, 
            "Bachelor's" : 0.20733825, 
            "Associate's" : 0.09986974, 
            "Some College" : 0.22818063, 
            "High School" : 0.32761615, 
            "Some H.S." : 0.039079459999999996, 
            "Less than H.S." : 0.0134607, 
            "None" : 0.0036908400000000004
        }
    }
}