{
    "name" : "Saline County", 
	"state" : "Nebraska", 
	"FIPS" : "31151",
    "population" : 14356, 
    "demographics" : {
        "race_and_ethnicity" : {
            "White" : 0.7194204499999999, 
            "Hispanic" : 0.23321259000000003, 
            "Black" : 0.00794093, 
            "Asian" : 0.02988298, 
            "Mixed" : 0.00891613, 
            "Other" : 0.00062692
        }, 
        "age_and_sex" : {
            "85+" : 0.02661, 
            "80-84" : 0.019299999999999998, 
            "75-79" : 0.02689, 
            "70-74" : 0.016579999999999998, 
            "67-69" : 0.02793, 
            "65-66" : 0.02682, 
            "62-64" : 0.03741, 
            "60-61" : 0.02334, 
            "55-59" : 0.06165, 
            "50-54" : 0.06067, 
            "45-49" : 0.0558, 
            "40-44" : 0.06896, 
            "35-39" : 0.06443, 
            "30-34" : 0.05649, 
            "25-29" : 0.03859, 
            "22-24" : 0.04507, 
            "21" : 0.021110000000000004, 
            "20" : 0.03302, 
            "18-19" : 0.04974, 
            "15-17" : 0.0349, 
            "10-14" : 0.06931, 
            "5-9" : 0.06966, 
            "0-4" : 0.06576
        }, 
        "household_types" : {
            "Married" : 0.54190272, 
            "Single Female" : 0.08439147999999999, 
            "Single Male" : 0.057042390000000005, 
            "One-Person" : 0.25883962, 
            "Other Non-Family" : 0.05782379
        }, 
        "marital_status" : {
            "Never Married" : {
                "female" : 0.2509783, 
                "male" : 0.36962899
            }, 
            "Now Married" : {
                "female" : 0.47634294, 
                "male" : 0.49732528000000004
            }, 
            "Separated" : {
                "female" : 0.011205979999999999, 
                "male" : 0.00155306
            }, 
            "Absent Spouse" : {
                "female" : 0.03610815, 
                "male" : 0.03899914
            }, 
            "Widowed" : {
                "female" : 0.12451085, 
                "male" : 0.01760138
            }, 
            "Divorced" : {
                "female" : 0.10085379, 
                "male" : 0.07489214999999999
            }
        }, 
        "ancestry" : {
            "Unclassified" : 0.2997353, 
            "German" : 0.26623015, 
            "Other" : 0.21405684, 
            "Czech" : 0.1586793, 
            "Irish" : 0.08567846, 
            "English" : 0.04200334, 
            "American" : 0.027653940000000002, 
            "Swedish" : 0.01943438, 
            "Scottish" : 0.00961271, 
            "Czechoslovakian" : 0.009543049999999999, 
            "Polish" : 0.00933408, 
            "Italian" : 0.00877682, 
            "Danish" : 0.00856785, 
            "Scotch-Irish" : 0.00828922, 
            "Dutch" : 0.00759264, 
            "Norwegian" : 0.00738367, 
            "French" : 0.007174700000000001, 
            "European" : 0.0055029300000000005, 
            "Austrian" : 0.0052939499999999995, 
            "Mexican" : 0.5331541200000001, 
            "Central American" : 0.12433999999999999, 
            "Guatemalan" : 0.45519713, 
            "Honduran" : 0.10615999999999999, 
            "Salvadoran" : 0.3781362, 
            "Other Central American" : 0.08819, 
            "Other Hispanic" : 0.03733572, 
            "Vietnamese" : 0.49650350000000004, 
            "Laotian" : 0.014839999999999999, 
            "Indian" : 0.46153846000000004
        }, 
        "employment_status" : {
            "Armed Forces" : 0.0, 
            "Employed" : 0.62373243, 
            "Unemployed" : 0.02170432, 
            "Other" : 0.35456324
        }, 
        "industries" : {
            "Manufacturing" : 0.2589846, 
            "Healthcare" : 0.12678266000000002, 
            "Education" : 0.11565887, 
            "Retail" : 0.09155732999999999, 
            "Agriculture" : 0.07472904, 
            "Transportation" : 0.0618939, 
            "Other Services" : 0.04535083, 
            "Construction" : 0.04449515, 
            "Hospitality" : 0.04292641, 
            "Government" : 0.02809469, 
            "Finance & Insurance" : 0.024671989999999998, 
            "Administrative" : 0.01996577, 
            "Professional" : 0.01754136, 
            "Wholesalers" : 0.01511694, 
            "Utilities" : 0.00998289, 
            "Real estate" : 0.008271530000000001, 
            "Entertainment" : 0.00812892, 
            "Information" : 0.00584712, 
            "Oil & Gas, and Mining" : 0.0, 
            "Management" : 0.0
        }, 
        "educational_attainment" : {
            "Doctorate" : 0.0041011599999999995, 
            "Professional" : 0.0112782, 
            "Master's" : 0.04044201, 
            "Bachelor's" : 0.0898838, 
            "Associate's" : 0.13864205999999998, 
            "Some College" : 0.21155161, 
            "High School" : 0.3401686, 
            "Some H.S." : 0.04636591, 
            "Less than H.S." : 0.09398495999999999, 
            "None" : 0.02358168
        }
    }
}