{
    "name" : "Custer County", 
	"state" : "Nebraska", 
	"FIPS" : "31041",
    "population" : 10784, 
    "demographics" : {
        "race_and_ethnicity" : {
            "White" : 0.95326409, 
            "Hispanic" : 0.02642804, 
            "Black" : 0.006120179999999999, 
            "Asian" : 0.00843843, 
            "Mixed" : 0.00454377, 
            "Other" : 0.00120549
        }, 
        "age_and_sex" : {
            "85+" : 0.03292, 
            "80-84" : 0.03403, 
            "75-79" : 0.03737, 
            "70-74" : 0.050910000000000004, 
            "67-69" : 0.02661, 
            "65-66" : 0.0281, 
            "62-64" : 0.04776, 
            "60-61" : 0.02383, 
            "55-59" : 0.07298, 
            "50-54" : 0.07576, 
            "45-49" : 0.05759, 
            "40-44" : 0.044969999999999996, 
            "35-39" : 0.06602000000000001, 
            "30-34" : 0.05165, 
            "25-29" : 0.046740000000000004, 
            "22-24" : 0.0268, 
            "21" : 0.01048, 
            "20" : 0.01113, 
            "18-19" : 0.02059, 
            "15-17" : 0.040519999999999994, 
            "10-14" : 0.08021, 
            "5-9" : 0.05425, 
            "0-4" : 0.058789999999999995
        }, 
        "household_types" : {
            "Married" : 0.54068187, 
            "Single Female" : 0.07655302, 
            "Single Male" : 0.03639406, 
            "One-Person" : 0.31060448, 
            "Other Non-Family" : 0.03576658
        }, 
        "marital_status" : {
            "Never Married" : {
                "female" : 0.15807404, 
                "male" : 0.25063998000000004
            }, 
            "Now Married" : {
                "female" : 0.57824211, 
                "male" : 0.60134978
            }, 
            "Separated" : {
                "female" : 0.01885078, 
                "male" : 0.01791948
            }, 
            "Absent Spouse" : {
                "female" : 0.01453554, 
                "male" : 0.01442867
            }, 
            "Widowed" : {
                "female" : 0.12355212, 
                "male" : 0.02978822
            }, 
            "Divorced" : {
                "female" : 0.1067454, 
                "male" : 0.08587386999999999
            }
        }, 
        "ancestry" : {
            "German" : 0.38714762999999996, 
            "Irish" : 0.17971067999999998, 
            "Unclassified" : 0.14289688, 
            "English" : 0.12796736, 
            "Other" : 0.12333086, 
            "Swedish" : 0.054988869999999995, 
            "American" : 0.0504451, 
            "Polish" : 0.034866470000000004, 
            "Czech" : 0.031064539999999998, 
            "Dutch" : 0.02772626, 
            "Danish" : 0.02540801, 
            "French" : 0.022904300000000002, 
            "Scotch-Irish" : 0.01947329, 
            "Scottish" : 0.01891691, 
            "Italian" : 0.01873145, 
            "Norwegian" : 0.01233309, 
            "Russian" : 0.007325669999999999, 
            "Welsh" : 0.00676929, 
            "Swiss" : 0.00593472, 
            "Cajun" : 0.00528561, 
            "Mexican" : 0.93333333, 
            "Central American" : 0.02467, 
            "Salvadoran" : 0.056140350000000006, 
            "Cuban" : 0.00148, 
            "Indian" : 0.57142857, 
            "Korean" : 0.00482, 
            "Chinese" : 0.25274725, 
            "Vietnamese" : 0.00213, 
            "Burmese" : 0.08791209
        }, 
        "employment_status" : {
            "Armed Forces" : 0.00011614, 
            "Employed" : 0.6537746799999999, 
            "Unemployed" : 0.015098720000000001, 
            "Other" : 0.33101045
        }, 
        "industries" : {
            "Agriculture" : 0.16503820000000002, 
            "Healthcare" : 0.15278025, 
            "Retail" : 0.13110677, 
            "Manufacturing" : 0.09664239000000001, 
            "Education" : 0.08651626, 
            "Construction" : 0.06200036, 
            "Hospitality" : 0.06040149, 
            "Other Services" : 0.05365074, 
            "Transportation" : 0.03179961, 
            "Wholesalers" : 0.02824658, 
            "Finance & Insurance" : 0.02753597, 
            "Government" : 0.027003020000000003, 
            "Professional" : 0.021495829999999997, 
            "Administrative" : 0.01936401, 
            "Information" : 0.01474507, 
            "Utilities" : 0.00834962, 
            "Entertainment" : 0.007994320000000001, 
            "Oil & Gas, and Mining" : 0.00302007, 
            "Real estate" : 0.00230947, 
            "Management" : 0.0
        }, 
        "educational_attainment" : {
            "Doctorate" : 0.0148956, 
            "Professional" : 0.00638383, 
            "Master's" : 0.04867669, 
            "Bachelor's" : 0.1444341, 
            "Associate's" : 0.10932304999999999, 
            "Some College" : 0.27370660999999996, 
            "High School" : 0.3258412, 
            "Some H.S." : 0.04787871, 
            "Less than H.S." : 0.02287538, 
            "None" : 0.00598484
        }
    }
}