{
    "name" : "Keith County", 
	"state" : "Nebraska", 
	"FIPS" : "31101",
    "population" : 8103, 
    "demographics" : {
        "race_and_ethnicity" : {
            "White" : 0.9105269699999999, 
            "Hispanic" : 0.06368012, 
            "Black" : 0.00518327, 
            "Asian" : 0.006293969999999999, 
            "Mixed" : 0.0065407899999999995, 
            "Other" : 0.0077749
        }, 
        "age_and_sex" : {
            "85+" : 0.02197, 
            "80-84" : 0.028380000000000002, 
            "75-79" : 0.05257, 
            "70-74" : 0.06306, 
            "67-69" : 0.04739, 
            "65-66" : 0.02505, 
            "62-64" : 0.040229999999999995, 
            "60-61" : 0.033690000000000005, 
            "55-59" : 0.08059, 
            "50-54" : 0.08441000000000001, 
            "45-49" : 0.058499999999999996, 
            "40-44" : 0.05887, 
            "35-39" : 0.04035999999999999, 
            "30-34" : 0.05048, 
            "25-29" : 0.045419999999999995, 
            "22-24" : 0.03826, 
            "21" : 0.00506, 
            "20" : 0.01135, 
            "18-19" : 0.00716, 
            "15-17" : 0.03665, 
            "10-14" : 0.06356, 
            "5-9" : 0.06097, 
            "0-4" : 0.046029999999999995
        }, 
        "household_types" : {
            "Married" : 0.52801834, 
            "Single Female" : 0.05934794, 
            "Single Male" : 0.03464086, 
            "One-Person" : 0.34029547, 
            "Other Non-Family" : 0.0376974
        }, 
        "marital_status" : {
            "Never Married" : {
                "female" : 0.14230078000000002, 
                "male" : 0.21814957
            }, 
            "Now Married" : {
                "female" : 0.60754943, 
                "male" : 0.61809045
            }, 
            "Separated" : {
                "female" : 0.0077891, 
                "male" : 0.013892990000000001
            }, 
            "Absent Spouse" : {
                "female" : 0.008088680000000001, 
                "male" : 0.00325155
            }, 
            "Widowed" : {
                "female" : 0.08687837, 
                "male" : 0.045817319999999995
            }, 
            "Divorced" : {
                "female" : 0.14739365, 
                "male" : 0.10079811
            }
        }, 
        "ancestry" : {
            "German" : 0.36949278, 
            "Unclassified" : 0.20424534000000003, 
            "Other" : 0.13673948, 
            "Irish" : 0.12291743999999999, 
            "English" : 0.09922250999999999, 
            "American" : 0.0578798, 
            "Swedish" : 0.04652598, 
            "Polish" : 0.03998519, 
            "Dutch" : 0.03665309, 
            "Danish" : 0.02394175, 
            "Italian" : 0.02258423, 
            "French" : 0.02060965, 
            "Czech" : 0.01863507, 
            "Scottish" : 0.01764778, 
            "Norwegian" : 0.015426390000000002, 
            "European" : 0.00900901, 
            "Scotch-Irish" : 0.0077749, 
            "Welsh" : 0.0066642, 
            "French Canadian" : 0.00518327, 
            "Mexican" : 0.87403101, 
            "Other Hispanic" : 0.05566, 
            "Central American" : 0.07558139999999999, 
            "Costa Rican" : 0.00481, 
            "Guatemalan" : 0.0503876, 
            "Spaniard" : 0.00321, 
            "Indian" : 0.49019608, 
            "Korean" : 0.00309, 
            "Filipino" : 0.39215686
        }, 
        "employment_status" : {
            "Armed Forces" : 0.0, 
            "Employed" : 0.60358866, 
            "Unemployed" : 0.02487937, 
            "Other" : 0.37153197
        }, 
        "industries" : {
            "Retail" : 0.14089432999999998, 
            "Healthcare" : 0.10766925000000001, 
            "Agriculture" : 0.09867599, 
            "Hospitality" : 0.08993255, 
            "Manufacturing" : 0.07919061, 
            "Construction" : 0.0652011, 
            "Other Services" : 0.061703720000000004, 
            "Transportation" : 0.059705219999999996, 
            "Education" : 0.05870597, 
            "Professional" : 0.05271047, 
            "Government" : 0.03472396, 
            "Entertainment" : 0.03022733, 
            "Wholesalers" : 0.029477890000000003, 
            "Finance & Insurance" : 0.02672995, 
            "Administrative" : 0.01823632, 
            "Information" : 0.01623782, 
            "Utilities" : 0.011241570000000001, 
            "Real estate" : 0.00999251, 
            "Oil & Gas, and Mining" : 0.00874344, 
            "Management" : 0.0
        }, 
        "educational_attainment" : {
            "Doctorate" : 0.01148067, 
            "Professional" : 0.01181834, 
            "Master's" : 0.037649840000000004, 
            "Bachelor's" : 0.15549553, 
            "Associate's" : 0.12611852, 
            "Some College" : 0.23163937, 
            "High School" : 0.34357589, 
            "Some H.S." : 0.05706568, 
            "Less than H.S." : 0.01553267, 
            "None" : 0.0096235
        }
    }
}