{
    "name" : "Knox County", 
	"state" : "Nebraska", 
	"FIPS" : "31107",
    "population" : 8551, 
    "demographics" : {
        "race_and_ethnicity" : {
            "White" : 0.86527891, 
            "Hispanic" : 0.025961880000000003, 
            "Black" : 0.00187113, 
            "Asian" : 0.00537949, 
            "Mixed" : 0.01146065, 
            "Other" : 0.09004795
        }, 
        "age_and_sex" : {
            "85+" : 0.04748, 
            "80-84" : 0.0352, 
            "75-79" : 0.04292, 
            "70-74" : 0.04865, 
            "67-69" : 0.03321, 
            "65-66" : 0.02947, 
            "62-64" : 0.03204, 
            "60-61" : 0.040229999999999995, 
            "55-59" : 0.07976, 
            "50-54" : 0.07695, 
            "45-49" : 0.055549999999999995, 
            "40-44" : 0.04257, 
            "35-39" : 0.04806, 
            "30-34" : 0.04456, 
            "25-29" : 0.0359, 
            "22-24" : 0.03017, 
            "21" : 0.0072499999999999995, 
            "20" : 0.006670000000000001, 
            "18-19" : 0.01906, 
            "15-17" : 0.04491, 
            "10-14" : 0.07672, 
            "5-9" : 0.05882, 
            "0-4" : 0.06385
        }, 
        "household_types" : {
            "Married" : 0.56880482, 
            "Single Female" : 0.06003289, 
            "Single Male" : 0.02412281, 
            "One-Person" : 0.30948465, 
            "Other Non-Family" : 0.03755482
        }, 
        "marital_status" : {
            "Never Married" : {
                "female" : 0.17803138000000002, 
                "male" : 0.24573481
            }, 
            "Now Married" : {
                "female" : 0.58773181, 
                "male" : 0.62705777
            }, 
            "Separated" : {
                "female" : 0.00627675, 
                "male" : 0.0032924300000000003
            }, 
            "Absent Spouse" : {
                "female" : 0.01540656, 
                "male" : 0.01107453
            }, 
            "Widowed" : {
                "female" : 0.1446505, 
                "male" : 0.031128399999999997
            }, 
            "Divorced" : {
                "female" : 0.067903, 
                "male" : 0.08171206
            }
        }, 
        "ancestry" : {
            "German" : 0.48731143000000005, 
            "Other" : 0.15121038, 
            "Unclassified" : 0.12700269, 
            "Czech" : 0.10665419, 
            "Irish" : 0.10490000999999999, 
            "Swedish" : 0.07028418, 
            "English" : 0.050988189999999996, 
            "American" : 0.03765641, 
            "Norwegian" : 0.03192609, 
            "Danish" : 0.030405799999999997, 
            "French" : 0.01859432, 
            "Dutch" : 0.01555374, 
            "Polish" : 0.014384280000000001, 
            "Scottish" : 0.007952289999999999, 
            "Scotch-Irish" : 0.00584727, 
            "Mexican" : 0.9009009, 
            "Central American" : 0.02339, 
            "Guatemalan" : 0.06306306, 
            "Other Hispanic" : 0.00164, 
            "Honduran" : 0.03603604, 
            "Spanish" : 0.00094, 
            "Spaniard" : 0.03603604, 
            "Indian" : 0.47826087, 
            "Korean" : 0.0025700000000000002, 
            "Chinese" : 0.2826087, 
            "Burmese" : 0.0015199999999999999, 
            "Filipino" : 0.15217391
        }, 
        "employment_status" : {
            "Armed Forces" : 0.00044274, 
            "Employed" : 0.62795159, 
            "Unemployed" : 0.0196281, 
            "Other" : 0.35197757
        }, 
        "industries" : {
            "Healthcare" : 0.15793184, 
            "Agriculture" : 0.15722679, 
            "Retail" : 0.11633373000000001, 
            "Education" : 0.09377202999999999, 
            "Manufacturing" : 0.07215041, 
            "Construction" : 0.06698002, 
            "Government" : 0.0493537, 
            "Other Services" : 0.04300823, 
            "Finance & Insurance" : 0.03666275, 
            "Hospitality" : 0.03666275, 
            "Transportation" : 0.03572268, 
            "Entertainment" : 0.03125734, 
            "Utilities" : 0.022326670000000003, 
            "Wholesalers" : 0.0213866, 
            "Administrative" : 0.01903643, 
            "Information" : 0.015746180000000002, 
            "Professional" : 0.01292597, 
            "Real estate" : 0.00775558, 
            "Oil & Gas, and Mining" : 0.0037602799999999995, 
            "Management" : 0.0
        }, 
        "educational_attainment" : {
            "Doctorate" : 0.00422155, 
            "Professional" : 0.00844309, 
            "Master's" : 0.04170888, 
            "Bachelor's" : 0.14741641, 
            "Associate's" : 0.1209051, 
            "Some College" : 0.23302938, 
            "High School" : 0.36018237, 
            "Some H.S." : 0.04289092, 
            "Less than H.S." : 0.03512327, 
            "None" : 0.00607903
        }
    }
}