{
    "name" : "Logan County", 
	"state" : "Nebraska", 
	"FIPS" : "31113",
    "population" : 830, 
    "demographics" : {
        "race_and_ethnicity" : {
            "White" : 0.96626506, 
            "Hispanic" : 0.01927711, 
            "Black" : 0.0024096400000000002, 
            "Asian" : 0.0, 
            "Mixed" : 0.009638550000000001, 
            "Other" : 0.0024096400000000002
        }, 
        "age_and_sex" : {
            "85+" : 0.03133, 
            "80-84" : 0.028919999999999998, 
            "75-79" : 0.02289, 
            "70-74" : 0.03373, 
            "67-69" : 0.03373, 
            "65-66" : 0.04578, 
            "62-64" : 0.02771, 
            "60-61" : 0.01807, 
            "55-59" : 0.08434, 
            "50-54" : 0.09157, 
            "45-49" : 0.05663, 
            "40-44" : 0.05301, 
            "35-39" : 0.05301, 
            "30-34" : 0.03373, 
            "25-29" : 0.04699, 
            "22-24" : 0.03373, 
            "21" : 0.01325, 
            "20" : 0.01084, 
            "18-19" : 0.01566, 
            "15-17" : 0.03735, 
            "10-14" : 0.08554, 
            "5-9" : 0.07229000000000001, 
            "0-4" : 0.06988
        }, 
        "household_types" : {
            "Married" : 0.59943182, 
            "Single Female" : 0.03409091, 
            "Single Male" : 0.019886360000000002, 
            "One-Person" : 0.29829545, 
            "Other Non-Family" : 0.048295450000000004
        }, 
        "marital_status" : {
            "Never Married" : {
                "female" : 0.15644172, 
                "male" : 0.22857143000000002
            }, 
            "Now Married" : {
                "female" : 0.63190184, 
                "male" : 0.67619048
            }, 
            "Separated" : {
                "female" : 0.01226994, 
                "male" : 0.01587302
            }, 
            "Absent Spouse" : {
                "female" : 0.00920245, 
                "male" : 0.01904762
            }, 
            "Widowed" : {
                "female" : 0.10429448000000001, 
                "male" : 0.01269841
            }, 
            "Divorced" : {
                "female" : 0.08588957000000001, 
                "male" : 0.047619049999999996
            }
        }, 
        "employment_status" : {
            "Armed Forces" : 0.0, 
            "Employed" : 0.6793049000000001, 
            "Unemployed" : 0.00631912, 
            "Other" : 0.31437599
        }, 
        "industries" : {
            "Agriculture" : 0.24186047, 
            "Retail" : 0.15116279, 
            "Transportation" : 0.1255814, 
            "Education" : 0.07674419, 
            "Healthcare" : 0.07209302000000001, 
            "Construction" : 0.055813949999999994, 
            "Other Services" : 0.05348836999999999, 
            "Government" : 0.05116278999999999, 
            "Wholesalers" : 0.041860470000000004, 
            "Hospitality" : 0.03023256, 
            "Utilities" : 0.027906979999999998, 
            "Professional" : 0.02093023, 
            "Manufacturing" : 0.01627907, 
            "Finance & Insurance" : 0.011627909999999998, 
            "Information" : 0.00930233, 
            "Administrative" : 0.00697674, 
            "Entertainment" : 0.00465116, 
            "Oil & Gas, and Mining" : 0.00232558, 
            "Real estate" : 0.0, 
            "Management" : 0.0
        }, 
        "educational_attainment" : {
            "Doctorate" : 0.0, 
            "Professional" : 0.00728597, 
            "Master's" : 0.01639344, 
            "Bachelor's" : 0.18397086, 
            "Associate's" : 0.11657558999999999, 
            "Some College" : 0.29326047, 
            "High School" : 0.28779599, 
            "Some H.S." : 0.06921676, 
            "Less than H.S." : 0.020036429999999997, 
            "None" : 0.005464480000000001
        }
    }
}