{
    "name" : "York County", 
	"state" : "Nebraska", 
	"FIPS" : "31185",
    "population" : 13842, 
    "demographics" : {
        "race_and_ethnicity" : {
            "White" : 0.91619708, 
            "Hispanic" : 0.046814039999999994, 
            "Black" : 0.008091319999999999, 
            "Asian" : 0.0018061, 
            "Mixed" : 0.022178879999999998, 
            "Other" : 0.00491258
        }, 
        "age_and_sex" : {
            "85+" : 0.032, 
            "80-84" : 0.02037, 
            "75-79" : 0.04327, 
            "70-74" : 0.03345, 
            "67-69" : 0.03706, 
            "65-66" : 0.022250000000000002, 
            "62-64" : 0.034460000000000005, 
            "60-61" : 0.02904, 
            "55-59" : 0.07239, 
            "50-54" : 0.07268, 
            "45-49" : 0.05418, 
            "40-44" : 0.04992, 
            "35-39" : 0.05592, 
            "30-34" : 0.060110000000000004, 
            "25-29" : 0.060759999999999995, 
            "22-24" : 0.03713, 
            "21" : 0.012350000000000002, 
            "20" : 0.01698, 
            "18-19" : 0.02774, 
            "15-17" : 0.04038, 
            "10-14" : 0.06329, 
            "5-9" : 0.06148, 
            "0-4" : 0.06278
        }, 
        "household_types" : {
            "Married" : 0.55679012, 
            "Single Female" : 0.08271604999999999, 
            "Single Male" : 0.03880071, 
            "One-Person" : 0.28977072, 
            "Other Non-Family" : 0.0319224
        }, 
        "marital_status" : {
            "Never Married" : {
                "female" : 0.22291128000000002, 
                "male" : 0.26961956
            }, 
            "Now Married" : {
                "female" : 0.5357450500000001, 
                "male" : 0.59070024
            }, 
            "Separated" : {
                "female" : 0.012747630000000001, 
                "male" : 0.01507076
            }, 
            "Absent Spouse" : {
                "female" : 0.02446167, 
                "male" : 0.01598971
            }, 
            "Widowed" : {
                "female" : 0.10628768000000001, 
                "male" : 0.03455247
            }, 
            "Divorced" : {
                "female" : 0.09784668, 
                "male" : 0.07406727
            }
        }, 
        "ancestry" : {
            "German" : 0.48909117, 
            "Unclassified" : 0.16421037, 
            "Other" : 0.12180321, 
            "Irish" : 0.11992487, 
            "English" : 0.07527814000000001, 
            "Swedish" : 0.052304579999999996, 
            "American" : 0.04536917, 
            "Czech" : 0.03619419, 
            "French" : 0.028030629999999997, 
            "Dutch" : 0.021673170000000002, 
            "Danish" : 0.019072389999999998, 
            "Italian" : 0.01791649, 
            "Polish" : 0.01668834, 
            "Norwegian" : 0.01437654, 
            "Scottish" : 0.0106921, 
            "European" : 0.00780234, 
            "Russian" : 0.00679093, 
            "Scotch-Irish" : 0.00657419, 
            "French Canadian" : 0.005635019999999999, 
            "Mexican" : 0.85030864, 
            "Other Hispanic" : 0.03981, 
            "South American" : 0.08950617, 
            "Venezuelan" : 0.00419, 
            "Spaniard" : 0.035493830000000004, 
            "Puerto Rican" : 0.00166, 
            "Central American" : 0.035493830000000004, 
            "Spanish" : 0.00166, 
            "Guatemalan" : 0.03395062, 
            "Chinese" : 0.6, 
            "Filipino" : 0.00108, 
            "Korean" : 0.32
        }, 
        "employment_status" : {
            "Armed Forces" : 0.0, 
            "Employed" : 0.64996852, 
            "Unemployed" : 0.0094433, 
            "Other" : 0.34058818
        }, 
        "industries" : {
            "Healthcare" : 0.14528850000000001, 
            "Education" : 0.11650753999999999, 
            "Manufacturing" : 0.0996264, 
            "Agriculture" : 0.09243116000000001, 
            "Retail" : 0.08039297, 
            "Hospitality" : 0.06835478, 
            "Construction" : 0.05866888000000001, 
            "Other Services" : 0.05562474, 
            "Administrative" : 0.044831880000000005, 
            "Professional" : 0.04095752, 
            "Finance & Insurance" : 0.04068078, 
            "Wholesalers" : 0.03265532, 
            "Transportation" : 0.03016466, 
            "Government" : 0.0290577, 
            "Information" : 0.02130898, 
            "Utilities" : 0.02089387, 
            "Entertainment" : 0.01439048, 
            "Real estate" : 0.00816383, 
            "Oil & Gas, and Mining" : 0.0, 
            "Management" : 0.0
        }, 
        "educational_attainment" : {
            "Doctorate" : 0.01065757, 
            "Professional" : 0.01385484, 
            "Master's" : 0.05744431, 
            "Bachelor's" : 0.20153469000000002, 
            "Associate's" : 0.11659383999999999, 
            "Some College" : 0.24341895000000002, 
            "High School" : 0.29905148, 
            "Some H.S." : 0.0403922, 
            "Less than H.S." : 0.015453479999999999, 
            "None" : 0.0015986400000000001
        }
    }
}