{
    "name" : "Candler County", 
	"state" : "Georgia", 
	"FIPS" : "13043",
    "population" : 10962, 
    "demographics" : {
        "race_and_ethnicity" : {
            "White" : 0.62744025, 
            "Hispanic" : 0.09432584999999999, 
            "Black" : 0.24001095, 
            "Asian" : 0.02344463, 
            "Mixed" : 0.00875753, 
            "Other" : 0.0060208
        }, 
        "age_and_sex" : {
            "85+" : 0.01788, 
            "80-84" : 0.01752, 
            "75-79" : 0.02573, 
            "70-74" : 0.04871, 
            "67-69" : 0.031200000000000002, 
            "65-66" : 0.023629999999999998, 
            "62-64" : 0.02992, 
            "60-61" : 0.02573, 
            "55-59" : 0.07397999999999999, 
            "50-54" : 0.06304, 
            "45-49" : 0.05163, 
            "40-44" : 0.06459, 
            "35-39" : 0.06631999999999999, 
            "30-34" : 0.06139, 
            "25-29" : 0.05902, 
            "22-24" : 0.0385, 
            "21" : 0.01195, 
            "20" : 0.010129999999999998, 
            "18-19" : 0.02718, 
            "15-17" : 0.04224, 
            "10-14" : 0.06358, 
            "5-9" : 0.09022000000000001, 
            "0-4" : 0.05592
        }, 
        "household_types" : {
            "Married" : 0.46944858000000006, 
            "Single Female" : 0.17784401, 
            "Single Male" : 0.08147043999999999, 
            "One-Person" : 0.21833085, 
            "Other Non-Family" : 0.05290611
        }, 
        "marital_status" : {
            "Never Married" : {
                "female" : 0.21460573, 
                "male" : 0.30364372
            }, 
            "Now Married" : {
                "female" : 0.44668459, 
                "male" : 0.44963085999999997
            }, 
            "Separated" : {
                "female" : 0.03629032, 
                "male" : 0.05144082
            }, 
            "Absent Spouse" : {
                "female" : 0.03808244, 
                "male" : 0.02976899
            }, 
            "Widowed" : {
                "female" : 0.10730287000000001, 
                "male" : 0.05477495
            }, 
            "Divorced" : {
                "female" : 0.15703405, 
                "male" : 0.11074065
            }
        }, 
        "ancestry" : {
            "Other" : 0.40384966, 
            "Unclassified" : 0.32548805000000003, 
            "American" : 0.10153257, 
            "Irish" : 0.08638935, 
            "English" : 0.07799672, 
            "German" : 0.056741469999999995, 
            "Scottish" : 0.01833607, 
            "Italian" : 0.013501190000000001, 
            "French" : 0.01258894, 
            "Swedish" : 0.008210180000000001, 
            "Dutch" : 0.006841819999999999, 
            "Scotch-Irish" : 0.0054734499999999995, 
            "Mexican" : 0.8193069300000001, 
            "Other Hispanic" : 0.09058999999999999, 
            "Puerto Rican" : 0.07260726, 
            "Cuban" : 0.00803, 
            "Filipino" : 0.6731517499999999, 
            "Indian" : 0.015780000000000002, 
            "Chinese" : 0.26459144, 
            "Korean" : 0.0062, 
            "Vietnamese" : 0.0233463
        }, 
        "employment_status" : {
            "Armed Forces" : 0.00047131, 
            "Employed" : 0.50653941, 
            "Unemployed" : 0.03864734, 
            "Other" : 0.45434193
        }, 
        "industries" : {
            "Retail" : 0.15305885, 
            "Hospitality" : 0.10816469, 
            "Construction" : 0.10514073, 
            "Education" : 0.09188183, 
            "Manufacturing" : 0.08350779, 
            "Healthcare" : 0.06722494, 
            "Agriculture" : 0.05931612, 
            "Government" : 0.05792045, 
            "Transportation" : 0.05629216000000001, 
            "Professional" : 0.05373343, 
            "Other Services" : 0.03954408, 
            "Administrative" : 0.03372877, 
            "Finance & Insurance" : 0.03163526, 
            "Real estate" : 0.01605024, 
            "Wholesalers" : 0.015119800000000001, 
            "Entertainment" : 0.01209584, 
            "Utilities" : 0.00814143, 
            "Information" : 0.00744359, 
            "Oil & Gas, and Mining" : 0.0, 
            "Management" : 0.0
        }, 
        "educational_attainment" : {
            "Doctorate" : 0.011329100000000002, 
            "Professional" : 0.01505941, 
            "Master's" : 0.02321083, 
            "Bachelor's" : 0.09270517, 
            "Associate's" : 0.07322465, 
            "Some College" : 0.17794971, 
            "High School" : 0.35907709, 
            "Some H.S." : 0.17173252000000003, 
            "Less than H.S." : 0.057474439999999995, 
            "None" : 0.018237080000000003
        }
    }
}