{
    "name" : "Lincoln County", 
	"state" : "Georgia", 
	"FIPS" : "13181",
    "population" : 7712, 
    "demographics" : {
        "race_and_ethnicity" : {
            "White" : 0.6530083000000001, 
            "Hispanic" : 0.014133819999999998, 
            "Black" : 0.32378112000000003, 
            "Asian" : 0.00246369, 
            "Mixed" : 0.006353729999999999, 
            "Other" : 0.00025934
        }, 
        "age_and_sex" : {
            "85+" : 0.01712, 
            "80-84" : 0.01854, 
            "75-79" : 0.040069999999999995, 
            "70-74" : 0.04694, 
            "67-69" : 0.04511999999999999, 
            "65-66" : 0.03734, 
            "62-64" : 0.052770000000000004, 
            "60-61" : 0.03307, 
            "55-59" : 0.08441000000000001, 
            "50-54" : 0.08221, 
            "45-49" : 0.06405999999999999, 
            "40-44" : 0.06509000000000001, 
            "35-39" : 0.04616, 
            "30-34" : 0.03981, 
            "25-29" : 0.05679, 
            "22-24" : 0.0354, 
            "21" : 0.00791, 
            "20" : 0.009210000000000001, 
            "18-19" : 0.022949999999999998, 
            "15-17" : 0.037599999999999995, 
            "10-14" : 0.05316, 
            "5-9" : 0.05187, 
            "0-4" : 0.05239
        }, 
        "household_types" : {
            "Married" : 0.4286954, 
            "Single Female" : 0.15273358, 
            "Single Male" : 0.03210876, 
            "One-Person" : 0.34856812, 
            "Other Non-Family" : 0.03789413
        }, 
        "marital_status" : {
            "Never Married" : {
                "female" : 0.26270937, 
                "male" : 0.28820679
            }, 
            "Now Married" : {
                "female" : 0.42668234, 
                "male" : 0.49014539999999995
            }, 
            "Separated" : {
                "female" : 0.02762269, 
                "male" : 0.00969305
            }, 
            "Absent Spouse" : {
                "female" : 0.007640320000000001, 
                "male" : 0.00484653
            }, 
            "Widowed" : {
                "female" : 0.136938, 
                "male" : 0.03521809
            }, 
            "Divorced" : {
                "female" : 0.13840729, 
                "male" : 0.17189015000000002
            }
        }, 
        "ancestry" : {
            "Other" : 0.39730289999999996, 
            "Unclassified" : 0.21732365, 
            "American" : 0.15573133, 
            "English" : 0.08363588999999999, 
            "German" : 0.0815612, 
            "Irish" : 0.0718361, 
            "French" : 0.020746889999999997, 
            "Dutch" : 0.01491183, 
            "Scotch-Irish" : 0.013226139999999999, 
            "Italian" : 0.01283714, 
            "Polish" : 0.00713174, 
            "European" : 0.0060944, 
            "Scottish" : 0.0051867200000000006, 
            "Mexican" : 0.51376147, 
            "Other Hispanic" : 0.00726, 
            "Spaniard" : 0.42201835000000004, 
            "Puerto Rican" : 0.00596, 
            "Chinese" : 0.68421053, 
            "Vietnamese" : 0.00169
        }, 
        "employment_status" : {
            "Armed Forces" : 0.00392218, 
            "Employed" : 0.48650769, 
            "Unemployed" : 0.048478190000000004, 
            "Other" : 0.46109194000000003
        }, 
        "industries" : {
            "Construction" : 0.15124152999999999, 
            "Manufacturing" : 0.14124476, 
            "Healthcare" : 0.12512093, 
            "Retail" : 0.10802967000000001, 
            "Education" : 0.08029668, 
            "Government" : 0.06320542, 
            "Hospitality" : 0.05256369, 
            "Transportation" : 0.04450177, 
            "Administrative" : 0.04030958, 
            "Finance & Insurance" : 0.03901967, 
            "Other Services" : 0.036762329999999996, 
            "Professional" : 0.030635279999999997, 
            "Agriculture" : 0.01838117, 
            "Wholesalers" : 0.01741374, 
            "Information" : 0.0151564, 
            "Real estate" : 0.01354402, 
            "Utilities" : 0.01322154, 
            "Oil & Gas, and Mining" : 0.00612706, 
            "Entertainment" : 0.00322477, 
            "Management" : 0.0
        }, 
        "educational_attainment" : {
            "Doctorate" : 0.00391042, 
            "Professional" : 0.00710985, 
            "Master's" : 0.03572698, 
            "Bachelor's" : 0.08478493000000001, 
            "Associate's" : 0.07820832, 
            "Some College" : 0.19943121000000003, 
            "High School" : 0.42499111, 
            "Some H.S." : 0.10362602000000001, 
            "Less than H.S." : 0.03714895, 
            "None" : 0.02506221
        }
    }
}