{
    "name" : "Long County", 
	"state" : "Georgia", 
	"FIPS" : "13183",
    "population" : 17243, 
    "demographics" : {
        "race_and_ethnicity" : {
            "White" : 0.58974656, 
            "Hispanic" : 0.11192948, 
            "Black" : 0.2287305, 
            "Asian" : 0.0077132699999999995, 
            "Mixed" : 0.05776257, 
            "Other" : 0.00411761
        }, 
        "age_and_sex" : {
            "85+" : 0.00522, 
            "80-84" : 0.00928, 
            "75-79" : 0.012929999999999999, 
            "70-74" : 0.01931, 
            "67-69" : 0.00911, 
            "65-66" : 0.03016, 
            "62-64" : 0.02569, 
            "60-61" : 0.024300000000000002, 
            "55-59" : 0.040650000000000006, 
            "50-54" : 0.06606, 
            "45-49" : 0.06055, 
            "40-44" : 0.04947, 
            "35-39" : 0.09465, 
            "30-34" : 0.0722, 
            "25-29" : 0.07719000000000001, 
            "22-24" : 0.07046000000000001, 
            "21" : 0.01345, 
            "20" : 0.01473, 
            "18-19" : 0.01432, 
            "15-17" : 0.038220000000000004, 
            "10-14" : 0.05747, 
            "5-9" : 0.11152, 
            "0-4" : 0.08305
        }, 
        "household_types" : {
            "Married" : 0.517688, 
            "Single Female" : 0.16528127, 
            "Single Male" : 0.03672917, 
            "One-Person" : 0.23197371, 
            "Other Non-Family" : 0.04832785999999999
        }, 
        "marital_status" : {
            "Never Married" : {
                "female" : 0.24988367, 
                "male" : 0.29875969
            }, 
            "Now Married" : {
                "female" : 0.39382659, 
                "male" : 0.45085271
            }, 
            "Separated" : {
                "female" : 0.05196215, 
                "male" : 0.02046512
            }, 
            "Absent Spouse" : {
                "female" : 0.03908795, 
                "male" : 0.07271318
            }, 
            "Widowed" : {
                "female" : 0.09523809999999999, 
                "male" : 0.02248062
            }, 
            "Divorced" : {
                "female" : 0.17000155, 
                "male" : 0.13472868
            }
        }, 
        "ancestry" : {
            "Other" : 0.43020356, 
            "Unclassified" : 0.22554079999999999, 
            "Irish" : 0.13257554000000002, 
            "German" : 0.12051266999999999, 
            "American" : 0.059270430000000006, 
            "English" : 0.04517775, 
            "Scottish" : 0.034448759999999995, 
            "Italian" : 0.03149104, 
            "French" : 0.02221191, 
            "West Indian" : 0.020066109999999998, 
            "Dutch West Indian" : 0.011250940000000001, 
            "Scotch-Irish" : 0.01032303, 
            "Polish" : 0.00968509, 
            "Swedish" : 0.0095691, 
            "Dutch" : 0.00550948, 
            "Jamaican" : 0.0053355, 
            "Mexican" : 0.73707533, 
            "Puerto Rican" : 0.08682000000000001, 
            "Cuban" : 0.10388971, 
            "Central American" : 0.01224, 
            "Panamanian" : 0.08764156, 
            "Honduran" : 0.010320000000000001, 
            "Dominican" : 0.05859183, 
            "Indian" : 0.42105263, 
            "Korean" : 0.0032500000000000003, 
            "Vietnamese" : 0.21052632, 
            "Not Specified" : 0.0016200000000000001, 
            "Filipino" : 0.17293233
        }, 
        "employment_status" : {
            "Armed Forces" : 0.06469237, 
            "Employed" : 0.44706628000000004, 
            "Unemployed" : 0.0871803, 
            "Other" : 0.40106105
        }, 
        "industries" : {
            "Government" : 0.12876373, 
            "Retail" : 0.12663833, 
            "Construction" : 0.10503011000000001, 
            "Manufacturing" : 0.09936238, 
            "Education" : 0.09015232, 
            "Hospitality" : 0.08501594000000001, 
            "Healthcare" : 0.08377612, 
            "Transportation" : 0.056145940000000005, 
            "Agriculture" : 0.05278073, 
            "Other Services" : 0.03914276, 
            "Administrative" : 0.03613177, 
            "Finance & Insurance" : 0.03365214, 
            "Professional" : 0.01753454, 
            "Utilities" : 0.017003189999999998, 
            "Information" : 0.015409139999999998, 
            "Wholesalers" : 0.00655331, 
            "Real estate" : 0.0046050299999999995, 
            "Oil & Gas, and Mining" : 0.00230252, 
            "Management" : 0.0, 
            "Entertainment" : 0.0
        }, 
        "educational_attainment" : {
            "Doctorate" : 0.00223518, 
            "Professional" : 0.00165209, 
            "Master's" : 0.03809524, 
            "Bachelor's" : 0.11039845, 
            "Associate's" : 0.09980563999999999, 
            "Some College" : 0.27434401999999997, 
            "High School" : 0.34616132, 
            "Some H.S." : 0.08668609999999999, 
            "Less than H.S." : 0.0324587, 
            "None" : 0.00816327
        }
    }
}