{
    "name" : "Turner County", 
	"state" : "Georgia", 
	"FIPS" : "13287",
    "population" : 8151, 
    "demographics" : {
        "race_and_ethnicity" : {
            "White" : 0.5497485000000001, 
            "Hispanic" : 0.02122439, 
            "Black" : 0.40498098, 
            "Asian" : 0.01374065, 
            "Mixed" : 0.00834253, 
            "Other" : 0.0019629499999999998
        }, 
        "age_and_sex" : {
            "85+" : 0.02625, 
            "80-84" : 0.01718, 
            "75-79" : 0.030430000000000002, 
            "70-74" : 0.04552, 
            "67-69" : 0.02589, 
            "65-66" : 0.03828, 
            "62-64" : 0.03349, 
            "60-61" : 0.0319, 
            "55-59" : 0.06011999999999999, 
            "50-54" : 0.05987, 
            "45-49" : 0.06392, 
            "40-44" : 0.05987, 
            "35-39" : 0.06280999999999999, 
            "30-34" : 0.048209999999999996, 
            "25-29" : 0.07078999999999999, 
            "22-24" : 0.0384, 
            "21" : 0.012390000000000002, 
            "20" : 0.01693, 
            "18-19" : 0.01325, 
            "15-17" : 0.04134, 
            "10-14" : 0.08698, 
            "5-9" : 0.05496, 
            "0-4" : 0.06122
        }, 
        "household_types" : {
            "Married" : 0.44285249, 
            "Single Female" : 0.18137415, 
            "Single Male" : 0.08759362, 
            "One-Person" : 0.25887333, 
            "Other Non-Family" : 0.02930641
        }, 
        "marital_status" : {
            "Never Married" : {
                "female" : 0.30951675, 
                "male" : 0.33279949000000003
            }, 
            "Now Married" : {
                "female" : 0.4444115, 
                "male" : 0.41800128000000003
            }, 
            "Separated" : {
                "female" : 0.02371776, 
                "male" : 0.04804612
            }, 
            "Absent Spouse" : {
                "female" : 0.005336499999999999, 
                "male" : 0.03235106
            }, 
            "Widowed" : {
                "female" : 0.13667358, 
                "male" : 0.0557335
            }, 
            "Divorced" : {
                "female" : 0.08034390999999999, 
                "male" : 0.11306855
            }
        }, 
        "ancestry" : {
            "Other" : 0.44963808, 
            "American" : 0.26536621, 
            "Unclassified" : 0.17568397000000002, 
            "English" : 0.05766164, 
            "Irish" : 0.03459698, 
            "German" : 0.033002090000000005, 
            "Italian" : 0.01423138, 
            "Scotch-Irish" : 0.00674764, 
            "West Indian" : 0.006624949999999999, 
            "Jamaican" : 0.006624949999999999, 
            "Scottish" : 0.005643479999999999, 
            "French" : 0.00552079, 
            "Mexican" : 0.6066482, 
            "Central American" : 0.026869999999999998, 
            "Guatemalan" : 0.28531856, 
            "Salvadoran" : 0.01264, 
            "Puerto Rican" : 0.16897507, 
            "Other Hispanic" : 0.00748, 
            "Spanish" : 0.11634349000000001, 
            "Indian" : 0.9017857100000001, 
            "Burmese" : 0.012390000000000002
        }, 
        "employment_status" : {
            "Armed Forces" : 0.0, 
            "Employed" : 0.47260925, 
            "Unemployed" : 0.04749842, 
            "Other" : 0.47989234000000003
        }, 
        "industries" : {
            "Retail" : 0.15276382, 
            "Healthcare" : 0.14974874, 
            "Education" : 0.12596315, 
            "Agriculture" : 0.10284757000000001, 
            "Construction" : 0.08877722, 
            "Government" : 0.08542714, 
            "Manufacturing" : 0.08241206, 
            "Wholesalers" : 0.032160799999999996, 
            "Professional" : 0.03115578, 
            "Administrative" : 0.028475709999999998, 
            "Transportation" : 0.026800670000000002, 
            "Other Services" : 0.02512563, 
            "Hospitality" : 0.023115579999999997, 
            "Finance & Insurance" : 0.02211055, 
            "Information" : 0.01239531, 
            "Entertainment" : 0.0040200999999999995, 
            "Utilities" : 0.0033500799999999996, 
            "Real estate" : 0.0033500799999999996, 
            "Oil & Gas, and Mining" : 0.0, 
            "Management" : 0.0
        }, 
        "educational_attainment" : {
            "Doctorate" : 0.0025463799999999996, 
            "Professional" : 0.020189159999999998, 
            "Master's" : 0.020552929999999997, 
            "Bachelor's" : 0.07948345, 
            "Associate's" : 0.07839214, 
            "Some College" : 0.18861404, 
            "High School" : 0.36467806, 
            "Some H.S." : 0.16624227000000003, 
            "Less than H.S." : 0.06111313, 
            "None" : 0.01818843
        }
    }
}