{
    "name" : "Wheeler County", 
	"state" : "Georgia", 
	"FIPS" : "13309",
    "population" : 7932, 
    "demographics" : {
        "race_and_ethnicity" : {
            "White" : 0.5635400899999999, 
            "Hispanic" : 0.01374181, 
            "Black" : 0.42019667, 
            "Asian" : 0.0, 
            "Mixed" : 0.00138679, 
            "Other" : 0.00113464
        }, 
        "age_and_sex" : {
            "85+" : 0.01198, 
            "80-84" : 0.012729999999999998, 
            "75-79" : 0.02786, 
            "70-74" : 0.03227, 
            "67-69" : 0.01765, 
            "65-66" : 0.02711, 
            "62-64" : 0.0329, 
            "60-61" : 0.03089, 
            "55-59" : 0.05005, 
            "50-54" : 0.06997, 
            "45-49" : 0.08182, 
            "40-44" : 0.08635999999999999, 
            "35-39" : 0.07085, 
            "30-34" : 0.0851, 
            "25-29" : 0.07993, 
            "22-24" : 0.06972, 
            "21" : 0.01853, 
            "20" : 0.00958, 
            "18-19" : 0.01551, 
            "15-17" : 0.02799, 
            "10-14" : 0.0527, 
            "5-9" : 0.04614, 
            "0-4" : 0.042359999999999995
        }, 
        "household_types" : {
            "Married" : 0.49007264, 
            "Single Female" : 0.13995157, 
            "Single Male" : 0.062469729999999994, 
            "One-Person" : 0.30024213, 
            "Other Non-Family" : 0.00726392
        }, 
        "marital_status" : {
            "Never Married" : {
                "female" : 0.26308843, 
                "male" : 0.53954616
            }, 
            "Now Married" : {
                "female" : 0.47382314000000003, 
                "male" : 0.2075347
            }, 
            "Separated" : {
                "female" : 0.02463704, 
                "male" : 0.03392818
            }, 
            "Absent Spouse" : {
                "female" : 0.02375715, 
                "male" : 0.07314386
            }, 
            "Widowed" : {
                "female" : 0.12890453000000002, 
                "male" : 0.0343688
            }, 
            "Divorced" : {
                "female" : 0.08578970999999999, 
                "male" : 0.1114783
            }
        }, 
        "employment_status" : {
            "Armed Forces" : 0.0, 
            "Employed" : 0.23079201000000002, 
            "Unemployed" : 0.01880089, 
            "Other" : 0.75040711
        }, 
        "industries" : {
            "Manufacturing" : 0.14239896999999999, 
            "Healthcare" : 0.13149455, 
            "Government" : 0.12251443000000001, 
            "Education" : 0.11032713, 
            "Agriculture" : 0.10840282, 
            "Retail" : 0.08146248, 
            "Construction" : 0.06414368, 
            "Transportation" : 0.05708788, 
            "Other Services" : 0.04041052, 
            "Information" : 0.03848621, 
            "Hospitality" : 0.02758178, 
            "Professional" : 0.02694035, 
            "Utilities" : 0.02565747, 
            "Finance & Insurance" : 0.013470169999999998, 
            "Entertainment" : 0.00641437, 
            "Wholesalers" : 0.00320718, 
            "Oil & Gas, and Mining" : 0.0, 
            "Real estate" : 0.0, 
            "Management" : 0.0, 
            "Administrative" : 0.0
        }, 
        "educational_attainment" : {
            "Doctorate" : 0.0, 
            "Professional" : 0.0015814400000000001, 
            "Master's" : 0.01036725, 
            "Bachelor's" : 0.03742752, 
            "Associate's" : 0.07098928, 
            "Some College" : 0.11157969, 
            "High School" : 0.53382534, 
            "Some H.S." : 0.17501318000000002, 
            "Less than H.S." : 0.057283429999999996, 
            "None" : 0.0019328799999999999
        }
    }
}