{
    "name" : "Cherokee County", 
	"state" : "Georgia", 
	"FIPS" : "13057",
    "population" : 230629, 
    "demographics" : {
        "race_and_ethnicity" : {
            "White" : 0.8021237600000001, 
            "Hispanic" : 0.09454579, 
            "Black" : 0.06475335, 
            "Asian" : 0.01736989, 
            "Mixed" : 0.017469619999999998, 
            "Other" : 0.0037375999999999998
        }, 
        "age_and_sex" : {
            "85+" : 0.01022, 
            "80-84" : 0.01159, 
            "75-79" : 0.01816, 
            "70-74" : 0.032, 
            "67-69" : 0.02452, 
            "65-66" : 0.022320000000000003, 
            "62-64" : 0.032780000000000004, 
            "60-61" : 0.021419999999999998, 
            "55-59" : 0.06402999999999999, 
            "50-54" : 0.07502, 
            "45-49" : 0.07823000000000001, 
            "40-44" : 0.07748000000000001, 
            "35-39" : 0.07365000000000001, 
            "30-34" : 0.06236, 
            "25-29" : 0.0555, 
            "22-24" : 0.03673, 
            "21" : 0.008960000000000001, 
            "20" : 0.01123, 
            "18-19" : 0.02319, 
            "15-17" : 0.04468, 
            "10-14" : 0.07631, 
            "5-9" : 0.0761, 
            "0-4" : 0.06351
        }, 
        "household_types" : {
            "Married" : 0.60780313, 
            "Single Female" : 0.09852198, 
            "Single Male" : 0.04303416, 
            "One-Person" : 0.20187116, 
            "Other Non-Family" : 0.048769559999999997
        }, 
        "marital_status" : {
            "Never Married" : {
                "female" : 0.21685267, 
                "male" : 0.27821275
            }, 
            "Now Married" : {
                "female" : 0.54042961, 
                "male" : 0.57431166
            }, 
            "Separated" : {
                "female" : 0.01461843, 
                "male" : 0.010431699999999999
            }, 
            "Absent Spouse" : {
                "female" : 0.027093120000000002, 
                "male" : 0.02534062
            }, 
            "Widowed" : {
                "female" : 0.06936485, 
                "male" : 0.015818000000000002
            }, 
            "Divorced" : {
                "female" : 0.13164132, 
                "male" : 0.09588527
            }
        }, 
        "ancestry" : {
            "Other" : 0.27695563, 
            "Unclassified" : 0.15665419, 
            "American" : 0.14018185, 
            "Irish" : 0.1366437, 
            "German" : 0.13018311000000002, 
            "English" : 0.12625906, 
            "Italian" : 0.04908316, 
            "Scottish" : 0.03186503, 
            "French" : 0.02350095, 
            "Polish" : 0.021883629999999998, 
            "Scotch-Irish" : 0.01867068, 
            "European" : 0.01482468, 
            "Dutch" : 0.01126485, 
            "Norwegian" : 0.010029090000000001, 
            "Welsh" : 0.00942639, 
            "Swedish" : 0.00931366, 
            "Russian" : 0.00786978, 
            "British" : 0.0065343, 
            "Hungarian" : 0.00583621, 
            "French Canadian" : 0.00530723, 
            "Mexican" : 0.55631549, 
            "Central American" : 0.05502, 
            "South American" : 0.16265509, 
            "Guatemalan" : 0.01609, 
            "Puerto Rican" : 0.12784427, 
            "Colombian" : 0.01264, 
            "Cuban" : 0.12438073, 
            "Other Hispanic" : 0.0123, 
            "Peruvian" : 0.08224824, 
            "Venezuelan" : 0.00813, 
            "Salvadoran" : 0.05265465, 
            "Dominican" : 0.00521, 
            "Ecuadorian" : 0.03007585, 
            "Honduran" : 0.00297, 
            "Spanish" : 0.02411329, 
            "Argentinean" : 0.0023799999999999997, 
            "Panamanian" : 0.023499500000000003, 
            "Indian" : 0.22641038000000002, 
            "Filipino" : 0.00393, 
            "Vietnamese" : 0.18347479, 
            "Korean" : 0.00319, 
            "Chinese" : 0.16425362, 
            "Laotian" : 0.0028499999999999997, 
            "Indonesian" : 0.13554668, 
            "Not Specified" : 0.0023499999999999997, 
            "Thai" : 0.11607589000000001, 
            "Mixed" : 0.00202, 
            "Japanese" : 0.0654019
        }, 
        "employment_status" : {
            "Armed Forces" : 0.00051276, 
            "Employed" : 0.64119208, 
            "Unemployed" : 0.03747655, 
            "Other" : 0.32081861000000006
        }, 
        "industries" : {
            "Retail" : 0.13760073, 
            "Manufacturing" : 0.10517343, 
            "Healthcare" : 0.09620978, 
            "Professional" : 0.08678917, 
            "Education" : 0.08489977, 
            "Construction" : 0.08066401000000001, 
            "Hospitality" : 0.06698127000000001, 
            "Finance & Insurance" : 0.05662035000000001, 
            "Administrative" : 0.051760650000000005, 
            "Other Services" : 0.04782368, 
            "Wholesalers" : 0.032708509999999996, 
            "Information" : 0.03239215, 
            "Transportation" : 0.03149579, 
            "Government" : 0.03028306, 
            "Real estate" : 0.02391184, 
            "Entertainment" : 0.01898184, 
            "Utilities" : 0.00825183, 
            "Agriculture" : 0.00459606, 
            "Management" : 0.0015642400000000002, 
            "Oil & Gas, and Mining" : 0.00129182
        }, 
        "educational_attainment" : {
            "Doctorate" : 0.0116146, 
            "Professional" : 0.01994081, 
            "Master's" : 0.0795462, 
            "Bachelor's" : 0.24386714999999998, 
            "Associate's" : 0.06960867999999999, 
            "Some College" : 0.23250903999999997, 
            "High School" : 0.24051957000000002, 
            "Some H.S." : 0.06080237, 
            "Less than H.S." : 0.030443929999999998, 
            "None" : 0.01114765
        }
    }
}