{
    "name" : "Clinch County", 
	"state" : "Georgia", 
	"FIPS" : "13065",
    "population" : 6814, 
    "demographics" : {
        "race_and_ethnicity" : {
            "White" : 0.6609920800000001, 
            "Hispanic" : 0.044907539999999996, 
            "Black" : 0.26797769, 
            "Asian" : 0.005430000000000001, 
            "Mixed" : 0.014822420000000001, 
            "Other" : 0.0058702699999999995
        }, 
        "age_and_sex" : {
            "85+" : 0.01468, 
            "80-84" : 0.01409, 
            "75-79" : 0.02818, 
            "70-74" : 0.036539999999999996, 
            "67-69" : 0.02598, 
            "65-66" : 0.03185, 
            "62-64" : 0.03229, 
            "60-61" : 0.03082, 
            "55-59" : 0.061340000000000006, 
            "50-54" : 0.06487, 
            "45-49" : 0.06912, 
            "40-44" : 0.059000000000000004, 
            "35-39" : 0.050039999999999994, 
            "30-34" : 0.04755, 
            "25-29" : 0.08262, 
            "22-24" : 0.03331, 
            "21" : 0.011890000000000001, 
            "20" : 0.00954, 
            "18-19" : 0.02451, 
            "15-17" : 0.03933, 
            "10-14" : 0.086, 
            "5-9" : 0.05327, 
            "0-4" : 0.09319000000000001
        }, 
        "household_types" : {
            "Married" : 0.39896989, 
            "Single Female" : 0.1822504, 
            "Single Male" : 0.05467512, 
            "One-Person" : 0.31458003, 
            "Other Non-Family" : 0.049524559999999995
        }, 
        "marital_status" : {
            "Never Married" : {
                "female" : 0.30725837, 
                "male" : 0.38389732000000004
            }, 
            "Now Married" : {
                "female" : 0.3828507, 
                "male" : 0.38934267
            }, 
            "Separated" : {
                "female" : 0.0180519, 
                "male" : 0.04900817
            }, 
            "Absent Spouse" : {
                "female" : 0.04663407, 
                "male" : 0.014391290000000001
            }, 
            "Widowed" : {
                "female" : 0.14178263, 
                "male" : 0.029171529999999998
            }, 
            "Divorced" : {
                "female" : 0.10342234, 
                "male" : 0.13418903000000001
            }
        }, 
        "ancestry" : {
            "Other" : 0.37657763000000005, 
            "Unclassified" : 0.24919284, 
            "American" : 0.20457881, 
            "Irish" : 0.08702671000000001, 
            "English" : 0.05400646, 
            "German" : 0.025975929999999998, 
            "Italian" : 0.02230701, 
            "Dutch" : 0.01232756, 
            "West Indian" : 0.009685939999999999, 
            "Jamaican" : 0.00895216, 
            "Scotch-Irish" : 0.00792486, 
            "Scottish" : 0.00601702, 
            "Mexican" : 0.84640523, 
            "Central American" : 0.03801, 
            "Honduran" : 0.15359477, 
            "Salvadoran" : 0.0069, 
            "Pakistani" : 0.62162162, 
            "Vietnamese" : 0.00338
        }, 
        "employment_status" : {
            "Armed Forces" : 0.00156342, 
            "Employed" : 0.44146960999999996, 
            "Unemployed" : 0.05608755000000001, 
            "Other" : 0.50087942
        }, 
        "industries" : {
            "Manufacturing" : 0.2208942, 
            "Education" : 0.12837539, 
            "Retail" : 0.12217795000000001, 
            "Healthcare" : 0.11420983, 
            "Agriculture" : 0.07968127, 
            "Government" : 0.06330235000000001, 
            "Construction" : 0.05621957, 
            "Administrative" : 0.036741920000000004, 
            "Finance & Insurance" : 0.03320053, 
            "Transportation" : 0.02965914, 
            "Other Services" : 0.02744577, 
            "Hospitality" : 0.02390438, 
            "Professional" : 0.0185923, 
            "Entertainment" : 0.014165559999999999, 
            "Information" : 0.01239486, 
            "Utilities" : 0.01106684, 
            "Wholesalers" : 0.0070827799999999995, 
            "Real estate" : 0.00088535, 
            "Oil & Gas, and Mining" : 0.0, 
            "Management" : 0.0
        }, 
        "educational_attainment" : {
            "Doctorate" : 0.00226142, 
            "Professional" : 0.01040253, 
            "Master's" : 0.05042967, 
            "Bachelor's" : 0.0807327, 
            "Associate's" : 0.055178649999999996, 
            "Some College" : 0.17887834000000002, 
            "High School" : 0.38647671, 
            "Some H.S." : 0.14902759, 
            "Less than H.S." : 0.07281773, 
            "None" : 0.01379466
        }
    }
}