{
    "name" : "Habersham County", 
	"state" : "Georgia", 
	"FIPS" : "13137",
    "population" : 43724, 
    "demographics" : {
        "race_and_ethnicity" : {
            "White" : 0.77765072, 
            "Hispanic" : 0.13722441, 
            "Black" : 0.03277376, 
            "Asian" : 0.02419724, 
            "Mixed" : 0.01498033, 
            "Other" : 0.01317354
        }, 
        "age_and_sex" : {
            "85+" : 0.01711, 
            "80-84" : 0.02491, 
            "75-79" : 0.03204, 
            "70-74" : 0.04551, 
            "67-69" : 0.03165, 
            "65-66" : 0.025779999999999997, 
            "62-64" : 0.04064, 
            "60-61" : 0.02015, 
            "55-59" : 0.05950999999999999, 
            "50-54" : 0.0669, 
            "45-49" : 0.06607, 
            "40-44" : 0.06397, 
            "35-39" : 0.06411, 
            "30-34" : 0.05656, 
            "25-29" : 0.055990000000000005, 
            "22-24" : 0.0406, 
            "21" : 0.01567, 
            "20" : 0.01571, 
            "18-19" : 0.027440000000000003, 
            "15-17" : 0.03856, 
            "10-14" : 0.07024, 
            "5-9" : 0.06127, 
            "0-4" : 0.05962
        }, 
        "household_types" : {
            "Married" : 0.57767905, 
            "Single Female" : 0.07855412, 
            "Single Male" : 0.04368605, 
            "One-Person" : 0.25976037, 
            "Other Non-Family" : 0.04032041
        }, 
        "marital_status" : {
            "Never Married" : {
                "female" : 0.23831949000000002, 
                "male" : 0.26451299
            }, 
            "Now Married" : {
                "female" : 0.44044658, 
                "male" : 0.55902356
            }, 
            "Separated" : {
                "female" : 0.02830838, 
                "male" : 0.015120229999999998
            }, 
            "Absent Spouse" : {
                "female" : 0.05375946, 
                "male" : 0.020524650000000002
            }, 
            "Widowed" : {
                "female" : 0.11037621, 
                "male" : 0.03473403
            }, 
            "Divorced" : {
                "female" : 0.12878988, 
                "male" : 0.10608453000000001
            }
        }, 
        "ancestry" : {
            "Other" : 0.3487787, 
            "Unclassified" : 0.20508188, 
            "American" : 0.15643582, 
            "Irish" : 0.11119751000000001, 
            "English" : 0.10692068, 
            "German" : 0.07780624, 
            "Scottish" : 0.02406001, 
            "Scotch-Irish" : 0.021635710000000002, 
            "Italian" : 0.015460620000000001, 
            "French" : 0.01523191, 
            "European" : 0.0136767, 
            "Dutch" : 0.00972006, 
            "British" : 0.0072042799999999995, 
            "Polish" : 0.0061979700000000006, 
            "Welsh" : 0.005145920000000001, 
            "Mexican" : 0.8792616, 
            "Central American" : 0.12092, 
            "Salvadoran" : 0.06885082, 
            "Puerto Rican" : 0.00947, 
            "South American" : 0.05621154, 
            "Ecuadorian" : 0.00773, 
            "Guatemalan" : 0.023282889999999997, 
            "Dominican" : 0.0032, 
            "Laotian" : 0.6928166400000001, 
            "Vietnamese" : 0.01676, 
            "Chinese" : 0.09640831999999999, 
            "Filipino" : 0.00233, 
            "Indian" : 0.08695652000000001, 
            "Thai" : 0.0021, 
            "Korean" : 0.06049149
        }, 
        "employment_status" : {
            "Armed Forces" : 0.00172008, 
            "Employed" : 0.47686486, 
            "Unemployed" : 0.0370965, 
            "Other" : 0.48431856
        }, 
        "industries" : {
            "Manufacturing" : 0.21293736, 
            "Retail" : 0.11975472, 
            "Education" : 0.10364314000000001, 
            "Healthcare" : 0.09877359999999999, 
            "Hospitality" : 0.07003727, 
            "Construction" : 0.06847421, 
            "Government" : 0.05560899, 
            "Other Services" : 0.04370566, 
            "Wholesalers" : 0.03643141, 
            "Agriculture" : 0.03390646, 
            "Administrative" : 0.03366599, 
            "Professional" : 0.03324516, 
            "Transportation" : 0.02266442, 
            "Finance & Insurance" : 0.02230372, 
            "Information" : 0.01262474, 
            "Entertainment" : 0.01034027, 
            "Utilities" : 0.010159910000000001, 
            "Real estate" : 0.00823614, 
            "Oil & Gas, and Mining" : 0.0034868300000000002, 
            "Management" : 0.0
        }, 
        "educational_attainment" : {
            "Doctorate" : 0.00893162, 
            "Professional" : 0.013908769999999999, 
            "Master's" : 0.056010090000000005, 
            "Bachelor's" : 0.09627053999999999, 
            "Associate's" : 0.06354401, 
            "Some College" : 0.20174541000000001, 
            "High School" : 0.34246949, 
            "Some H.S." : 0.11979272999999999, 
            "Less than H.S." : 0.07145292, 
            "None" : 0.02587441
        }
    }
}