{
    "name" : "Houston County", 
	"state" : "Georgia", 
	"FIPS" : "13153",
    "population" : 149137, 
    "demographics" : {
        "race_and_ethnicity" : {
            "White" : 0.58026513, 
            "Hispanic" : 0.062258190000000005, 
            "Black" : 0.29552693, 
            "Asian" : 0.02858446, 
            "Mixed" : 0.02589565, 
            "Other" : 0.00746964
        }, 
        "age_and_sex" : {
            "85+" : 0.01283, 
            "80-84" : 0.01521, 
            "75-79" : 0.02215, 
            "70-74" : 0.0276, 
            "67-69" : 0.0248, 
            "65-66" : 0.0154, 
            "62-64" : 0.02725, 
            "60-61" : 0.02234, 
            "55-59" : 0.062240000000000004, 
            "50-54" : 0.07305, 
            "45-49" : 0.0665, 
            "40-44" : 0.06521, 
            "35-39" : 0.06480999999999999, 
            "30-34" : 0.07256, 
            "25-29" : 0.07403, 
            "22-24" : 0.044500000000000005, 
            "21" : 0.01299, 
            "20" : 0.01362, 
            "18-19" : 0.024390000000000002, 
            "15-17" : 0.04259, 
            "10-14" : 0.07346, 
            "5-9" : 0.07348, 
            "0-4" : 0.06902
        }, 
        "household_types" : {
            "Married" : 0.50385694, 
            "Single Female" : 0.15150956000000002, 
            "Single Male" : 0.04464088, 
            "One-Person" : 0.25356167, 
            "Other Non-Family" : 0.04643094
        }, 
        "marital_status" : {
            "Never Married" : {
                "female" : 0.27390266, 
                "male" : 0.33131726
            }, 
            "Now Married" : {
                "female" : 0.44863706999999997, 
                "male" : 0.50662635
            }, 
            "Separated" : {
                "female" : 0.02383266, 
                "male" : 0.017290760000000002
            }, 
            "Absent Spouse" : {
                "female" : 0.02544676, 
                "male" : 0.01933648
            }, 
            "Widowed" : {
                "female" : 0.09047188, 
                "male" : 0.02751935
            }, 
            "Divorced" : {
                "female" : 0.13770896999999999, 
                "male" : 0.09790981
            }
        }, 
        "ancestry" : {
            "Other" : 0.43547208, 
            "American" : 0.19123356000000002, 
            "Unclassified" : 0.14886983, 
            "German" : 0.08464029999999999, 
            "English" : 0.07923587, 
            "Irish" : 0.07872627, 
            "Scottish" : 0.01999504, 
            "French" : 0.019592719999999997, 
            "Italian" : 0.016917329999999998, 
            "Scotch-Irish" : 0.0144431, 
            "European" : 0.013336730000000002, 
            "Polish" : 0.01219684, 
            "Dutch" : 0.00854919, 
            "Subsaharan African" : 0.00684605, 
            "British" : 0.0062626999999999995, 
            "Norwegian" : 0.00518315, 
            "African" : 0.00501552, 
            "Mexican" : 0.5045251199999999, 
            "Puerto Rican" : 0.03252, 
            "Central American" : 0.20201809999999998, 
            "Other Hispanic" : 0.01302, 
            "Guatemalan" : 0.11349214999999999, 
            "South American" : 0.00732, 
            "Spaniard" : 0.08540518000000001, 
            "Cuban" : 0.00551, 
            "Panamanian" : 0.07063352, 
            "Peruvian" : 0.00455, 
            "Venezuelan" : 0.055133669999999996, 
            "Spanish" : 0.0035499999999999998, 
            "Ecuadorian" : 0.04452304, 
            "Uruguayan" : 0.0028699999999999997, 
            "Costa Rican" : 0.036409029999999995, 
            "Salvadoran" : 0.0023499999999999997, 
            "Indian" : 0.27281257, 
            "Vietnamese" : 0.0078000000000000005, 
            "Filipino" : 0.27163969, 
            "Chinese" : 0.00776, 
            "Korean" : 0.22097114999999998, 
            "Burmese" : 0.00632, 
            "Japanese" : 0.10133708999999999, 
            "Pakistani" : 0.0029, 
            "Mixed" : 0.08350927000000001
        }, 
        "employment_status" : {
            "Armed Forces" : 0.01797311, 
            "Employed" : 0.56511872, 
            "Unemployed" : 0.054539109999999995, 
            "Other" : 0.36236905999999997
        }, 
        "industries" : {
            "Government" : 0.19383689, 
            "Healthcare" : 0.11865925000000001, 
            "Retail" : 0.11158480000000001, 
            "Manufacturing" : 0.09827, 
            "Hospitality" : 0.08443002999999999, 
            "Education" : 0.08073833999999999, 
            "Professional" : 0.05775409, 
            "Other Services" : 0.04448563, 
            "Construction" : 0.03960457, 
            "Finance & Insurance" : 0.036546180000000004, 
            "Transportation" : 0.03620636, 
            "Administrative" : 0.02653692, 
            "Wholesalers" : 0.017809699999999998, 
            "Real estate" : 0.01445783, 
            "Entertainment" : 0.01397899, 
            "Utilities" : 0.00994748, 
            "Information" : 0.009113379999999999, 
            "Agriculture" : 0.00375348, 
            "Oil & Gas, and Mining" : 0.00135928, 
            "Management" : 0.00092678
        }, 
        "educational_attainment" : {
            "Doctorate" : 0.00527321, 
            "Professional" : 0.013297209999999999, 
            "Master's" : 0.07713626999999999, 
            "Bachelor's" : 0.14462921, 
            "Associate's" : 0.10370993, 
            "Some College" : 0.2611381, 
            "High School" : 0.29311991, 
            "Some H.S." : 0.0699946, 
            "Less than H.S." : 0.02061535, 
            "None" : 0.0110862
        }
    }
}