{
    "name" : "Mitchell County", 
	"state" : "Georgia", 
	"FIPS" : "13205",
    "population" : 22778, 
    "demographics" : {
        "race_and_ethnicity" : {
            "White" : 0.46356133, 
            "Hispanic" : 0.042365440000000004, 
            "Black" : 0.4759856, 
            "Asian" : 0.00417069, 
            "Mixed" : 0.01277549, 
            "Other" : 0.00114145
        }, 
        "age_and_sex" : {
            "85+" : 0.01699, 
            "80-84" : 0.0187, 
            "75-79" : 0.026469999999999997, 
            "70-74" : 0.04026, 
            "67-69" : 0.030910000000000003, 
            "65-66" : 0.0151, 
            "62-64" : 0.03846, 
            "60-61" : 0.0216, 
            "55-59" : 0.06392, 
            "50-54" : 0.07231, 
            "45-49" : 0.06559, 
            "40-44" : 0.06524, 
            "35-39" : 0.06383, 
            "30-34" : 0.06563, 
            "25-29" : 0.06849, 
            "22-24" : 0.03372, 
            "21" : 0.01444, 
            "20" : 0.00768, 
            "18-19" : 0.03214, 
            "15-17" : 0.03951, 
            "10-14" : 0.07007, 
            "5-9" : 0.06663999999999999, 
            "0-4" : 0.0623
        }, 
        "household_types" : {
            "Married" : 0.42432533, 
            "Single Female" : 0.21676408, 
            "Single Male" : 0.03146375, 
            "One-Person" : 0.30058450000000003, 
            "Other Non-Family" : 0.02686233
        }, 
        "marital_status" : {
            "Never Married" : {
                "female" : 0.29316996, 
                "male" : 0.42911674
            }, 
            "Now Married" : {
                "female" : 0.38245972, 
                "male" : 0.37482770000000004
            }, 
            "Separated" : {
                "female" : 0.06603131000000001, 
                "male" : 0.03191602
            }, 
            "Absent Spouse" : {
                "female" : 0.025527570000000003, 
                "male" : 0.03636942
            }, 
            "Widowed" : {
                "female" : 0.13138189, 
                "male" : 0.027144520000000002
            }, 
            "Divorced" : {
                "female" : 0.10142954, 
                "male" : 0.1006256
            }
        }, 
        "ancestry" : {
            "Other" : 0.51369743, 
            "Unclassified" : 0.18065677000000002, 
            "American" : 0.15036439, 
            "Irish" : 0.07177979, 
            "English" : 0.05540434, 
            "German" : 0.028887520000000003, 
            "Subsaharan African" : 0.00974625, 
            "African" : 0.00974625, 
            "Dutch" : 0.00702432, 
            "European" : 0.00684871, 
            "Welsh" : 0.00671701, 
            "Italian" : 0.0064536, 
            "French" : 0.00539995, 
            "Norwegian" : 0.00513654, 
            "Scotch-Irish" : 0.00500483, 
            "Mexican" : 0.7765531099999999, 
            "Central American" : 0.03402, 
            "Puerto Rican" : 0.11723447000000001, 
            "Honduran" : 0.0051400000000000005, 
            "Nicaraguan" : 0.07114228, 
            "Cuban" : 0.00312, 
            "Costa Rican" : 0.04809619, 
            "Panamanian" : 0.00211, 
            "Dominican" : 0.03507014, 
            "South American" : 0.00154, 
            "Filipino" : 0.58947368, 
            "Chinese" : 0.00246, 
            "Pakistani" : 0.37894737
        }, 
        "employment_status" : {
            "Armed Forces" : 0.0, 
            "Employed" : 0.43036917, 
            "Unemployed" : 0.08586223999999999, 
            "Other" : 0.48376858
        }, 
        "industries" : {
            "Manufacturing" : 0.14568508, 
            "Healthcare" : 0.12304308000000001, 
            "Retail" : 0.09212058000000001, 
            "Other Services" : 0.08901540000000001, 
            "Government" : 0.08151119, 
            "Education" : 0.08034675, 
            "Agriculture" : 0.07038427, 
            "Construction" : 0.050071159999999997, 
            "Transportation" : 0.04424893, 
            "Hospitality" : 0.0407556, 
            "Wholesalers" : 0.03933238, 
            "Finance & Insurance" : 0.0362272, 
            "Professional" : 0.03131065, 
            "Administrative" : 0.03027559, 
            "Utilities" : 0.022383229999999997, 
            "Real estate" : 0.01694915, 
            "Information" : 0.00284642, 
            "Management" : 0.00232889, 
            "Entertainment" : 0.00116445, 
            "Oil & Gas, and Mining" : 0.0
        }, 
        "educational_attainment" : {
            "Doctorate" : 0.00443257, 
            "Professional" : 0.00013037, 
            "Master's" : 0.035525720000000004, 
            "Bachelor's" : 0.07985138, 
            "Associate's" : 0.05599374, 
            "Some College" : 0.18127893, 
            "High School" : 0.40831758, 
            "Some H.S." : 0.17071899, 
            "Less than H.S." : 0.05416857, 
            "None" : 0.00958217
        }
    }
}