{
    "name" : "Pickens County", 
	"state" : "Georgia", 
	"FIPS" : "13227",
    "population" : 29992, 
    "demographics" : {
        "race_and_ethnicity" : {
            "White" : 0.9374833300000001, 
            "Hispanic" : 0.03044145, 
            "Black" : 0.01196986, 
            "Asian" : 0.00580155, 
            "Mixed" : 0.0135036, 
            "Other" : 0.00080021
        }, 
        "age_and_sex" : {
            "85+" : 0.0131, 
            "80-84" : 0.02307, 
            "75-79" : 0.034140000000000004, 
            "70-74" : 0.05545, 
            "67-69" : 0.043949999999999996, 
            "65-66" : 0.03304, 
            "62-64" : 0.04061, 
            "60-61" : 0.03528, 
            "55-59" : 0.07545, 
            "50-54" : 0.07449, 
            "45-49" : 0.06768, 
            "40-44" : 0.06974999999999999, 
            "35-39" : 0.05065, 
            "30-34" : 0.05541, 
            "25-29" : 0.051680000000000004, 
            "22-24" : 0.03138, 
            "21" : 0.01294, 
            "20" : 0.00647, 
            "18-19" : 0.0173, 
            "15-17" : 0.03711, 
            "10-14" : 0.06538000000000001, 
            "5-9" : 0.05875, 
            "0-4" : 0.04691
        }, 
        "household_types" : {
            "Married" : 0.6215171, 
            "Single Female" : 0.08262283999999999, 
            "Single Male" : 0.05098005, 
            "One-Person" : 0.19539421999999998, 
            "Other Non-Family" : 0.049485799999999996
        }, 
        "marital_status" : {
            "Never Married" : {
                "female" : 0.16353204000000002, 
                "male" : 0.21341562
            }, 
            "Now Married" : {
                "female" : 0.6005738, 
                "male" : 0.57438688
            }, 
            "Separated" : {
                "female" : 0.01291042, 
                "male" : 0.014130259999999999
            }, 
            "Absent Spouse" : {
                "female" : 0.021676760000000003, 
                "male" : 0.03914244
            }, 
            "Widowed" : {
                "female" : 0.08407714000000001, 
                "male" : 0.02964106
            }, 
            "Divorced" : {
                "female" : 0.11722984, 
                "male" : 0.12928374
            }
        }, 
        "ancestry" : {
            "Unclassified" : 0.24573219999999998, 
            "Other" : 0.18845024999999999, 
            "American" : 0.16134302, 
            "Irish" : 0.15570819, 
            "English" : 0.13880368, 
            "German" : 0.10869564999999999, 
            "French" : 0.03637637, 
            "Scottish" : 0.03574286, 
            "Italian" : 0.03414244, 
            "Scotch-Irish" : 0.025073349999999998, 
            "European" : 0.01133636, 
            "Dutch" : 0.00993598, 
            "Polish" : 0.00956922, 
            "Hungarian" : 0.00796879, 
            "British" : 0.00590157, 
            "Mexican" : 0.58269441, 
            "South American" : 0.01774, 
            "Cuban" : 0.20372399000000002, 
            "Colombian" : 0.0062, 
            "Peruvian" : 0.14567360000000001, 
            "Central American" : 0.00443, 
            "Guatemalan" : 0.14019715, 
            "Other Hispanic" : 0.0042699999999999995, 
            "Spanish" : 0.06352682999999999, 
            "Puerto Rican" : 0.00193, 
            "Filipino" : 0.41954023, 
            "Japanese" : 0.00243, 
            "Korean" : 0.26436782000000003, 
            "Indian" : 0.00153
        }, 
        "employment_status" : {
            "Armed Forces" : 0.00110733, 
            "Employed" : 0.52048558, 
            "Unemployed" : 0.040396999999999995, 
            "Other" : 0.43801009
        }, 
        "industries" : {
            "Retail" : 0.16224096, 
            "Construction" : 0.10448349, 
            "Healthcare" : 0.10448349, 
            "Manufacturing" : 0.1022772, 
            "Education" : 0.06997085, 
            "Professional" : 0.06114569, 
            "Finance & Insurance" : 0.056890710000000004, 
            "Hospitality" : 0.056023949999999996, 
            "Transportation" : 0.050823419999999994, 
            "Government" : 0.04585927, 
            "Other Services" : 0.04113151, 
            "Administrative" : 0.04050114, 
            "Wholesalers" : 0.02836656, 
            "Information" : 0.023244820000000003, 
            "Real estate" : 0.018280670000000002, 
            "Oil & Gas, and Mining" : 0.01394689, 
            "Utilities" : 0.010164679999999999, 
            "Entertainment" : 0.00527933, 
            "Agriculture" : 0.00488535, 
            "Management" : 0.0
        }, 
        "educational_attainment" : {
            "Doctorate" : 0.00557424, 
            "Professional" : 0.01782835, 
            "Master's" : 0.06638411999999999, 
            "Bachelor's" : 0.1577832, 
            "Associate's" : 0.07725618, 
            "Some College" : 0.21039296, 
            "High School" : 0.29713917, 
            "Some H.S." : 0.10968812, 
            "Less than H.S." : 0.04588382, 
            "None" : 0.01206984
        }
    }
}