{
    "name" : "Conway County", 
	"state" : "Arkansas", 
	"FIPS" : "05029",
    "population" : 21060, 
    "demographics" : {
        "race_and_ethnicity" : {
            "White" : 0.8179012299999999, 
            "Hispanic" : 0.03698955, 
            "Black" : 0.11823362, 
            "Asian" : 0.00075973, 
            "Mixed" : 0.020702750000000002, 
            "Other" : 0.00541311
        }, 
        "age_and_sex" : {
            "85+" : 0.02664, 
            "80-84" : 0.025070000000000002, 
            "75-79" : 0.029249999999999998, 
            "70-74" : 0.04386999999999999, 
            "67-69" : 0.03314, 
            "65-66" : 0.0255, 
            "62-64" : 0.03642, 
            "60-61" : 0.027450000000000002, 
            "55-59" : 0.07089000000000001, 
            "50-54" : 0.0765, 
            "45-49" : 0.06173, 
            "40-44" : 0.05351, 
            "35-39" : 0.06197, 
            "30-34" : 0.058550000000000005, 
            "25-29" : 0.05878, 
            "22-24" : 0.03447, 
            "21" : 0.010209999999999999, 
            "20" : 0.01458, 
            "18-19" : 0.02061, 
            "15-17" : 0.039599999999999996, 
            "10-14" : 0.06225, 
            "5-9" : 0.0688, 
            "0-4" : 0.06021
        }, 
        "household_types" : {
            "Married" : 0.49126793999999996, 
            "Single Female" : 0.12978469, 
            "Single Male" : 0.04808612, 
            "One-Person" : 0.29748804, 
            "Other Non-Family" : 0.03337321
        }, 
        "marital_status" : {
            "Never Married" : {
                "female" : 0.20151219999999997, 
                "male" : 0.25761773
            }, 
            "Now Married" : {
                "female" : 0.47634321999999996, 
                "male" : 0.5199325499999999
            }, 
            "Separated" : {
                "female" : 0.02382862, 
                "male" : 0.01830664
            }, 
            "Absent Spouse" : {
                "female" : 0.04238744, 
                "male" : 0.05130676
            }, 
            "Widowed" : {
                "female" : 0.12647497, 
                "male" : 0.03745634
            }, 
            "Divorced" : {
                "female" : 0.12945355, 
                "male" : 0.11537998
            }
        }, 
        "ancestry" : {
            "Other" : 0.32625831, 
            "American" : 0.24159544, 
            "Unclassified" : 0.17659069, 
            "German" : 0.12340931, 
            "Irish" : 0.09382716, 
            "English" : 0.05826211, 
            "French" : 0.03993352, 
            "Italian" : 0.02787274, 
            "Scottish" : 0.01761633, 
            "Scotch-Irish" : 0.01073124, 
            "Dutch" : 0.00911681, 
            "Swiss" : 0.00906933, 
            "Subsaharan African" : 0.00902184, 
            "African" : 0.00902184, 
            "Polish" : 0.00892688, 
            "European" : 0.00560304, 
            "Mexican" : 0.8443038, 
            "Other Hispanic" : 0.03167, 
            "Spanish" : 0.12151899000000001, 
            "Central American" : 0.00456, 
            "Honduran" : 0.055696199999999994, 
            "South American" : 0.00209, 
            "Colombian" : 0.015189870000000001, 
            "Spaniard" : 0.00057, 
            "Cuban" : 0.015189870000000001, 
            "Thai" : 0.875, 
            "Filipino" : 0.00066
        }, 
        "employment_status" : {
            "Armed Forces" : 0.000842, 
            "Employed" : 0.50171408, 
            "Unemployed" : 0.03909304, 
            "Other" : 0.45835088
        }, 
        "industries" : {
            "Manufacturing" : 0.11867658, 
            "Education" : 0.11771757, 
            "Healthcare" : 0.11520019, 
            "Retail" : 0.11448093999999999, 
            "Construction" : 0.08367298, 
            "Finance & Insurance" : 0.05789978, 
            "Hospitality" : 0.05466315, 
            "Transportation" : 0.0544234, 
            "Agriculture" : 0.048669380000000005, 
            "Administrative" : 0.04255574, 
            "Government" : 0.03919923, 
            "Oil & Gas, and Mining" : 0.0350036, 
            "Other Services" : 0.03380484, 
            "Wholesalers" : 0.0272117, 
            "Information" : 0.01498442, 
            "Professional" : 0.01438504, 
            "Utilities" : 0.013066409999999999, 
            "Real estate" : 0.00755215, 
            "Entertainment" : 0.00683289, 
            "Management" : 0.0
        }, 
        "educational_attainment" : {
            "Doctorate" : 0.00730229, 
            "Professional" : 0.0052356, 
            "Master's" : 0.04360705, 
            "Bachelor's" : 0.11304767, 
            "Associate's" : 0.06448057, 
            "Some College" : 0.19302838, 
            "High School" : 0.42298154, 
            "Some H.S." : 0.09995867, 
            "Less than H.S." : 0.04023147, 
            "None" : 0.010126759999999999
        }
    }
}