{
    "name" : "Greene County", 
	"state" : "Arkansas", 
	"FIPS" : "05055",
    "population" : 43745, 
    "demographics" : {
        "race_and_ethnicity" : {
            "White" : 0.94248486, 
            "Hispanic" : 0.02599154, 
            "Black" : 0.00939536, 
            "Asian" : 0.00134873, 
            "Mixed" : 0.015818950000000002, 
            "Other" : 0.00496057
        }, 
        "age_and_sex" : {
            "85+" : 0.0187, 
            "80-84" : 0.013349999999999999, 
            "75-79" : 0.028069999999999998, 
            "70-74" : 0.04119, 
            "67-69" : 0.03024, 
            "65-66" : 0.01772, 
            "62-64" : 0.03239, 
            "60-61" : 0.020870000000000003, 
            "55-59" : 0.06629, 
            "50-54" : 0.06913, 
            "45-49" : 0.06748, 
            "40-44" : 0.07397000000000001, 
            "35-39" : 0.05662, 
            "30-34" : 0.0625, 
            "25-29" : 0.0646, 
            "22-24" : 0.03564, 
            "21" : 0.020569999999999998, 
            "20" : 0.011479999999999999, 
            "18-19" : 0.02407, 
            "15-17" : 0.04332, 
            "10-14" : 0.06261, 
            "5-9" : 0.07564, 
            "0-4" : 0.06353
        }, 
        "household_types" : {
            "Married" : 0.54037934, 
            "Single Female" : 0.11899081, 
            "Single Male" : 0.03990218, 
            "One-Person" : 0.24901587, 
            "Other Non-Family" : 0.051711799999999995
        }, 
        "marital_status" : {
            "Never Married" : {
                "female" : 0.18617081, 
                "male" : 0.25705785999999997
            }, 
            "Now Married" : {
                "female" : 0.49178575, 
                "male" : 0.5524965000000001
            }, 
            "Separated" : {
                "female" : 0.03274446, 
                "male" : 0.018723749999999997
            }, 
            "Absent Spouse" : {
                "female" : 0.02171711, 
                "male" : 0.01294914
            }, 
            "Widowed" : {
                "female" : 0.09885226, 
                "male" : 0.027589830000000003
            }, 
            "Divorced" : {
                "female" : 0.16872961, 
                "male" : 0.13118292
            }
        }, 
        "ancestry" : {
            "Unclassified" : 0.35686364, 
            "Other" : 0.25804092, 
            "American" : 0.15284032, 
            "Irish" : 0.14289633000000002, 
            "German" : 0.10044577, 
            "English" : 0.06771060000000001, 
            "Dutch" : 0.023225509999999998, 
            "French" : 0.01408161, 
            "Italian" : 0.01405875, 
            "Scottish" : 0.01222997, 
            "Scotch-Irish" : 0.007337979999999999, 
            "Mexican" : 0.8400349699999999, 
            "Central American" : 0.02197, 
            "Guatemalan" : 0.12237762, 
            "Salvadoran" : 0.0032, 
            "Other Hispanic" : 0.06818182, 
            "Japanese" : 0.42372881, 
            "Filipino" : 0.00057, 
            "Chinese" : 0.30508475
        }, 
        "employment_status" : {
            "Armed Forces" : 0.00043766, 
            "Employed" : 0.53371459, 
            "Unemployed" : 0.047413420000000005, 
            "Other" : 0.41843434
        }, 
        "industries" : {
            "Manufacturing" : 0.23239668000000002, 
            "Healthcare" : 0.16723158000000002, 
            "Retail" : 0.12737809, 
            "Education" : 0.09113274, 
            "Hospitality" : 0.05417669, 
            "Construction" : 0.04324295, 
            "Transportation" : 0.04324295, 
            "Other Services" : 0.042368249999999996, 
            "Finance & Insurance" : 0.041766889999999994, 
            "Government" : 0.0312705, 
            "Wholesalers" : 0.02891975, 
            "Administrative" : 0.025366279999999998, 
            "Agriculture" : 0.02356221, 
            "Professional" : 0.01465121, 
            "Utilities" : 0.011644429999999999, 
            "Information" : 0.010441720000000002, 
            "Real estate" : 0.00475618, 
            "Entertainment" : 0.0045375, 
            "Oil & Gas, and Mining" : 0.0018587400000000002, 
            "Management" : 5.467e-05
        }, 
        "educational_attainment" : {
            "Doctorate" : 0.00455031, 
            "Professional" : 0.0072736, 
            "Master's" : 0.04015995, 
            "Bachelor's" : 0.11244786, 
            "Associate's" : 0.049743180000000005, 
            "Some College" : 0.20855597, 
            "High School" : 0.42979765000000003, 
            "Some H.S." : 0.1007963, 
            "Less than H.S." : 0.03567858, 
            "None" : 0.010996589999999999
        }
    }
}