{
    "name" : "Sharp County", 
	"state" : "Arkansas", 
	"FIPS" : "05135",
    "population" : 17027, 
    "demographics" : {
        "race_and_ethnicity" : {
            "White" : 0.9402713300000001, 
            "Hispanic" : 0.02020321, 
            "Black" : 0.00323016, 
            "Asian" : 0.005696830000000001, 
            "Mixed" : 0.02472544, 
            "Other" : 0.0058730300000000004
        }, 
        "age_and_sex" : {
            "85+" : 0.02919, 
            "80-84" : 0.03465, 
            "75-79" : 0.042699999999999995, 
            "70-74" : 0.07788, 
            "67-69" : 0.03712, 
            "65-66" : 0.03342, 
            "62-64" : 0.036469999999999995, 
            "60-61" : 0.033479999999999996, 
            "55-59" : 0.07429000000000001, 
            "50-54" : 0.07458999999999999, 
            "45-49" : 0.0602, 
            "40-44" : 0.05104, 
            "35-39" : 0.045810000000000003, 
            "30-34" : 0.04516, 
            "25-29" : 0.045810000000000003, 
            "22-24" : 0.01821, 
            "21" : 0.01145, 
            "20" : 0.01562, 
            "18-19" : 0.02214, 
            "15-17" : 0.039169999999999996, 
            "10-14" : 0.058730000000000004, 
            "5-9" : 0.06484, 
            "0-4" : 0.04804
        }, 
        "household_types" : {
            "Married" : 0.46338798, 
            "Single Female" : 0.09959016, 
            "Single Male" : 0.03756831, 
            "One-Person" : 0.33893442999999995, 
            "Other Non-Family" : 0.06051913
        }, 
        "marital_status" : {
            "Never Married" : {
                "female" : 0.15339644, 
                "male" : 0.21716515
            }, 
            "Now Married" : {
                "female" : 0.48942093999999997, 
                "male" : 0.5067186800000001
            }, 
            "Separated" : {
                "female" : 0.01907016, 
                "male" : 0.030342440000000002
            }, 
            "Absent Spouse" : {
                "female" : 0.01614699, 
                "male" : 0.030053459999999997
            }, 
            "Widowed" : {
                "female" : 0.15840757, 
                "male" : 0.052015599999999995
            }, 
            "Divorced" : {
                "female" : 0.16355791, 
                "male" : 0.16370467000000002
            }
        }, 
        "ancestry" : {
            "Unclassified" : 0.27603217999999996, 
            "Other" : 0.20684795, 
            "German" : 0.18394315, 
            "American" : 0.16344629000000002, 
            "Irish" : 0.15962882, 
            "English" : 0.10506842000000001, 
            "Dutch" : 0.028836550000000002, 
            "Scottish" : 0.017795270000000002, 
            "French" : 0.01761908, 
            "Italian" : 0.01491748, 
            "Norwegian" : 0.01491748, 
            "Scotch-Irish" : 0.013684149999999999, 
            "Cajun" : 0.00716509, 
            "Hungarian" : 0.00663652, 
            "European" : 0.00657779, 
            "Polish" : 0.0062841400000000006, 
            "Swedish" : 0.005050799999999999, 
            "Mexican" : 0.54366197, 
            "Puerto Rican" : 0.01133, 
            "Other Hispanic" : 0.24225352, 
            "Spaniard" : 0.00505, 
            "Spanish" : 0.16619718, 
            "Central American" : 0.0034699999999999996, 
            "Guatemalan" : 0.08732393999999999, 
            "Chinese" : 0.93814433, 
            "Filipino" : 0.00534, 
            "Mixed" : 0.02061856, 
            "Indian" : 0.00012, 
            "Cambodian" : 0.02061856
        }, 
        "employment_status" : {
            "Armed Forces" : 7.219e-05, 
            "Employed" : 0.42741644, 
            "Unemployed" : 0.03674294, 
            "Other" : 0.53576843
        }, 
        "industries" : {
            "Healthcare" : 0.17057929000000002, 
            "Manufacturing" : 0.12599223, 
            "Retail" : 0.11011653, 
            "Hospitality" : 0.09576085000000001, 
            "Construction" : 0.09238304, 
            "Education" : 0.08562742999999999, 
            "Other Services" : 0.07448066, 
            "Transportation" : 0.05438271, 
            "Government" : 0.03310252, 
            "Professional" : 0.027866909999999998, 
            "Finance & Insurance" : 0.02415133, 
            "Agriculture" : 0.019760180000000002, 
            "Utilities" : 0.0175646, 
            "Administrative" : 0.01334234, 
            "Oil & Gas, and Mining" : 0.01317345, 
            "Wholesalers" : 0.012835669999999999, 
            "Information" : 0.012835669999999999, 
            "Real estate" : 0.010302309999999999, 
            "Entertainment" : 0.005742270000000001, 
            "Management" : 0.0
        }, 
        "educational_attainment" : {
            "Doctorate" : 0.00488202, 
            "Professional" : 0.00528885, 
            "Master's" : 0.028315700000000003, 
            "Bachelor's" : 0.062408460000000006, 
            "Associate's" : 0.08039056, 
            "Some College" : 0.2194467, 
            "High School" : 0.43157038, 
            "Some H.S." : 0.11611065999999999, 
            "Less than H.S." : 0.04035801, 
            "None" : 0.011228640000000002
        }
    }
}