{
    "name" : "Bradley County", 
	"state" : "Arkansas", 
	"FIPS" : "05011",
    "population" : 11096, 
    "demographics" : {
        "race_and_ethnicity" : {
            "White" : 0.564708, 
            "Hispanic" : 0.14032084, 
            "Black" : 0.29190699, 
            "Asian" : 0.0, 
            "Mixed" : 0.00234319, 
            "Other" : 0.00072098
        }, 
        "age_and_sex" : {
            "85+" : 0.02262, 
            "80-84" : 0.02181, 
            "75-79" : 0.03938, 
            "70-74" : 0.05056, 
            "67-69" : 0.02749, 
            "65-66" : 0.021, 
            "62-64" : 0.033530000000000004, 
            "60-61" : 0.037759999999999995, 
            "55-59" : 0.06363, 
            "50-54" : 0.07291, 
            "45-49" : 0.06597, 
            "40-44" : 0.05678, 
            "35-39" : 0.0547, 
            "30-34" : 0.06038, 
            "25-29" : 0.05479, 
            "22-24" : 0.03371, 
            "21" : 0.00766, 
            "20" : 0.013340000000000001, 
            "18-19" : 0.02704, 
            "15-17" : 0.03713, 
            "10-14" : 0.06218, 
            "5-9" : 0.07147, 
            "0-4" : 0.06417
        }, 
        "household_types" : {
            "Married" : 0.44637363, 
            "Single Female" : 0.14153846, 
            "Single Male" : 0.05648352, 
            "One-Person" : 0.32989010999999996, 
            "Other Non-Family" : 0.02571429
        }, 
        "marital_status" : {
            "Never Married" : {
                "female" : 0.23410279, 
                "male" : 0.30563936
            }, 
            "Now Married" : {
                "female" : 0.44359755999999995, 
                "male" : 0.47458807000000003
            }, 
            "Separated" : {
                "female" : 0.04137631, 
                "male" : 0.0429334
            }, 
            "Absent Spouse" : {
                "female" : 0.019163760000000002, 
                "male" : 0.0269204
            }, 
            "Widowed" : {
                "female" : 0.13327526, 
                "male" : 0.05035971
            }, 
            "Divorced" : {
                "female" : 0.12848432, 
                "male" : 0.09955906
            }
        }, 
        "employment_status" : {
            "Armed Forces" : 0.0, 
            "Employed" : 0.46405603999999995, 
            "Unemployed" : 0.05718879, 
            "Other" : 0.47875517
        }, 
        "industries" : {
            "Manufacturing" : 0.16901757, 
            "Healthcare" : 0.15491215, 
            "Education" : 0.11977233, 
            "Retail" : 0.09997525, 
            "Agriculture" : 0.09799555, 
            "Construction" : 0.08290027, 
            "Government" : 0.06260827, 
            "Hospitality" : 0.04355358, 
            "Other Services" : 0.03860431, 
            "Administrative" : 0.02697352, 
            "Finance & Insurance" : 0.024251420000000003, 
            "Transportation" : 0.01905469, 
            "Wholesalers" : 0.01756991, 
            "Professional" : 0.01756991, 
            "Real estate" : 0.01088839, 
            "Information" : 0.007671369999999999, 
            "Utilities" : 0.00321703, 
            "Entertainment" : 0.00296956, 
            "Oil & Gas, and Mining" : 0.00049493, 
            "Management" : 0.0
        }, 
        "educational_attainment" : {
            "Doctorate" : 0.00290161, 
            "Professional" : 0.005011870000000001, 
            "Master's" : 0.029147979999999997, 
            "Bachelor's" : 0.10524927, 
            "Associate's" : 0.05790028999999999, 
            "Some College" : 0.18398839, 
            "High School" : 0.41453442, 
            "Some H.S." : 0.13360591, 
            "Less than H.S." : 0.05354788, 
            "None" : 0.01411237
        }
    }
}