{
    "name" : "Columbia County", 
	"state" : "Arkansas", 
	"FIPS" : "05027",
    "population" : 24168, 
    "demographics" : {
        "race_and_ethnicity" : {
            "White" : 0.5921880199999999, 
            "Hispanic" : 0.02408143, 
            "Black" : 0.34839457, 
            "Asian" : 0.010592520000000001, 
            "Mixed" : 0.00736511, 
            "Other" : 0.01737835
        }, 
        "age_and_sex" : {
            "85+" : 0.021429999999999998, 
            "80-84" : 0.02379, 
            "75-79" : 0.03323, 
            "70-74" : 0.045270000000000005, 
            "67-69" : 0.02752, 
            "65-66" : 0.01436, 
            "62-64" : 0.04034, 
            "60-61" : 0.025070000000000002, 
            "55-59" : 0.05425, 
            "50-54" : 0.06165, 
            "45-49" : 0.055069999999999994, 
            "40-44" : 0.055689999999999996, 
            "35-39" : 0.05023, 
            "30-34" : 0.05499, 
            "25-29" : 0.05942, 
            "22-24" : 0.05631, 
            "21" : 0.022879999999999998, 
            "20" : 0.02267, 
            "18-19" : 0.061529999999999994, 
            "15-17" : 0.03757, 
            "10-14" : 0.05578, 
            "5-9" : 0.060410000000000005, 
            "0-4" : 0.06053
        }, 
        "household_types" : {
            "Married" : 0.47016179999999996, 
            "Single Female" : 0.16495062000000002, 
            "Single Male" : 0.03845346, 
            "One-Person" : 0.27096029, 
            "Other Non-Family" : 0.05547384
        }, 
        "marital_status" : {
            "Never Married" : {
                "female" : 0.293167, 
                "male" : 0.36668098
            }, 
            "Now Married" : {
                "female" : 0.41744636999999996, 
                "male" : 0.49044654
            }, 
            "Separated" : {
                "female" : 0.03336169, 
                "male" : 0.00976814
            }, 
            "Absent Spouse" : {
                "female" : 0.022398639999999997, 
                "male" : 0.01674538
            }, 
            "Widowed" : {
                "female" : 0.1131273, 
                "male" : 0.03928725
            }, 
            "Divorced" : {
                "female" : 0.12049901, 
                "male" : 0.07707169999999999
            }
        }, 
        "ancestry" : {
            "Other" : 0.44832009, 
            "Unclassified" : 0.22955974999999998, 
            "American" : 0.13629593, 
            "Irish" : 0.09313969, 
            "English" : 0.0740235, 
            "German" : 0.05085237, 
            "French" : 0.01506124, 
            "Scotch-Irish" : 0.01295101, 
            "Scottish" : 0.01042701, 
            "Italian" : 0.010095989999999999, 
            "Dutch" : 0.0091857, 
            "European" : 0.00587554, 
            "Mexican" : 0.84168013, 
            "Central American" : 0.021560000000000003, 
            "Honduran" : 0.09693053000000001, 
            "Other Hispanic" : 0.00248, 
            "South American" : 0.09693053000000001, 
            "Venezuelan" : 0.00248, 
            "Cambodian" : 0.55859375, 
            "Vietnamese" : 0.00592, 
            "Malaysian" : 0.125, 
            "Chinese" : 0.00132, 
            "Nepalese" : 0.11328125, 
            "Indian" : 0.0012
        }, 
        "employment_status" : {
            "Armed Forces" : 0.0, 
            "Employed" : 0.51817301, 
            "Unemployed" : 0.05321915, 
            "Other" : 0.42860784
        }, 
        "industries" : {
            "Manufacturing" : 0.20245942, 
            "Education" : 0.16783079, 
            "Retail" : 0.12602066, 
            "Healthcare" : 0.11441219999999999, 
            "Hospitality" : 0.06817511, 
            "Oil & Gas, and Mining" : 0.047811120000000006, 
            "Other Services" : 0.0398426, 
            "Construction" : 0.03846532, 
            "Government" : 0.03531727, 
            "Transportation" : 0.02823414, 
            "Wholesalers" : 0.02518446, 
            "Finance & Insurance" : 0.02429907, 
            "Administrative" : 0.02134776, 
            "Professional" : 0.01682243, 
            "Agriculture" : 0.01416626, 
            "Entertainment" : 0.011116580000000001, 
            "Real estate" : 0.00737826, 
            "Utilities" : 0.00541072, 
            "Information" : 0.00442696, 
            "Management" : 0.0012789000000000001
        }, 
        "educational_attainment" : {
            "Doctorate" : 0.00452128, 
            "Professional" : 0.0032579799999999997, 
            "Master's" : 0.06243351, 
            "Bachelor's" : 0.14893617, 
            "Associate's" : 0.051462770000000005, 
            "Some College" : 0.18869681, 
            "High School" : 0.39235371999999996, 
            "Some H.S." : 0.09787234, 
            "Less than H.S." : 0.04408245, 
            "None" : 0.00638298
        }
    }
}