{
    "name" : "Desha County", 
	"state" : "Arkansas", 
	"FIPS" : "05041",
    "population" : 12234, 
    "demographics" : {
        "race_and_ethnicity" : {
            "White" : 0.45913029, 
            "Hispanic" : 0.05165930999999999, 
            "Black" : 0.47711296, 
            "Asian" : 0.00114435, 
            "Mixed" : 0.00907308, 
            "Other" : 0.00188001
        }, 
        "age_and_sex" : {
            "85+" : 0.02444, 
            "80-84" : 0.02109, 
            "75-79" : 0.02779, 
            "70-74" : 0.04782, 
            "67-69" : 0.031139999999999998, 
            "65-66" : 0.01806, 
            "62-64" : 0.04259, 
            "60-61" : 0.037599999999999995, 
            "55-59" : 0.06474, 
            "50-54" : 0.06972, 
            "45-49" : 0.058609999999999995, 
            "40-44" : 0.051089999999999997, 
            "35-39" : 0.05959, 
            "30-34" : 0.04904, 
            "25-29" : 0.05141, 
            "22-24" : 0.03212, 
            "21" : 0.01627, 
            "20" : 0.00801, 
            "18-19" : 0.03229, 
            "15-17" : 0.046180000000000006, 
            "10-14" : 0.07242, 
            "5-9" : 0.06923, 
            "0-4" : 0.06874
        }, 
        "household_types" : {
            "Married" : 0.38035988000000004, 
            "Single Female" : 0.20712098, 
            "Single Male" : 0.04364472, 
            "One-Person" : 0.33614089, 
            "Other Non-Family" : 0.03273354
        }, 
        "marital_status" : {
            "Never Married" : {
                "female" : 0.28880045, 
                "male" : 0.32762948000000003
            }, 
            "Now Married" : {
                "female" : 0.37559219, 
                "male" : 0.46931326
            }, 
            "Separated" : {
                "female" : 0.05173394, 
                "male" : 0.02213096
            }, 
            "Absent Spouse" : {
                "female" : 0.01383362, 
                "male" : 0.014830030000000001
            }, 
            "Widowed" : {
                "female" : 0.14288420999999998, 
                "male" : 0.043121150000000004
            }, 
            "Divorced" : {
                "female" : 0.12715558, 
                "male" : 0.12297513
            }
        }, 
        "ancestry" : {
            "Other" : 0.59261076, 
            "Unclassified" : 0.13683178, 
            "English" : 0.11901259, 
            "American" : 0.07912374999999999, 
            "German" : 0.06040543, 
            "Irish" : 0.04471146, 
            "Italian" : 0.01234265, 
            "Subsaharan African" : 0.00923655, 
            "African" : 0.00923655, 
            "French" : 0.00784698, 
            "European" : 0.0065391500000000005, 
            "Scotch-Irish" : 0.00637567, 
            "Dutch" : 0.005966979999999999, 
            "Mexican" : 0.98598131, 
            "Central American" : 0.05174, 
            "Nicaraguan" : 0.01401869, 
            "Korean" : 0.5, 
            "Thai" : 0.00057
        }, 
        "employment_status" : {
            "Armed Forces" : 0.0, 
            "Employed" : 0.46166683999999997, 
            "Unemployed" : 0.06790445, 
            "Other" : 0.47042870999999997
        }, 
        "industries" : {
            "Retail" : 0.14414822, 
            "Agriculture" : 0.13759601999999999, 
            "Healthcare" : 0.12291007999999999, 
            "Education" : 0.12268414, 
            "Manufacturing" : 0.10619068999999999, 
            "Government" : 0.08788974, 
            "Hospitality" : 0.05648441, 
            "Construction" : 0.05106191, 
            "Transportation" : 0.03456846, 
            "Other Services" : 0.03343877, 
            "Real estate" : 0.02327158, 
            "Finance & Insurance" : 0.017397199999999998, 
            "Information" : 0.014911879999999999, 
            "Administrative" : 0.01355626, 
            "Professional" : 0.01242657, 
            "Entertainment" : 0.01016719, 
            "Wholesalers" : 0.0072299999999999994, 
            "Utilities" : 0.0033890599999999997, 
            "Oil & Gas, and Mining" : 0.0006778099999999999, 
            "Management" : 0.0
        }, 
        "educational_attainment" : {
            "Doctorate" : 0.0019975, 
            "Professional" : 0.00187266, 
            "Master's" : 0.03732834, 
            "Bachelor's" : 0.0906367, 
            "Associate's" : 0.04069913, 
            "Some College" : 0.19188514, 
            "High School" : 0.39687890000000003, 
            "Some H.S." : 0.16317104000000002, 
            "Less than H.S." : 0.05717853, 
            "None" : 0.01835206
        }
    }
}