{
    "name" : "Independence County", 
	"state" : "Arkansas", 
	"FIPS" : "05063",
    "population" : 37030, 
    "demographics" : {
        "race_and_ethnicity" : {
            "White" : 0.8929516599999999, 
            "Hispanic" : 0.0599784, 
            "Black" : 0.0194977, 
            "Asian" : 0.00858763, 
            "Mixed" : 0.01550095, 
            "Other" : 0.00348366
        }, 
        "age_and_sex" : {
            "85+" : 0.02169, 
            "80-84" : 0.02328, 
            "75-79" : 0.03068, 
            "70-74" : 0.03697, 
            "67-69" : 0.032189999999999996, 
            "65-66" : 0.02252, 
            "62-64" : 0.035750000000000004, 
            "60-61" : 0.025249999999999998, 
            "55-59" : 0.06994, 
            "50-54" : 0.06781, 
            "45-49" : 0.06489, 
            "40-44" : 0.0613, 
            "35-39" : 0.060919999999999995, 
            "30-34" : 0.06319, 
            "25-29" : 0.058929999999999996, 
            "22-24" : 0.03395, 
            "21" : 0.010320000000000001, 
            "20" : 0.01466, 
            "18-19" : 0.025840000000000002, 
            "15-17" : 0.04056, 
            "10-14" : 0.06484, 
            "5-9" : 0.07173, 
            "0-4" : 0.06279
        }, 
        "household_types" : {
            "Married" : 0.51341157, 
            "Single Female" : 0.10882928, 
            "Single Male" : 0.060421909999999995, 
            "One-Person" : 0.2773121, 
            "Other Non-Family" : 0.040025149999999995
        }, 
        "marital_status" : {
            "Never Married" : {
                "female" : 0.20241339, 
                "male" : 0.26717718
            }, 
            "Now Married" : {
                "female" : 0.48138056, 
                "male" : 0.53632148
            }, 
            "Separated" : {
                "female" : 0.03178928, 
                "male" : 0.03006885
            }, 
            "Absent Spouse" : {
                "female" : 0.0121967, 
                "male" : 0.026837149999999997
            }, 
            "Widowed" : {
                "female" : 0.12384845, 
                "male" : 0.022340870000000002
            }, 
            "Divorced" : {
                "female" : 0.14837161, 
                "male" : 0.11725446
            }
        }, 
        "ancestry" : {
            "Unclassified" : 0.3273562, 
            "Other" : 0.24283014000000003, 
            "American" : 0.15274102, 
            "Irish" : 0.12341345000000001, 
            "German" : 0.12003781, 
            "English" : 0.08223062, 
            "Scottish" : 0.026843099999999998, 
            "Scotch-Irish" : 0.01952471, 
            "French" : 0.017931410000000002, 
            "Dutch" : 0.0121253, 
            "Italian" : 0.011504190000000001, 
            "European" : 0.01142317, 
            "Polish" : 0.00766946, 
            "Swedish" : 0.0058061, 
            "Mexican" : 0.74561009, 
            "Central American" : 0.04472, 
            "Guatemalan" : 0.17064385, 
            "Other Hispanic" : 0.01023, 
            "Spaniard" : 0.15488519, 
            "Salvadoran" : 0.00929, 
            "Vietnamese" : 0.63207547, 
            "Thai" : 0.005430000000000001, 
            "Indian" : 0.13836478, 
            "Japanese" : 0.0011899999999999999
        }, 
        "employment_status" : {
            "Armed Forces" : 0.0, 
            "Employed" : 0.53522572, 
            "Unemployed" : 0.03854309, 
            "Other" : 0.42623119000000004
        }, 
        "industries" : {
            "Manufacturing" : 0.15335463000000002, 
            "Healthcare" : 0.15060703, 
            "Education" : 0.11322684000000001, 
            "Retail" : 0.09437699999999999, 
            "Hospitality" : 0.08172523999999999, 
            "Construction" : 0.07961661, 
            "Other Services" : 0.048178910000000005, 
            "Transportation" : 0.0428754, 
            "Government" : 0.038849840000000004, 
            "Finance & Insurance" : 0.03616613, 
            "Administrative" : 0.03450479, 
            "Agriculture" : 0.03348243, 
            "Information" : 0.02031949, 
            "Wholesalers" : 0.01840256, 
            "Oil & Gas, and Mining" : 0.01584665, 
            "Professional" : 0.01450479, 
            "Utilities" : 0.014121410000000001, 
            "Entertainment" : 0.00619808, 
            "Real estate" : 0.00364217, 
            "Management" : 0.0
        }, 
        "educational_attainment" : {
            "Doctorate" : 0.008237689999999999, 
            "Professional" : 0.00995721, 
            "Master's" : 0.04542728, 
            "Bachelor's" : 0.11256848, 
            "Associate's" : 0.07157996, 
            "Some College" : 0.22173791, 
            "High School" : 0.37537489999999996, 
            "Some H.S." : 0.09889231000000001, 
            "Less than H.S." : 0.04190827, 
            "None" : 0.01431599
        }
    }
}