{
    "name" : "Phillips County", 
	"state" : "Arkansas", 
	"FIPS" : "05107",
    "population" : 19929, 
    "demographics" : {
        "race_and_ethnicity" : {
            "White" : 0.34738321, 
            "Hispanic" : 0.01615736, 
            "Black" : 0.62271062, 
            "Asian" : 0.0011541, 
            "Mixed" : 0.01174168, 
            "Other" : 0.0008530300000000001
        }, 
        "age_and_sex" : {
            "85+" : 0.01907, 
            "80-84" : 0.02092, 
            "75-79" : 0.028050000000000002, 
            "70-74" : 0.039689999999999996, 
            "67-69" : 0.0278, 
            "65-66" : 0.027000000000000003, 
            "62-64" : 0.03553, 
            "60-61" : 0.027000000000000003, 
            "55-59" : 0.07351, 
            "50-54" : 0.06869, 
            "45-49" : 0.056799999999999996, 
            "40-44" : 0.040839999999999994, 
            "35-39" : 0.06112, 
            "30-34" : 0.05349, 
            "25-29" : 0.055, 
            "22-24" : 0.03262, 
            "21" : 0.018009999999999998, 
            "20" : 0.01847, 
            "18-19" : 0.02674, 
            "15-17" : 0.04682, 
            "10-14" : 0.08635999999999999, 
            "5-9" : 0.06343, 
            "0-4" : 0.07306
        }, 
        "household_types" : {
            "Married" : 0.33685402000000003, 
            "Single Female" : 0.23047906, 
            "Single Male" : 0.04488872, 
            "One-Person" : 0.35231988000000003, 
            "Other Non-Family" : 0.03545832
        }, 
        "marital_status" : {
            "Never Married" : {
                "female" : 0.36559773999999995, 
                "male" : 0.36211818
            }, 
            "Now Married" : {
                "female" : 0.32291912000000006, 
                "male" : 0.37681987
            }, 
            "Separated" : {
                "female" : 0.05128507, 
                "male" : 0.056808449999999996
            }, 
            "Absent Spouse" : {
                "female" : 0.01780241, 
                "male" : 0.01955467
            }, 
            "Widowed" : {
                "female" : 0.12261259000000001, 
                "male" : 0.04381958
            }, 
            "Divorced" : {
                "female" : 0.11978306999999999, 
                "male" : 0.14087925
            }
        }, 
        "ancestry" : {
            "Other" : 0.6636058, 
            "Unclassified" : 0.18535802, 
            "Irish" : 0.058608060000000003, 
            "American" : 0.04094536, 
            "German" : 0.03668021, 
            "English" : 0.024988709999999997, 
            "Subsaharan African" : 0.024436749999999997, 
            "African" : 0.024135680000000003, 
            "Swiss" : 0.01711074, 
            "French" : 0.01103919, 
            "Dutch" : 0.005971199999999999, 
            "Mexican" : 0.83433735, 
            "Cuban" : 0.0139, 
            "South American" : 0.12650602, 
            "Peruvian" : 0.00211, 
            "Central American" : 0.027108430000000003, 
            "Salvadoran" : 0.00045, 
            "Korean" : 0.43478261, 
            "Vietnamese" : 0.0005, 
            "Indian" : 0.30434783
        }, 
        "employment_status" : {
            "Armed Forces" : 0.0, 
            "Employed" : 0.43896652, 
            "Unemployed" : 0.09398893, 
            "Other" : 0.46704456
        }, 
        "industries" : {
            "Healthcare" : 0.16141141, 
            "Education" : 0.13753754, 
            "Retail" : 0.12432432, 
            "Manufacturing" : 0.08453453, 
            "Agriculture" : 0.08348348, 
            "Transportation" : 0.06771772000000001, 
            "Entertainment" : 0.06486486, 
            "Hospitality" : 0.05885886, 
            "Government" : 0.05525526, 
            "Other Services" : 0.04129129, 
            "Wholesalers" : 0.036486489999999996, 
            "Construction" : 0.02522523, 
            "Administrative" : 0.017867869999999998, 
            "Finance & Insurance" : 0.01261261, 
            "Professional" : 0.01171171, 
            "Information" : 0.006006010000000001, 
            "Utilities" : 0.00435435, 
            "Oil & Gas, and Mining" : 0.0033033000000000003, 
            "Real estate" : 0.0027027, 
            "Management" : 0.00045045
        }, 
        "educational_attainment" : {
            "Doctorate" : 0.00648478, 
            "Professional" : 0.00806643, 
            "Master's" : 0.03163306, 
            "Bachelor's" : 0.07046263, 
            "Associate's" : 0.07916172, 
            "Some College" : 0.25361803, 
            "High School" : 0.31443258, 
            "Some H.S." : 0.14780546, 
            "Less than H.S." : 0.06975089, 
            "None" : 0.01858442
        }
    }
}