{
    "name" : "Union County", 
	"state" : "Arkansas", 
	"FIPS" : "05139",
    "population" : 40334, 
    "demographics" : {
        "race_and_ethnicity" : {
            "White" : 0.61342788, 
            "Hispanic" : 0.0367184, 
            "Black" : 0.32972181999999994, 
            "Asian" : 0.0049586000000000005, 
            "Mixed" : 0.00691724, 
            "Other" : 0.008256059999999999
        }, 
        "age_and_sex" : {
            "85+" : 0.01996, 
            "80-84" : 0.0209, 
            "75-79" : 0.03245, 
            "70-74" : 0.036070000000000005, 
            "67-69" : 0.03094, 
            "65-66" : 0.025459999999999997, 
            "62-64" : 0.038919999999999996, 
            "60-61" : 0.02918, 
            "55-59" : 0.07044, 
            "50-54" : 0.07107999999999999, 
            "45-49" : 0.06223, 
            "40-44" : 0.05531, 
            "35-39" : 0.06253, 
            "30-34" : 0.0663, 
            "25-29" : 0.05836, 
            "22-24" : 0.036469999999999995, 
            "21" : 0.01106, 
            "20" : 0.01004, 
            "18-19" : 0.02204, 
            "15-17" : 0.04111, 
            "10-14" : 0.0629, 
            "5-9" : 0.06999, 
            "0-4" : 0.06625
        }, 
        "household_types" : {
            "Married" : 0.46572667, 
            "Single Female" : 0.15516084, 
            "Single Male" : 0.05005188000000001, 
            "One-Person" : 0.28822559999999997, 
            "Other Non-Family" : 0.04083501
        }, 
        "marital_status" : {
            "Never Married" : {
                "female" : 0.21473997, 
                "male" : 0.30199651
            }, 
            "Now Married" : {
                "female" : 0.46276374, 
                "male" : 0.49227887000000004
            }, 
            "Separated" : {
                "female" : 0.02870728, 
                "male" : 0.01602378
            }, 
            "Absent Spouse" : {
                "female" : 0.02026746, 
                "male" : 0.025134069999999998
            }, 
            "Widowed" : {
                "female" : 0.12404159999999999, 
                "male" : 0.03301673
            }, 
            "Divorced" : {
                "female" : 0.14947994, 
                "male" : 0.13155004
            }
        }, 
        "ancestry" : {
            "Other" : 0.40804284, 
            "American" : 0.24059106, 
            "Unclassified" : 0.20548421, 
            "Irish" : 0.055313140000000004, 
            "English" : 0.053751179999999996, 
            "German" : 0.0377845, 
            "European" : 0.014503889999999998, 
            "French" : 0.01323945, 
            "Scotch-Irish" : 0.00885109, 
            "Italian" : 0.00862796, 
            "Scottish" : 0.00815689, 
            "Dutch" : 0.0059503099999999995, 
            "Mexican" : 0.8277254399999999, 
            "Central American" : 0.0305, 
            "Guatemalan" : 0.0948856, 
            "Other Hispanic" : 0.0034999999999999996, 
            "Cuban" : 0.07806191, 
            "Spaniard" : 0.0028799999999999997, 
            "Honduran" : 0.03903096, 
            "Salvadoran" : 0.0014399999999999999, 
            "Indian" : 0.5, 
            "Korean" : 0.00248, 
            "Filipino" : 0.345, 
            "Chinese" : 0.0017100000000000001, 
            "Hmong" : 0.075
        }, 
        "employment_status" : {
            "Armed Forces" : 0.00034915, 
            "Employed" : 0.5135057900000001, 
            "Unemployed" : 0.05084907, 
            "Other" : 0.43529598
        }, 
        "industries" : {
            "Healthcare" : 0.14977129, 
            "Manufacturing" : 0.14964767, 
            "Retail" : 0.13586352, 
            "Education" : 0.09123500999999999, 
            "Construction" : 0.06892076, 
            "Hospitality" : 0.06230684, 
            "Other Services" : 0.06131784, 
            "Transportation" : 0.04067252, 
            "Government" : 0.036222029999999995, 
            "Administrative" : 0.03449128, 
            "Finance & Insurance" : 0.03201879, 
            "Professional" : 0.030411670000000002, 
            "Information" : 0.019347259999999998, 
            "Utilities" : 0.01625664, 
            "Wholesalers" : 0.01607121, 
            "Agriculture" : 0.015144020000000001, 
            "Real estate" : 0.013351459999999999, 
            "Oil & Gas, and Mining" : 0.01217703, 
            "Entertainment" : 0.00964272, 
            "Management" : 0.00513042
        }, 
        "educational_attainment" : {
            "Doctorate" : 0.00386396, 
            "Professional" : 0.00940473, 
            "Master's" : 0.03776474, 
            "Bachelor's" : 0.14125324, 
            "Associate's" : 0.07162906000000001, 
            "Some College" : 0.21397587, 
            "High School" : 0.3596034, 
            "Some H.S." : 0.11223709, 
            "Less than H.S." : 0.03557759, 
            "None" : 0.01469034
        }
    }
}