{
    "name" : "Seneca County", 
	"state" : "New York", 
	"FIPS" : "36099",
    "population" : 35036, 
    "demographics" : {
        "race_and_ethnicity" : {
            "White" : 0.89430871, 
            "Hispanic" : 0.02717205, 
            "Black" : 0.047979219999999996, 
            "Asian" : 0.00742094, 
            "Mixed" : 0.01889485, 
            "Other" : 0.00422423
        }, 
        "age_and_sex" : {
            "85+" : 0.022690000000000002, 
            "80-84" : 0.021179999999999997, 
            "75-79" : 0.030600000000000002, 
            "70-74" : 0.03982, 
            "67-69" : 0.03142, 
            "65-66" : 0.02629, 
            "62-64" : 0.03836, 
            "60-61" : 0.02874, 
            "55-59" : 0.07889, 
            "50-54" : 0.07661, 
            "45-49" : 0.06907, 
            "40-44" : 0.06411, 
            "35-39" : 0.049980000000000004, 
            "30-34" : 0.06245, 
            "25-29" : 0.07118000000000001, 
            "22-24" : 0.04755, 
            "21" : 0.00754, 
            "20" : 0.01133, 
            "18-19" : 0.01981, 
            "15-17" : 0.03576, 
            "10-14" : 0.06037, 
            "5-9" : 0.05061, 
            "0-4" : 0.05566
        }, 
        "household_types" : {
            "Married" : 0.46225862999999995, 
            "Single Female" : 0.09998537, 
            "Single Male" : 0.04695728, 
            "One-Person" : 0.30375951, 
            "Other Non-Family" : 0.0870392
        }, 
        "marital_status" : {
            "Never Married" : {
                "female" : 0.25871042, 
                "male" : 0.36442333
            }, 
            "Now Married" : {
                "female" : 0.45785745, 
                "male" : 0.41480083
            }, 
            "Separated" : {
                "female" : 0.01669799, 
                "male" : 0.024668060000000002
            }, 
            "Absent Spouse" : {
                "female" : 0.01987856, 
                "male" : 0.0366441
            }, 
            "Widowed" : {
                "female" : 0.10300708, 
                "male" : 0.03456131
            }, 
            "Divorced" : {
                "female" : 0.14384849, 
                "male" : 0.12490237
            }
        }, 
        "ancestry" : {
            "German" : 0.19211667999999998, 
            "Irish" : 0.1785592, 
            "Other" : 0.17068158, 
            "Unclassified" : 0.16879781000000002, 
            "Italian" : 0.15601096, 
            "English" : 0.13820071, 
            "American" : 0.08111657, 
            "Dutch" : 0.05031967, 
            "French" : 0.0369049, 
            "Polish" : 0.03347985, 
            "Scottish" : 0.024260760000000003, 
            "European" : 0.014156869999999998, 
            "Pennsylvania German" : 0.01150245, 
            "Swiss" : 0.00924763, 
            "Swedish" : 0.00867679, 
            "French Canadian" : 0.00816303, 
            "Welsh" : 0.007106980000000001, 
            "Scotch-Irish" : 0.0065932199999999995, 
            "Canadian" : 0.006022380000000001, 
            "Ukrainian" : 0.00596529, 
            "Puerto Rican" : 0.51868327, 
            "Other Hispanic" : 0.01664, 
            "Cuban" : 0.1227758, 
            "Mexican" : 0.00394, 
            "Dominican" : 0.10409253, 
            "South American" : 0.00334, 
            "Colombian" : 0.08896797, 
            "Central American" : 0.0028499999999999997, 
            "Spanish" : 0.08096085, 
            "Spaniard" : 0.0026, 
            "Peruvian" : 0.0524911, 
            "Panamanian" : 0.00168, 
            "Guatemalan" : 0.04003559, 
            "Honduran" : 0.00128, 
            "Korean" : 0.31923077, 
            "Indian" : 0.0023699999999999997, 
            "Chinese" : 0.24615385, 
            "Laotian" : 0.00183, 
            "Filipino" : 0.15384615000000001, 
            "Thai" : 0.00114, 
            "Vietnamese" : 0.11538462000000001, 
            "Cambodian" : 0.00086
        }, 
        "employment_status" : {
            "Armed Forces" : 0.00031367, 
            "Employed" : 0.53793608, 
            "Unemployed" : 0.03000732, 
            "Other" : 0.43174292999999997
        }, 
        "industries" : {
            "Healthcare" : 0.15931325, 
            "Manufacturing" : 0.15471331, 
            "Retail" : 0.13145448999999998, 
            "Education" : 0.11972789, 
            "Construction" : 0.07081309, 
            "Government" : 0.06524133, 
            "Hospitality" : 0.06044704, 
            "Other Services" : 0.04489796, 
            "Transportation" : 0.03770651, 
            "Agriculture" : 0.03278264, 
            "Administrative" : 0.02241659, 
            "Professional" : 0.02215743, 
            "Finance & Insurance" : 0.01963071, 
            "Wholesalers" : 0.01632653, 
            "Real estate" : 0.01379981, 
            "Entertainment" : 0.01140266, 
            "Utilities" : 0.00971817, 
            "Information" : 0.00615484, 
            "Oil & Gas, and Mining" : 0.0009070300000000001, 
            "Management" : 0.00038873
        }, 
        "educational_attainment" : {
            "Doctorate" : 0.008907080000000001, 
            "Professional" : 0.00926818, 
            "Master's" : 0.06768576, 
            "Bachelor's" : 0.11402664, 
            "Associate's" : 0.12148932999999999, 
            "Some College" : 0.17766009, 
            "High School" : 0.35576152, 
            "Some H.S." : 0.10243139, 
            "Less than H.S." : 0.03386294, 
            "None" : 0.008907080000000001
        }
    }
}