{
    "name" : "Essex County", 
	"state" : "New York", 
	"FIPS" : "36031",
    "population" : 38598, 
    "demographics" : {
        "race_and_ethnicity" : {
            "White" : 0.92048811, 
            "Hispanic" : 0.02873206, 
            "Black" : 0.03090834, 
            "Asian" : 0.00476709, 
            "Mixed" : 0.01072594, 
            "Other" : 0.00437847
        }, 
        "age_and_sex" : {
            "85+" : 0.029169999999999998, 
            "80-84" : 0.025990000000000003, 
            "75-79" : 0.03904, 
            "70-74" : 0.04705, 
            "67-69" : 0.0371, 
            "65-66" : 0.03249, 
            "62-64" : 0.04487, 
            "60-61" : 0.027149999999999997, 
            "55-59" : 0.08609, 
            "50-54" : 0.0814, 
            "45-49" : 0.06982000000000001, 
            "40-44" : 0.05607, 
            "35-39" : 0.060129999999999996, 
            "30-34" : 0.055, 
            "25-29" : 0.06037, 
            "22-24" : 0.031869999999999996, 
            "21" : 0.01054, 
            "20" : 0.01316, 
            "18-19" : 0.02101, 
            "15-17" : 0.03707, 
            "10-14" : 0.044770000000000004, 
            "5-9" : 0.0492, 
            "0-4" : 0.04062
        }, 
        "household_types" : {
            "Married" : 0.51130867, 
            "Single Female" : 0.10020918, 
            "Single Male" : 0.04281605, 
            "One-Person" : 0.29552883, 
            "Other Non-Family" : 0.050137270000000005
        }, 
        "marital_status" : {
            "Never Married" : {
                "female" : 0.23149893, 
                "male" : 0.34195023999999996
            }, 
            "Now Married" : {
                "female" : 0.49032542, 
                "male" : 0.45919359
            }, 
            "Separated" : {
                "female" : 0.02016585, 
                "male" : 0.02539319
            }, 
            "Absent Spouse" : {
                "female" : 0.014763159999999999, 
                "male" : 0.04546754
            }, 
            "Widowed" : {
                "female" : 0.13098379, 
                "male" : 0.03620246
            }, 
            "Divorced" : {
                "female" : 0.11226285000000001, 
                "male" : 0.09179297
            }
        }, 
        "ancestry" : {
            "Irish" : 0.22907923, 
            "Unclassified" : 0.16723664, 
            "French" : 0.16078552999999998, 
            "Other" : 0.15205451, 
            "English" : 0.13337479, 
            "German" : 0.12832271, 
            "Italian" : 0.07940826000000001, 
            "American" : 0.07005544000000001, 
            "French Canadian" : 0.04565003, 
            "Polish" : 0.04062387, 
            "Dutch" : 0.0311156, 
            "Scottish" : 0.026270790000000002, 
            "Scotch-Irish" : 0.01269496, 
            "Welsh" : 0.01212498, 
            "Swedish" : 0.00917146, 
            "European" : 0.00772061, 
            "Russian" : 0.0068397300000000005, 
            "Lithuanian" : 0.006166120000000001, 
            "Arab" : 0.00606249, 
            "Puerto Rican" : 0.48609941, 
            "Mexican" : 0.014950000000000001, 
            "Other Hispanic" : 0.15501264, 
            "Dominican" : 0.00477, 
            "Central American" : 0.09519798, 
            "Cuban" : 0.00293, 
            "South American" : 0.07919124, 
            "Spaniard" : 0.00244, 
            "Guatemalan" : 0.06739679999999999, 
            "Salvadoran" : 0.00207, 
            "Colombian" : 0.05981466, 
            "Ecuadorian" : 0.00184, 
            "Argentinean" : 0.05728728, 
            "Costa Rican" : 0.0017599999999999998, 
            "Honduran" : 0.02611626, 
            "Peruvian" : 0.0008, 
            "Pakistani" : 0.3423913, 
            "Chinese" : 0.0016300000000000002, 
            "Indian" : 0.17934782999999999, 
            "Korean" : 0.0008500000000000001, 
            "Vietnamese" : 0.17391304000000002, 
            "Filipino" : 0.00083, 
            "Japanese" : 0.09782609, 
            "Mongolian" : 0.00047, 
            "Not Specified" : 0.08695652000000001
        }, 
        "employment_status" : {
            "Armed Forces" : 0.0, 
            "Employed" : 0.52759007, 
            "Unemployed" : 0.042907789999999994, 
            "Other" : 0.42950214000000003
        }, 
        "industries" : {
            "Healthcare" : 0.17425765, 
            "Retail" : 0.11509965, 
            "Education" : 0.11038998, 
            "Hospitality" : 0.10234909, 
            "Construction" : 0.08592269, 
            "Manufacturing" : 0.08299350999999999, 
            "Government" : 0.06495893, 
            "Other Services" : 0.043076220000000005, 
            "Entertainment" : 0.033369710000000004, 
            "Professional" : 0.031244619999999997, 
            "Administrative" : 0.026879559999999997, 
            "Agriculture" : 0.02515651, 
            "Finance & Insurance" : 0.022686809999999998, 
            "Transportation" : 0.020331969999999998, 
            "Information" : 0.01671357, 
            "Real estate" : 0.01424387, 
            "Wholesalers" : 0.01361208, 
            "Oil & Gas, and Mining" : 0.00844294, 
            "Utilities" : 0.00827063, 
            "Management" : 0.0
        }, 
        "educational_attainment" : {
            "Doctorate" : 0.012648189999999998, 
            "Professional" : 0.013199609999999999, 
            "Master's" : 0.08381583, 
            "Bachelor's" : 0.13633857000000002, 
            "Associate's" : 0.1006686, 
            "Some College" : 0.20064792, 
            "High School" : 0.34822167, 
            "Some H.S." : 0.07337331, 
            "Less than H.S." : 0.024917289999999998, 
            "None" : 0.00616901
        }
    }
}