{
    "name" : "Evangeline Parish", 
	"state" : "Louisiana", 
	"FIPS" : "22039",
    "population" : 33765, 
    "demographics" : {
        "race_and_ethnicity" : {
            "White" : 0.6735673, 
            "Hispanic" : 0.031363840000000004, 
            "Black" : 0.27424848, 
            "Asian" : 0.00349474, 
            "Mixed" : 0.015370950000000001, 
            "Other" : 0.0019546900000000002
        }, 
        "age_and_sex" : {
            "85+" : 0.01371, 
            "80-84" : 0.0215, 
            "75-79" : 0.024489999999999998, 
            "70-74" : 0.03199, 
            "67-69" : 0.029079999999999998, 
            "65-66" : 0.02038, 
            "62-64" : 0.03963, 
            "60-61" : 0.02035, 
            "55-59" : 0.058609999999999995, 
            "50-54" : 0.06933, 
            "45-49" : 0.06695999999999999, 
            "40-44" : 0.05692, 
            "35-39" : 0.05595, 
            "30-34" : 0.06599000000000001, 
            "25-29" : 0.06599000000000001, 
            "22-24" : 0.03975, 
            "21" : 0.012410000000000001, 
            "20" : 0.01516, 
            "18-19" : 0.03359, 
            "15-17" : 0.043890000000000005, 
            "10-14" : 0.07043, 
            "5-9" : 0.0741, 
            "0-4" : 0.06981
        }, 
        "household_types" : {
            "Married" : 0.44680313, 
            "Single Female" : 0.16241260000000002, 
            "Single Male" : 0.04371999, 
            "One-Person" : 0.31033611, 
            "Other Non-Family" : 0.03672816
        }, 
        "marital_status" : {
            "Never Married" : {
                "female" : 0.28393726, 
                "male" : 0.36150166
            }, 
            "Now Married" : {
                "female" : 0.39573515, 
                "male" : 0.40934855
            }, 
            "Separated" : {
                "female" : 0.04875222, 
                "male" : 0.05204269
            }, 
            "Absent Spouse" : {
                "female" : 0.02209689, 
                "male" : 0.03974972
            }, 
            "Widowed" : {
                "female" : 0.11002086, 
                "male" : 0.03489142
            }, 
            "Divorced" : {
                "female" : 0.13945762, 
                "male" : 0.10246596000000001
            }
        }, 
        "ancestry" : {
            "Other" : 0.46702205999999996, 
            "French" : 0.20888494000000002, 
            "Unclassified" : 0.12954243, 
            "American" : 0.08414038, 
            "French Canadian" : 0.04534281, 
            "English" : 0.04063379, 
            "German" : 0.03894565, 
            "Irish" : 0.03829409, 
            "Cajun" : 0.02153117, 
            "Italian" : 0.013712420000000001, 
            "Subsaharan African" : 0.00722642, 
            "African" : 0.006456389999999999, 
            "Mexican" : 0.37686567, 
            "Central American" : 0.011970000000000001, 
            "Honduran" : 0.35167909999999997, 
            "South American" : 0.01117, 
            "Ecuadorian" : 0.17444030000000002, 
            "Guatemalan" : 0.005540000000000001, 
            "Other Hispanic" : 0.11567164, 
            "Salvadoran" : 0.00367, 
            "Dominican" : 0.11567164, 
            "Spaniard" : 0.00367, 
            "Nicaraguan" : 0.09235075, 
            "Spanish" : 0.00293, 
            "Indian" : 0.96610169, 
            "Laotian" : 0.00338
        }, 
        "employment_status" : {
            "Armed Forces" : 0.0017356399999999999, 
            "Employed" : 0.43502912000000005, 
            "Unemployed" : 0.05469202, 
            "Other" : 0.5085432200000001
        }, 
        "industries" : {
            "Healthcare" : 0.20161362, 
            "Retail" : 0.13396578, 
            "Manufacturing" : 0.08733044, 
            "Education" : 0.07731182, 
            "Construction" : 0.07270148, 
            "Oil & Gas, and Mining" : 0.06543133, 
            "Other Services" : 0.05878181, 
            "Government" : 0.042556960000000005, 
            "Hospitality" : 0.03892189, 
            "Professional" : 0.035109499999999995, 
            "Agriculture" : 0.03236102, 
            "Transportation" : 0.030144519999999998, 
            "Finance & Insurance" : 0.028193990000000002, 
            "Entertainment" : 0.02757337, 
            "Administrative" : 0.0205692, 
            "Utilities" : 0.015072259999999999, 
            "Wholesalers" : 0.01321039, 
            "Real estate" : 0.009841299999999999, 
            "Information" : 0.009309340000000001, 
            "Management" : 0.0
        }, 
        "educational_attainment" : {
            "Doctorate" : 0.00087804, 
            "Professional" : 0.008041040000000001, 
            "Master's" : 0.02537086, 
            "Bachelor's" : 0.08489302, 
            "Associate's" : 0.05420768, 
            "Some College" : 0.17352927999999998, 
            "High School" : 0.36558990999999996, 
            "Some H.S." : 0.15005314, 
            "Less than H.S." : 0.11927538, 
            "None" : 0.01816165
        }
    }
}