{
    "name" : "Franklin Parish", 
	"state" : "Louisiana", 
	"FIPS" : "22041",
    "population" : 20464, 
    "demographics" : {
        "race_and_ethnicity" : {
            "White" : 0.6555903000000001, 
            "Hispanic" : 0.00283425, 
            "Black" : 0.33116692999999997, 
            "Asian" : 0.00053753, 
            "Mixed" : 0.00952893, 
            "Other" : 0.00034206
        }, 
        "age_and_sex" : {
            "85+" : 0.023849999999999996, 
            "80-84" : 0.02116, 
            "75-79" : 0.03235, 
            "70-74" : 0.04056, 
            "67-69" : 0.024239999999999998, 
            "65-66" : 0.027759999999999996, 
            "62-64" : 0.04095, 
            "60-61" : 0.02008, 
            "55-59" : 0.06983, 
            "50-54" : 0.06915, 
            "45-49" : 0.05908, 
            "40-44" : 0.04593, 
            "35-39" : 0.06289, 
            "30-34" : 0.06138, 
            "25-29" : 0.06123, 
            "22-24" : 0.03968, 
            "21" : 0.014950000000000001, 
            "20" : 0.013680000000000001, 
            "18-19" : 0.01554, 
            "15-17" : 0.04188, 
            "10-14" : 0.06099, 
            "5-9" : 0.08292999999999999, 
            "0-4" : 0.06993
        }, 
        "household_types" : {
            "Married" : 0.42978723, 
            "Single Female" : 0.19042553, 
            "Single Male" : 0.03736702, 
            "One-Person" : 0.31396277, 
            "Other Non-Family" : 0.02845745
        }, 
        "marital_status" : {
            "Never Married" : {
                "female" : 0.27615514, 
                "male" : 0.35557279999999997
            }, 
            "Now Married" : {
                "female" : 0.38113479, 
                "male" : 0.43134213000000005
            }, 
            "Separated" : {
                "female" : 0.04776155, 
                "male" : 0.04409103
            }, 
            "Absent Spouse" : {
                "female" : 0.01639933, 
                "male" : 0.02573054
            }, 
            "Widowed" : {
                "female" : 0.14819248, 
                "male" : 0.041892940000000004
            }, 
            "Divorced" : {
                "female" : 0.13035672, 
                "male" : 0.10137057000000001
            }
        }, 
        "ancestry" : {
            "Other" : 0.37969115999999997, 
            "Unclassified" : 0.285086, 
            "American" : 0.15471071, 
            "Irish" : 0.10169077, 
            "English" : 0.07080727, 
            "German" : 0.02941751, 
            "French" : 0.027120799999999997, 
            "Scottish" : 0.012851840000000002, 
            "Dutch" : 0.00845387, 
            "Scotch-Irish" : 0.00767201, 
            "Subsaharan African" : 0.00620602, 
            "African" : 0.00620602, 
            "Italian" : 0.00542416, 
            "Mexican" : 0.68253968, 
            "Central American" : 0.0021, 
            "Honduran" : 0.31746032, 
            "Thai" : 0.63636364, 
            "Korean" : 0.00034
        }, 
        "employment_status" : {
            "Armed Forces" : 0.0, 
            "Employed" : 0.45035393, 
            "Unemployed" : 0.05063453, 
            "Other" : 0.49901154
        }, 
        "industries" : {
            "Healthcare" : 0.1488247, 
            "Retail" : 0.14684225, 
            "Construction" : 0.10379495999999999, 
            "Agriculture" : 0.08595299, 
            "Education" : 0.07462475, 
            "Hospitality" : 0.059614839999999995, 
            "Other Services" : 0.05834041, 
            "Manufacturing" : 0.05706599, 
            "Government" : 0.050410649999999994, 
            "Transportation" : 0.045454549999999996, 
            "Oil & Gas, and Mining" : 0.042764090000000005, 
            "Wholesalers" : 0.0338431, 
            "Professional" : 0.02223166, 
            "Administrative" : 0.01968281, 
            "Finance & Insurance" : 0.01345228, 
            "Real estate" : 0.012602660000000002, 
            "Utilities" : 0.01246106, 
            "Information" : 0.006655339999999999, 
            "Entertainment" : 0.00538091, 
            "Management" : 0.0
        }, 
        "educational_attainment" : {
            "Doctorate" : 0.00207177, 
            "Professional" : 0.00214576, 
            "Master's" : 0.03448021, 
            "Bachelor's" : 0.08020718, 
            "Associate's" : 0.03936367, 
            "Some College" : 0.17994821000000003, 
            "High School" : 0.40281169, 
            "Some H.S." : 0.18120607, 
            "Less than H.S." : 0.06489086000000001, 
            "None" : 0.01287458
        }
    }
}