{
    "name" : "Bossier Parish", 
	"state" : "Louisiana", 
	"FIPS" : "22015",
    "population" : 124720, 
    "demographics" : {
        "race_and_ethnicity" : {
            "White" : 0.6807569, 
            "Hispanic" : 0.062219369999999996, 
            "Black" : 0.21478512, 
            "Asian" : 0.01596376, 
            "Mixed" : 0.018770039999999998, 
            "Other" : 0.00750481
        }, 
        "age_and_sex" : {
            "85+" : 0.01355, 
            "80-84" : 0.01653, 
            "75-79" : 0.024470000000000002, 
            "70-74" : 0.02989, 
            "67-69" : 0.02257, 
            "65-66" : 0.01994, 
            "62-64" : 0.02863, 
            "60-61" : 0.027919999999999997, 
            "55-59" : 0.0582, 
            "50-54" : 0.06454, 
            "45-49" : 0.06046, 
            "40-44" : 0.06349, 
            "35-39" : 0.06521, 
            "30-34" : 0.07664, 
            "25-29" : 0.07848, 
            "22-24" : 0.04703, 
            "21" : 0.01218, 
            "20" : 0.0126, 
            "18-19" : 0.024620000000000003, 
            "15-17" : 0.04089, 
            "10-14" : 0.06931, 
            "5-9" : 0.07053, 
            "0-4" : 0.07231
        }, 
        "household_types" : {
            "Married" : 0.46056205, 
            "Single Female" : 0.14979476, 
            "Single Male" : 0.05140512, 
            "One-Person" : 0.28902221, 
            "Other Non-Family" : 0.049215869999999995
        }, 
        "marital_status" : {
            "Never Married" : {
                "female" : 0.26883223, 
                "male" : 0.34506881
            }, 
            "Now Married" : {
                "female" : 0.43216803, 
                "male" : 0.47140514000000006
            }, 
            "Separated" : {
                "female" : 0.03957115, 
                "male" : 0.02642559
            }, 
            "Absent Spouse" : {
                "female" : 0.02737237, 
                "male" : 0.03045274
            }, 
            "Widowed" : {
                "female" : 0.09537405, 
                "male" : 0.02532539
            }, 
            "Divorced" : {
                "female" : 0.13668217, 
                "male" : 0.10132232000000001
            }
        }, 
        "ancestry" : {
            "Other" : 0.34813983, 
            "Unclassified" : 0.22679602, 
            "American" : 0.16016677, 
            "Irish" : 0.08975305, 
            "German" : 0.08471777, 
            "English" : 0.06462476, 
            "French" : 0.036281270000000004, 
            "Italian" : 0.028511869999999998, 
            "Subsaharan African" : 0.01216325, 
            "Scotch-Irish" : 0.011585950000000001, 
            "African" : 0.011569920000000001, 
            "European" : 0.01099262, 
            "Scottish" : 0.01063182, 
            "French Canadian" : 0.00958146, 
            "Dutch" : 0.0078576, 
            "Polish" : 0.0067671599999999995, 
            "Norwegian" : 0.00574888, 
            "Mexican" : 0.75998488, 
            "Cuban" : 0.04836, 
            "Central American" : 0.07231952, 
            "Other Hispanic" : 0.0046, 
            "Puerto Rican" : 0.061484189999999994, 
            "Honduran" : 0.00391, 
            "Spanish" : 0.04913695, 
            "Panamanian" : 0.00313, 
            "Spaniard" : 0.044601230000000006, 
            "South American" : 0.0028399999999999996, 
            "Costa Rican" : 0.02973416, 
            "Guatemalan" : 0.00189, 
            "Filipino" : 0.32345555, 
            "Korean" : 0.0051600000000000005, 
            "Indian" : 0.20492215000000003, 
            "Vietnamese" : 0.0032700000000000003, 
            "Japanese" : 0.09693621000000001, 
            "Pakistani" : 0.00155, 
            "Chinese" : 0.07785033000000001, 
            "Thai" : 0.00124, 
            "Not Specified" : 0.07232546000000001, 
            "Sri Lankan" : 0.00115, 
            "Taiwanese" : 0.05876444, 
            "Mixed" : 0.00094
        }, 
        "employment_status" : {
            "Armed Forces" : 0.04549496, 
            "Employed" : 0.57960842, 
            "Unemployed" : 0.03479573, 
            "Other" : 0.34010089
        }, 
        "industries" : {
            "Healthcare" : 0.15925021, 
            "Retail" : 0.10588739, 
            "Education" : 0.09429453, 
            "Government" : 0.07945566999999999, 
            "Hospitality" : 0.07451533, 
            "Construction" : 0.07280315, 
            "Manufacturing" : 0.06174535, 
            "Professional" : 0.05288127, 
            "Other Services" : 0.04699567, 
            "Entertainment" : 0.04289358, 
            "Oil & Gas, and Mining" : 0.04000428, 
            "Transportation" : 0.0363124, 
            "Administrative" : 0.03035545, 
            "Finance & Insurance" : 0.02796554, 
            "Wholesalers" : 0.02694894, 
            "Real estate" : 0.01664021, 
            "Information" : 0.01565928, 
            "Utilities" : 0.010308729999999999, 
            "Agriculture" : 0.005083020000000001, 
            "Management" : 0.0
        }, 
        "educational_attainment" : {
            "Doctorate" : 0.009613730000000001, 
            "Professional" : 0.01230064, 
            "Master's" : 0.07264525, 
            "Bachelor's" : 0.16510957, 
            "Associate's" : 0.08610447, 
            "Some College" : 0.25026499, 
            "High School" : 0.28556462, 
            "Some H.S." : 0.08516775000000001, 
            "Less than H.S." : 0.02319619, 
            "None" : 0.01003279
        }
    }
}