{
    "name" : "Concordia Parish", 
	"state" : "Louisiana", 
	"FIPS" : "22029",
    "population" : 20288, 
    "demographics" : {
        "race_and_ethnicity" : {
            "White" : 0.56999211, 
            "Hispanic" : 0.012864750000000001, 
            "Black" : 0.41098186, 
            "Asian" : 0.00133084, 
            "Mixed" : 0.0030066999999999997, 
            "Other" : 0.0018237400000000001
        }, 
        "age_and_sex" : {
            "85+" : 0.01208, 
            "80-84" : 0.02391, 
            "75-79" : 0.03238, 
            "70-74" : 0.03583, 
            "67-69" : 0.023809999999999998, 
            "65-66" : 0.027360000000000002, 
            "62-64" : 0.03751, 
            "60-61" : 0.02701, 
            "55-59" : 0.07009, 
            "50-54" : 0.06659, 
            "45-49" : 0.0593, 
            "40-44" : 0.057670000000000006, 
            "35-39" : 0.06142, 
            "30-34" : 0.06447, 
            "25-29" : 0.06817000000000001, 
            "22-24" : 0.045, 
            "21" : 0.0141, 
            "20" : 0.01365, 
            "18-19" : 0.01646, 
            "15-17" : 0.03997, 
            "10-14" : 0.06924999999999999, 
            "5-9" : 0.06792, 
            "0-4" : 0.06605
        }, 
        "household_types" : {
            "Married" : 0.41430268, 
            "Single Female" : 0.21625544000000002, 
            "Single Male" : 0.03509698, 
            "One-Person" : 0.30333817, 
            "Other Non-Family" : 0.03100673
        }, 
        "marital_status" : {
            "Never Married" : {
                "female" : 0.28756281, 
                "male" : 0.40146252
            }, 
            "Now Married" : {
                "female" : 0.4129397, 
                "male" : 0.37172456
            }, 
            "Separated" : {
                "female" : 0.03894472, 
                "male" : 0.02790981
            }, 
            "Absent Spouse" : {
                "female" : 0.01821608, 
                "male" : 0.037538089999999996
            }, 
            "Widowed" : {
                "female" : 0.13454774, 
                "male" : 0.04363193
            }, 
            "Divorced" : {
                "female" : 0.10778894, 
                "male" : 0.11773309
            }
        }, 
        "ancestry" : {
            "Other" : 0.48698737999999997, 
            "American" : 0.21766562, 
            "Unclassified" : 0.12697160999999998, 
            "Irish" : 0.07639984, 
            "English" : 0.04229101, 
            "French" : 0.03760844, 
            "German" : 0.03622831, 
            "Italian" : 0.02311711, 
            "Scotch-Irish" : 0.011188880000000002, 
            "Scottish" : 0.010301659999999999, 
            "French Canadian" : 0.00547121, 
            "Mexican" : 0.7586206900000001, 
            "Cuban" : 0.00976, 
            "South American" : 0.08812260999999999, 
            "Colombian" : 0.00113, 
            "Puerto Rican" : 0.053639849999999996, 
            "Central American" : 0.0006900000000000001, 
            "Honduran" : 0.053639849999999996, 
            "Other Hispanic" : 0.0006900000000000001, 
            "Spaniard" : 0.04980843, 
            "Dominican" : 0.00064, 
            "Pakistani" : 0.5555555600000001, 
            "Indian" : 0.00074, 
            "Vietnamese" : 0.25925926
        }, 
        "employment_status" : {
            "Armed Forces" : 0.0, 
            "Employed" : 0.44159275000000003, 
            "Unemployed" : 0.04749324, 
            "Other" : 0.51091401
        }, 
        "industries" : {
            "Retail" : 0.15925926, 
            "Healthcare" : 0.15270655, 
            "Government" : 0.09131054000000001, 
            "Education" : 0.08760683999999999, 
            "Oil & Gas, and Mining" : 0.06481481, 
            "Other Services" : 0.06353276000000001, 
            "Administrative" : 0.048717949999999996, 
            "Construction" : 0.0482906, 
            "Agriculture" : 0.04729345, 
            "Manufacturing" : 0.043304840000000004, 
            "Transportation" : 0.03703704, 
            "Finance & Insurance" : 0.03518519, 
            "Wholesalers" : 0.03005698, 
            "Hospitality" : 0.022507120000000002, 
            "Professional" : 0.02150997, 
            "Information" : 0.01638177, 
            "Utilities" : 0.01168091, 
            "Entertainment" : 0.00997151, 
            "Real estate" : 0.00883191, 
            "Management" : 0.0
        }, 
        "educational_attainment" : {
            "Doctorate" : 0.0015505, 
            "Professional" : 0.0043561699999999995, 
            "Master's" : 0.025989369999999998, 
            "Bachelor's" : 0.08084761, 
            "Associate's" : 0.058771409999999996, 
            "Some College" : 0.18672475, 
            "High School" : 0.41228588, 
            "Some H.S." : 0.15335204, 
            "Less than H.S." : 0.06423509, 
            "None" : 0.011887179999999999
        }
    }
}