{
    "name" : "Alpine County", 
	"state" : "California", 
	"FIPS" : "06003",
    "population" : 1184, 
    "demographics" : {
        "race_and_ethnicity" : {
            "White" : 0.67905405, 
            "Hispanic" : 0.0777027, 
            "Black" : 0.00844595, 
            "Asian" : 0.00760135, 
            "Mixed" : 0.03800676, 
            "Other" : 0.18918918999999998
        }, 
        "age_and_sex" : {
            "85+" : 0.01098, 
            "80-84" : 0.04476, 
            "75-79" : 0.025339999999999998, 
            "70-74" : 0.04139, 
            "67-69" : 0.03632, 
            "65-66" : 0.04899, 
            "62-64" : 0.038849999999999996, 
            "60-61" : 0.03041, 
            "55-59" : 0.08023999999999999, 
            "50-54" : 0.07432, 
            "45-49" : 0.03463, 
            "40-44" : 0.06672, 
            "35-39" : 0.04476, 
            "30-34" : 0.0397, 
            "25-29" : 0.04983, 
            "22-24" : 0.03125, 
            "21" : 0.00845, 
            "20" : 0.02872, 
            "18-19" : 0.03294, 
            "15-17" : 0.07601, 
            "10-14" : 0.06334, 
            "5-9" : 0.04899, 
            "0-4" : 0.043070000000000004
        }, 
        "household_types" : {
            "Married" : 0.55102041, 
            "Single Female" : 0.0787172, 
            "Single Male" : 0.058309040000000006, 
            "One-Person" : 0.28571429, 
            "Other Non-Family" : 0.02623907
        }, 
        "marital_status" : {
            "Never Married" : {
                "female" : 0.31190476, 
                "male" : 0.45517240999999997
            }, 
            "Now Married" : {
                "female" : 0.40952381000000004, 
                "male" : 0.38103448
            }, 
            "Separated" : {
                "female" : 0.01190476, 
                "male" : 0.0137931
            }, 
            "Absent Spouse" : {
                "female" : 0.07380952, 
                "male" : 0.04310345
            }, 
            "Widowed" : {
                "female" : 0.059523809999999996, 
                "male" : 0.00689655
            }, 
            "Divorced" : {
                "female" : 0.13333333, 
                "male" : 0.1
            }
        }, 
        "ancestry" : {
            "Other" : 0.37077703, 
            "German" : 0.12837838, 
            "Unclassified" : 0.125, 
            "Irish" : 0.10810811, 
            "Italian" : 0.10388514, 
            "American" : 0.0785473, 
            "English" : 0.06081081, 
            "Portuguese" : 0.03800676, 
            "French" : 0.02618243, 
            "European" : 0.025337839999999997, 
            "Scottish" : 0.025337839999999997, 
            "Czech" : 0.02449324, 
            "Swedish" : 0.02027027, 
            "Norwegian" : 0.01942568, 
            "Dutch" : 0.0160473, 
            "Danish" : 0.01351351, 
            "Scotch-Irish" : 0.012668919999999998, 
            "Australian" : 0.01013514, 
            "Scandinavian" : 0.00760135, 
            "Northern European" : 0.00591216, 
            "Mexican" : 0.76086957, 
            "Central American" : 0.05912, 
            "Salvadoran" : 0.13043478, 
            "Puerto Rican" : 0.01014, 
            "Other Hispanic" : 0.13043478, 
            "Spanish" : 0.01014, 
            "Vietnamese" : 0.5555555600000001, 
            "Filipino" : 0.00422
        }, 
        "employment_status" : {
            "Armed Forces" : 0.0, 
            "Employed" : 0.42709411, 
            "Unemployed" : 0.056876939999999994, 
            "Other" : 0.51602896
        }, 
        "industries" : {
            "Government" : 0.16464891, 
            "Healthcare" : 0.11622276, 
            "Retail" : 0.10653753, 
            "Entertainment" : 0.10169492, 
            "Administrative" : 0.08958838, 
            "Transportation" : 0.08232445999999999, 
            "Construction" : 0.07263923, 
            "Education" : 0.0653753, 
            "Professional" : 0.05569007, 
            "Hospitality" : 0.05084746, 
            "Other Services" : 0.03631961, 
            "Agriculture" : 0.01937046, 
            "Real estate" : 0.012106539999999999, 
            "Utilities" : 0.00968523, 
            "Information" : 0.00968523, 
            "Finance & Insurance" : 0.00726392, 
            "Oil & Gas, and Mining" : 0.0, 
            "Manufacturing" : 0.0, 
            "Wholesalers" : 0.0, 
            "Management" : 0.0
        }, 
        "educational_attainment" : {
            "Doctorate" : 0.02531646, 
            "Professional" : 0.010126580000000001, 
            "Master's" : 0.08481013000000001, 
            "Bachelor's" : 0.17721519, 
            "Associate's" : 0.05822785, 
            "Some College" : 0.23037975, 
            "High School" : 0.32531646000000003, 
            "Some H.S." : 0.07594937, 
            "Less than H.S." : 0.00632911, 
            "None" : 0.00632911
        }
    }
}