{
    "name" : "San Diego County", 
	"state" : "California", 
	"FIPS" : "06073",
    "population" : 3253356, 
    "demographics" : {
        "race_and_ethnicity" : {
            "White" : 0.46711888, 
            "Hispanic" : 0.32560255, 
            "Black" : 0.05038735, 
            "Asian" : 0.11569376, 
            "Mixed" : 0.03154005, 
            "Other" : 0.00965741
        }, 
        "age_and_sex" : {
            "85+" : 0.01845, 
            "80-84" : 0.01724, 
            "75-79" : 0.020499999999999997, 
            "70-74" : 0.029289999999999997, 
            "67-69" : 0.02299, 
            "65-66" : 0.01861, 
            "62-64" : 0.03069, 
            "60-61" : 0.022480000000000003, 
            "55-59" : 0.06094, 
            "50-54" : 0.06627, 
            "45-49" : 0.0645, 
            "40-44" : 0.06492, 
            "35-39" : 0.06688, 
            "30-34" : 0.0762, 
            "25-29" : 0.08453, 
            "22-24" : 0.049699999999999994, 
            "21" : 0.016819999999999998, 
            "20" : 0.01698, 
            "18-19" : 0.028370000000000003, 
            "15-17" : 0.03707, 
            "10-14" : 0.059930000000000004, 
            "5-9" : 0.06157, 
            "0-4" : 0.06509999999999999
        }, 
        "household_types" : {
            "Married" : 0.49872090999999996, 
            "Single Female" : 0.12087718, 
            "Single Male" : 0.050840880000000005, 
            "One-Person" : 0.24230733000000002, 
            "Other Non-Family" : 0.0872537
        }, 
        "marital_status" : {
            "Never Married" : {
                "female" : 0.31173097, 
                "male" : 0.40000844999999996
            }, 
            "Now Married" : {
                "female" : 0.42946216, 
                "male" : 0.44280326000000003
            }, 
            "Separated" : {
                "female" : 0.022209310000000003, 
                "male" : 0.01430267
            }, 
            "Absent Spouse" : {
                "female" : 0.03512759, 
                "male" : 0.038124359999999996
            }, 
            "Widowed" : {
                "female" : 0.07741964, 
                "male" : 0.02066529
            }, 
            "Divorced" : {
                "female" : 0.12405033, 
                "male" : 0.08409594999999999
            }
        }, 
        "ancestry" : {
            "Other" : 0.53269024, 
            "Unclassified" : 0.11701732, 
            "German" : 0.10454405, 
            "Irish" : 0.08224769, 
            "English" : 0.07477018, 
            "Italian" : 0.04314529, 
            "American" : 0.028810859999999997, 
            "French" : 0.02237351, 
            "Polish" : 0.01784803, 
            "Scottish" : 0.01625952, 
            "European" : 0.013612709999999998, 
            "Swedish" : 0.01329704, 
            "Norwegian" : 0.0130702, 
            "Arab" : 0.01112697, 
            "Dutch" : 0.010088660000000001, 
            "Russian" : 0.00991807, 
            "Scotch-Irish" : 0.00720364, 
            "Subsaharan African" : 0.00691102, 
            "Welsh" : 0.00561605, 
            "Portuguese" : 0.0055908400000000006, 
            "Mexican" : 0.89233211, 
            "Other Hispanic" : 0.29521000000000003, 
            "Central American" : 0.0287452, 
            "South American" : 0.00951, 
            "Puerto Rican" : 0.0265897, 
            "Spaniard" : 0.0088, 
            "Guatemalan" : 0.02166923, 
            "Salvadoran" : 0.007169999999999999, 
            "Spanish" : 0.021475050000000002, 
            "Colombian" : 0.0070999999999999995, 
            "Cuban" : 0.01142226, 
            "Peruvian" : 0.00378, 
            "Filipino" : 0.41865816, 
            "Chinese" : 0.048440000000000004, 
            "Vietnamese" : 0.15273398, 
            "Indian" : 0.017669999999999998, 
            "Korean" : 0.13358112, 
            "Japanese" : 0.015449999999999998, 
            "Mixed" : 0.08568172, 
            "Laotian" : 0.00991, 
            "Cambodian" : 0.05648086, 
            "Taiwanese" : 0.00653, 
            "Thai" : 0.05037288
        }, 
        "employment_status" : {
            "Armed Forces" : 0.02858381, 
            "Employed" : 0.5735612299999999, 
            "Unemployed" : 0.04869482, 
            "Other" : 0.34916013999999995
        }, 
        "industries" : {
            "Healthcare" : 0.1220156, 
            "Retail" : 0.10866132, 
            "Professional" : 0.09948749, 
            "Manufacturing" : 0.09359757, 
            "Education" : 0.08902469, 
            "Hospitality" : 0.08613588999999999, 
            "Construction" : 0.05616215, 
            "Other Services" : 0.05378078, 
            "Government" : 0.05231064, 
            "Administrative" : 0.04862693, 
            "Finance & Insurance" : 0.03726561, 
            "Entertainment" : 0.0311925, 
            "Transportation" : 0.03059148, 
            "Real estate" : 0.02530058, 
            "Wholesalers" : 0.02520899, 
            "Information" : 0.02297603, 
            "Agriculture" : 0.008712530000000001, 
            "Utilities" : 0.00764352, 
            "Management" : 0.00075546, 
            "Oil & Gas, and Mining" : 0.00055022
        }, 
        "educational_attainment" : {
            "Doctorate" : 0.02062949, 
            "Professional" : 0.026860520000000002, 
            "Master's" : 0.09216287, 
            "Bachelor's" : 0.22529143000000001, 
            "Associate's" : 0.08671823, 
            "Some College" : 0.22425477000000002, 
            "High School" : 0.18810136, 
            "Some H.S." : 0.0655762, 
            "Less than H.S." : 0.05121429, 
            "None" : 0.01919084
        }
    }
}