{
    "name" : "San Joaquin County", 
	"state" : "California", 
	"FIPS" : "06077",
    "population" : 714860, 
    "demographics" : {
        "race_and_ethnicity" : {
            "White" : 0.3385628, 
            "Hispanic" : 0.39831715, 
            "Black" : 0.06976751, 
            "Asian" : 0.14899561, 
            "Mixed" : 0.03523627, 
            "Other" : 0.009120669999999999
        }, 
        "age_and_sex" : {
            "85+" : 0.01518, 
            "80-84" : 0.01399, 
            "75-79" : 0.02007, 
            "70-74" : 0.028679999999999997, 
            "67-69" : 0.02116, 
            "65-66" : 0.0183, 
            "62-64" : 0.027610000000000003, 
            "60-61" : 0.022400000000000003, 
            "55-59" : 0.058440000000000006, 
            "50-54" : 0.06457, 
            "45-49" : 0.06405999999999999, 
            "40-44" : 0.06387999999999999, 
            "35-39" : 0.06469, 
            "30-34" : 0.06692000000000001, 
            "25-29" : 0.06851, 
            "22-24" : 0.042510000000000006, 
            "21" : 0.01634, 
            "20" : 0.01437, 
            "18-19" : 0.02921, 
            "15-17" : 0.047939999999999997, 
            "10-14" : 0.07993, 
            "5-9" : 0.07778, 
            "0-4" : 0.07345
        }, 
        "household_types" : {
            "Married" : 0.51829216, 
            "Single Female" : 0.15663466, 
            "Single Male" : 0.07327689, 
            "One-Person" : 0.19869917999999998, 
            "Other Non-Family" : 0.05309711
        }, 
        "marital_status" : {
            "Never Married" : {
                "female" : 0.31105101, 
                "male" : 0.37904662
            }, 
            "Now Married" : {
                "female" : 0.43576951999999997, 
                "male" : 0.45230711
            }, 
            "Separated" : {
                "female" : 0.02764459, 
                "male" : 0.02231335
            }, 
            "Absent Spouse" : {
                "female" : 0.0328165, 
                "male" : 0.0377826
            }, 
            "Widowed" : {
                "female" : 0.08533296, 
                "male" : 0.024312
            }, 
            "Divorced" : {
                "female" : 0.10738542000000001, 
                "male" : 0.08423832
            }
        }, 
        "ancestry" : {
            "Other" : 0.65065467, 
            "Unclassified" : 0.102241, 
            "German" : 0.08665893000000001, 
            "Irish" : 0.06159248, 
            "English" : 0.045369719999999995, 
            "Italian" : 0.04348544000000001, 
            "Portuguese" : 0.027075230000000002, 
            "American" : 0.023578039999999998, 
            "French" : 0.015222560000000001, 
            "Dutch" : 0.01322916, 
            "Scottish" : 0.01004812, 
            "Swedish" : 0.00878773, 
            "Norwegian" : 0.00812886, 
            "European" : 0.00719581, 
            "Polish" : 0.00628235, 
            "Subsaharan African" : 0.00570461, 
            "Mexican" : 0.8944316000000001, 
            "Other Hispanic" : 0.36201, 
            "Central American" : 0.04127827, 
            "Puerto Rican" : 0.01671, 
            "Spanish" : 0.0322885, 
            "Salvadoran" : 0.01307, 
            "Spaniard" : 0.01847032, 
            "South American" : 0.00748, 
            "Nicaraguan" : 0.01668689, 
            "Guatemalan" : 0.006750000000000001, 
            "Peruvian" : 0.0151523, 
            "Filipino" : 0.32710237, 
            "Indian" : 0.04874, 
            "Cambodian" : 0.16709072, 
            "Chinese" : 0.024900000000000002, 
            "Hmong" : 0.10890894, 
            "Vietnamese" : 0.01623, 
            "Pakistani" : 0.08323084, 
            "Laotian" : 0.0124, 
            "Mixed" : 0.08051751, 
            "Japanese" : 0.012, 
            "Korean" : 0.06600257, 
            "Not Specified" : 0.00983
        }, 
        "employment_status" : {
            "Armed Forces" : 0.0006020099999999999, 
            "Employed" : 0.5344657500000001, 
            "Unemployed" : 0.07237816, 
            "Other" : 0.39255408
        }, 
        "industries" : {
            "Healthcare" : 0.12993221, 
            "Retail" : 0.12512081, 
            "Manufacturing" : 0.0960299, 
            "Education" : 0.08026073, 
            "Construction" : 0.07612029, 
            "Hospitality" : 0.06613941, 
            "Transportation" : 0.06342082, 
            "Administrative" : 0.05069355, 
            "Agriculture" : 0.04778029, 
            "Government" : 0.047488270000000006, 
            "Other Services" : 0.04740831, 
            "Professional" : 0.04368502999999999, 
            "Wholesalers" : 0.037166700000000004, 
            "Finance & Insurance" : 0.02936902, 
            "Real estate" : 0.01788632, 
            "Information" : 0.01563358, 
            "Entertainment" : 0.01558144, 
            "Utilities" : 0.00868069, 
            "Oil & Gas, and Mining" : 0.0010846500000000002, 
            "Management" : 0.00051799
        }, 
        "educational_attainment" : {
            "Doctorate" : 0.006396570000000001, 
            "Professional" : 0.01237695, 
            "Master's" : 0.03843596, 
            "Bachelor's" : 0.12441191, 
            "Associate's" : 0.09420464, 
            "Some College" : 0.23752579000000001, 
            "High School" : 0.26649356, 
            "Some H.S." : 0.10316843, 
            "Less than H.S." : 0.07996616000000001, 
            "None" : 0.03702003
        }
    }
}