{
    "name" : "Coshocton County", 
	"state" : "Ohio", 
	"FIPS" : "39031",
    "population" : 36665, 
    "demographics" : {
        "race_and_ethnicity" : {
            "White" : 0.9618982699999999, 
            "Hispanic" : 0.0093277, 
            "Black" : 0.01030956, 
            "Asian" : 0.00346379, 
            "Mixed" : 0.01325515, 
            "Other" : 0.0017455300000000001
        }, 
        "age_and_sex" : {
            "85+" : 0.0255, 
            "80-84" : 0.02051, 
            "75-79" : 0.03082, 
            "70-74" : 0.04227, 
            "67-69" : 0.03494, 
            "65-66" : 0.02226, 
            "62-64" : 0.043280000000000006, 
            "60-61" : 0.02725, 
            "55-59" : 0.07585, 
            "50-54" : 0.0717, 
            "45-49" : 0.06379, 
            "40-44" : 0.05684, 
            "35-39" : 0.05913, 
            "30-34" : 0.05657, 
            "25-29" : 0.05638, 
            "22-24" : 0.03349, 
            "21" : 0.00905, 
            "20" : 0.01268, 
            "18-19" : 0.02089, 
            "15-17" : 0.04315, 
            "10-14" : 0.07168000000000001, 
            "5-9" : 0.06022, 
            "0-4" : 0.06175
        }, 
        "household_types" : {
            "Married" : 0.54816976, 
            "Single Female" : 0.0923109, 
            "Single Male" : 0.04299507, 
            "One-Person" : 0.27436271, 
            "Other Non-Family" : 0.04216156
        }, 
        "marital_status" : {
            "Never Married" : {
                "female" : 0.20280604, 
                "male" : 0.27412915000000004
            }, 
            "Now Married" : {
                "female" : 0.52044684, 
                "male" : 0.55046124
            }, 
            "Separated" : {
                "female" : 0.008644190000000001, 
                "male" : 0.01356189
            }, 
            "Absent Spouse" : {
                "female" : 0.01649046, 
                "male" : 0.01252926
            }, 
            "Widowed" : {
                "female" : 0.11736152999999999, 
                "male" : 0.030497040000000003
            }, 
            "Divorced" : {
                "female" : 0.13425095, 
                "male" : 0.11882142
            }
        }, 
        "ancestry" : {
            "Unclassified" : 0.33402427, 
            "German" : 0.26218464, 
            "Other" : 0.12256921, 
            "American" : 0.11452339, 
            "Irish" : 0.10694122, 
            "English" : 0.08514932, 
            "Italian" : 0.03621983, 
            "French" : 0.01963726, 
            "Scotch-Irish" : 0.01641893, 
            "Dutch" : 0.013336969999999998, 
            "Scottish" : 0.01306423, 
            "Pennsylvania German" : 0.011291420000000002, 
            "Polish" : 0.01036411, 
            "Welsh" : 0.00943679, 
            "European" : 0.00919133, 
            "Swiss" : 0.00829129, 
            "Swedish" : 0.005645710000000001, 
            "Mexican" : 0.50584795, 
            "Puerto Rican" : 0.004719999999999999, 
            "Central American" : 0.34502924, 
            "Salvadoran" : 0.00322, 
            "Other Hispanic" : 0.05847953, 
            "South American" : 0.00055, 
            "Ecuadorian" : 0.05847953, 
            "Filipino" : 0.26771654, 
            "Vietnamese" : 0.0009299999999999999, 
            "Korean" : 0.25984252, 
            "Not Specified" : 0.0009, 
            "Japanese" : 0.25196850000000004, 
            "Chinese" : 0.0008699999999999999
        }, 
        "employment_status" : {
            "Armed Forces" : 0.00103806, 
            "Employed" : 0.54975779, 
            "Unemployed" : 0.03754325, 
            "Other" : 0.4116609
        }, 
        "industries" : {
            "Manufacturing" : 0.26208459, 
            "Healthcare" : 0.15049094, 
            "Retail" : 0.10473313, 
            "Education" : 0.06369587, 
            "Construction" : 0.05633182, 
            "Hospitality" : 0.056017120000000004, 
            "Other Services" : 0.050163650000000004, 
            "Agriculture" : 0.03581319, 
            "Transportation" : 0.03191088, 
            "Government" : 0.030777950000000002, 
            "Administrative" : 0.030589119999999997, 
            "Professional" : 0.022092149999999998, 
            "Utilities" : 0.02158862, 
            "Oil & Gas, and Mining" : 0.01944864, 
            "Finance & Insurance" : 0.01825277, 
            "Wholesalers" : 0.01787513, 
            "Information" : 0.011958709999999999, 
            "Entertainment" : 0.011014600000000001, 
            "Real estate" : 0.00427996, 
            "Management" : 0.00088117
        }, 
        "educational_attainment" : {
            "Doctorate" : 0.0019847600000000003, 
            "Professional" : 0.00361226, 
            "Master's" : 0.03139886, 
            "Bachelor's" : 0.08355826999999999, 
            "Associate's" : 0.0792712, 
            "Some College" : 0.16461575, 
            "High School" : 0.49285487000000006, 
            "Some H.S." : 0.08776595999999999, 
            "Less than H.S." : 0.04795173, 
            "None" : 0.00698634
        }
    }
}