{
    "name" : "Lorain County", 
	"state" : "Ohio", 
	"FIPS" : "39093",
    "population" : 304091, 
    "demographics" : {
        "race_and_ethnicity" : {
            "White" : 0.79199647, 
            "Hispanic" : 0.08646096, 
            "Black" : 0.08497128, 
            "Asian" : 0.00970433, 
            "Mixed" : 0.02454528, 
            "Other" : 0.00232167
        }, 
        "age_and_sex" : {
            "85+" : 0.02239, 
            "80-84" : 0.01977, 
            "75-79" : 0.027919999999999997, 
            "70-74" : 0.03716, 
            "67-69" : 0.03152, 
            "65-66" : 0.024249999999999997, 
            "62-64" : 0.03881, 
            "60-61" : 0.02754, 
            "55-59" : 0.07444, 
            "50-54" : 0.07561, 
            "45-49" : 0.06919, 
            "40-44" : 0.06721, 
            "35-39" : 0.05799000000000001, 
            "30-34" : 0.056440000000000004, 
            "25-29" : 0.05334, 
            "22-24" : 0.03549, 
            "21" : 0.01257, 
            "20" : 0.013580000000000002, 
            "18-19" : 0.02637, 
            "15-17" : 0.041740000000000006, 
            "10-14" : 0.06569, 
            "5-9" : 0.06344, 
            "0-4" : 0.0575
        }, 
        "household_types" : {
            "Married" : 0.48844051, 
            "Single Female" : 0.13936859000000001, 
            "Single Male" : 0.04949451, 
            "One-Person" : 0.27440076999999996, 
            "Other Non-Family" : 0.048295620000000004
        }, 
        "marital_status" : {
            "Never Married" : {
                "female" : 0.27195841000000004, 
                "male" : 0.33916043
            }, 
            "Now Married" : {
                "female" : 0.46055652, 
                "male" : 0.48207089000000003
            }, 
            "Separated" : {
                "female" : 0.0193529, 
                "male" : 0.015499309999999999
            }, 
            "Absent Spouse" : {
                "female" : 0.01599987, 
                "male" : 0.021586249999999998
            }, 
            "Widowed" : {
                "female" : 0.10262641, 
                "male" : 0.03239182
            }, 
            "Divorced" : {
                "female" : 0.12950588, 
                "male" : 0.10929129
            }
        }, 
        "ancestry" : {
            "German" : 0.24638020000000002, 
            "Other" : 0.23044089, 
            "Irish" : 0.15419726, 
            "Unclassified" : 0.13507141, 
            "English" : 0.09963794, 
            "Italian" : 0.08768757, 
            "Polish" : 0.08052853, 
            "American" : 0.06058384, 
            "Hungarian" : 0.04644662, 
            "Slovak" : 0.02845201, 
            "Scottish" : 0.01953363, 
            "French" : 0.01884962, 
            "Dutch" : 0.014449620000000002, 
            "Czech" : 0.01123348, 
            "Subsaharan African" : 0.0103719, 
            "Scotch-Irish" : 0.00917817, 
            "African" : 0.00904335, 
            "Welsh" : 0.00804364, 
            "Russian" : 0.00786278, 
            "European" : 0.007491179999999999, 
            "Puerto Rican" : 0.6854143100000001, 
            "Mexican" : 0.06376, 
            "Other Hispanic" : 0.19874151999999998, 
            "South American" : 0.01849, 
            "Central American" : 0.0339013, 
            "Cuban" : 0.00315, 
            "Spaniard" : 0.02633626, 
            "Peruvian" : 0.00245, 
            "Dominican" : 0.02513433, 
            "Colombian" : 0.00234, 
            "Guatemalan" : 0.02036199, 
            "Honduran" : 0.00189, 
            "Chinese" : 0.29345984, 
            "Indian" : 0.0028499999999999997, 
            "Filipino" : 0.19112165, 
            "Korean" : 0.00185, 
            "Japanese" : 0.12199254, 
            "Vietnamese" : 0.0011799999999999998, 
            "Bhutanese" : 0.10809894999999999, 
            "Indonesian" : 0.00105, 
            "Sri Lankan" : 0.05557438000000001, 
            "Thai" : 0.00054, 
            "Pakistani" : 0.0457472, 
            "Mixed" : 0.00043999999999999996, 
            "Taiwanese" : 0.03998645, 
            "Laotian" : 0.00039, 
            "Cambodian" : 0.02710945
        }, 
        "employment_status" : {
            "Armed Forces" : 0.00038663, 
            "Employed" : 0.57354151, 
            "Unemployed" : 0.050977259999999996, 
            "Other" : 0.37509459999999994
        }, 
        "industries" : {
            "Manufacturing" : 0.17328102999999997, 
            "Healthcare" : 0.15608416, 
            "Retail" : 0.11088322, 
            "Education" : 0.09037319999999999, 
            "Hospitality" : 0.07526319, 
            "Construction" : 0.05601532, 
            "Professional" : 0.04946789, 
            "Other Services" : 0.044261499999999995, 
            "Finance & Insurance" : 0.04346548, 
            "Transportation" : 0.03972204, 
            "Government" : 0.038122829999999996, 
            "Administrative" : 0.03551964, 
            "Wholesalers" : 0.02304151, 
            "Entertainment" : 0.01619288, 
            "Information" : 0.01604228, 
            "Real estate" : 0.015812800000000002, 
            "Utilities" : 0.007156989999999999, 
            "Agriculture" : 0.0066549999999999995, 
            "Management" : 0.0017211199999999998, 
            "Oil & Gas, and Mining" : 0.00091793
        }, 
        "educational_attainment" : {
            "Doctorate" : 0.008043139999999999, 
            "Professional" : 0.012228270000000001, 
            "Master's" : 0.06865532, 
            "Bachelor's" : 0.14595991, 
            "Associate's" : 0.09677264, 
            "Some College" : 0.23801345999999998, 
            "High School" : 0.32194690000000004, 
            "Some H.S." : 0.08166289, 
            "Less than H.S." : 0.0176978, 
            "None" : 0.00901967
        }
    }
}