{
    "name" : "Adams County", 
	"state" : "Ohio", 
	"FIPS" : "39001",
    "population" : 28111, 
    "demographics" : {
        "race_and_ethnicity" : {
            "White" : 0.966739, 
            "Hispanic" : 0.00522927, 
            "Black" : 0.00355733, 
            "Asian" : 0.0017430899999999999, 
            "Mixed" : 0.01824908, 
            "Other" : 0.00448223
        }, 
        "age_and_sex" : {
            "85+" : 0.01686, 
            "80-84" : 0.02373, 
            "75-79" : 0.027360000000000002, 
            "70-74" : 0.03678, 
            "67-69" : 0.028319999999999998, 
            "65-66" : 0.030910000000000003, 
            "62-64" : 0.0403, 
            "60-61" : 0.02472, 
            "55-59" : 0.07716, 
            "50-54" : 0.07456, 
            "45-49" : 0.06709, 
            "40-44" : 0.07954, 
            "35-39" : 0.0461, 
            "30-34" : 0.053360000000000005, 
            "25-29" : 0.05286, 
            "22-24" : 0.02796, 
            "21" : 0.01547, 
            "20" : 0.010669999999999999, 
            "18-19" : 0.02085, 
            "15-17" : 0.04198, 
            "10-14" : 0.06834, 
            "5-9" : 0.07342, 
            "0-4" : 0.06165
        }, 
        "household_types" : {
            "Married" : 0.50381259, 
            "Single Female" : 0.12852549, 
            "Single Male" : 0.052365640000000005, 
            "One-Person" : 0.27413872, 
            "Other Non-Family" : 0.04115756
        }, 
        "marital_status" : {
            "Never Married" : {
                "female" : 0.19901374, 
                "male" : 0.2782459
            }, 
            "Now Married" : {
                "female" : 0.48564635, 
                "male" : 0.51109903
            }, 
            "Separated" : {
                "female" : 0.02817894, 
                "male" : 0.02047658
            }, 
            "Absent Spouse" : {
                "female" : 0.020605850000000002, 
                "male" : 0.02971822
            }, 
            "Widowed" : {
                "female" : 0.10998590999999999, 
                "male" : 0.03524508
            }, 
            "Divorced" : {
                "female" : 0.15656921000000001, 
                "male" : 0.12521519
            }
        }, 
        "ancestry" : {
            "American" : 0.36459037, 
            "Unclassified" : 0.26459393, 
            "Other" : 0.13279499, 
            "German" : 0.12511117, 
            "Irish" : 0.08420191, 
            "English" : 0.07452599, 
            "French" : 0.016826149999999998, 
            "Dutch" : 0.01625698, 
            "Italian" : 0.01366013, 
            "Scotch-Irish" : 0.00747039, 
            "Scottish" : 0.00711465, 
            "British" : 0.0062253199999999995, 
            "Welsh" : 0.00583402, 
            "Mexican" : 0.59863946, 
            "Other Hispanic" : 0.00313, 
            "Central American" : 0.28571429, 
            "Honduran" : 0.00149, 
            "Puerto Rican" : 0.08843537, 
            "Filipino" : 0.89795918, 
            "Korean" : 0.00157
        }, 
        "employment_status" : {
            "Armed Forces" : 0.0, 
            "Employed" : 0.46337246, 
            "Unemployed" : 0.05096005, 
            "Other" : 0.48566749000000003
        }, 
        "industries" : {
            "Healthcare" : 0.16241163, 
            "Manufacturing" : 0.16093872999999997, 
            "Retail" : 0.14994108, 
            "Construction" : 0.08091123, 
            "Hospitality" : 0.07531422, 
            "Education" : 0.07315397, 
            "Transportation" : 0.05695208, 
            "Other Services" : 0.04998036, 
            "Utilities" : 0.036724269999999996, 
            "Government" : 0.02926159, 
            "Administrative" : 0.0262176, 
            "Agriculture" : 0.02602121, 
            "Finance & Insurance" : 0.021602510000000002, 
            "Wholesalers" : 0.01944226, 
            "Oil & Gas, and Mining" : 0.008150039999999999, 
            "Entertainment" : 0.0072663, 
            "Real estate" : 0.006677140000000001, 
            "Professional" : 0.0057934, 
            "Information" : 0.0032403799999999997, 
            "Management" : 0.0
        }, 
        "educational_attainment" : {
            "Doctorate" : 0.00204124, 
            "Professional" : 0.00649011, 
            "Master's" : 0.03349733, 
            "Bachelor's" : 0.06683764, 
            "Associate's" : 0.06563383, 
            "Some College" : 0.15105203, 
            "High School" : 0.45676751000000004, 
            "Some H.S." : 0.14325343000000001, 
            "Less than H.S." : 0.05563697, 
            "None" : 0.01878991
        }
    }
}