{
    "name" : "Erie County", 
	"state" : "Ohio", 
	"FIPS" : "39043",
    "population" : 75808, 
    "demographics" : {
        "race_and_ethnicity" : {
            "White" : 0.8386450000000001, 
            "Hispanic" : 0.03863708, 
            "Black" : 0.08001794000000001, 
            "Asian" : 0.005764559999999999, 
            "Mixed" : 0.031619350000000004, 
            "Other" : 0.00531606
        }, 
        "age_and_sex" : {
            "85+" : 0.02392, 
            "80-84" : 0.02849, 
            "75-79" : 0.03302, 
            "70-74" : 0.0504, 
            "67-69" : 0.03419, 
            "65-66" : 0.02642, 
            "62-64" : 0.04162, 
            "60-61" : 0.029769999999999998, 
            "55-59" : 0.08288000000000001, 
            "50-54" : 0.07619, 
            "45-49" : 0.06626, 
            "40-44" : 0.05641, 
            "35-39" : 0.0524, 
            "30-34" : 0.05315, 
            "25-29" : 0.05335, 
            "22-24" : 0.03616, 
            "21" : 0.01433, 
            "20" : 0.01123, 
            "18-19" : 0.02075, 
            "15-17" : 0.03931, 
            "10-14" : 0.056929999999999994, 
            "5-9" : 0.06034, 
            "0-4" : 0.0525
        }, 
        "household_types" : {
            "Married" : 0.46708266000000004, 
            "Single Female" : 0.13447417, 
            "Single Male" : 0.03239734, 
            "One-Person" : 0.30471778, 
            "Other Non-Family" : 0.06132804
        }, 
        "marital_status" : {
            "Never Married" : {
                "female" : 0.26187535, 
                "male" : 0.29712042
            }, 
            "Now Married" : {
                "female" : 0.45805794, 
                "male" : 0.49610602
            }, 
            "Separated" : {
                "female" : 0.01494842, 
                "male" : 0.022054969999999997
            }, 
            "Absent Spouse" : {
                "female" : 0.014454260000000002, 
                "male" : 0.0194699
            }, 
            "Widowed" : {
                "female" : 0.11384273, 
                "male" : 0.04073953
            }, 
            "Divorced" : {
                "female" : 0.1368213, 
                "male" : 0.12450916
            }
        }, 
        "ancestry" : {
            "German" : 0.34716653000000003, 
            "Other" : 0.20437157, 
            "Unclassified" : 0.18876636000000002, 
            "Irish" : 0.14936417999999999, 
            "Italian" : 0.08802501, 
            "English" : 0.08753694, 
            "American" : 0.047475199999999995, 
            "Polish" : 0.046142890000000006, 
            "French" : 0.02071022, 
            "Hungarian" : 0.01841494, 
            "Scottish" : 0.018401749999999998, 
            "Dutch" : 0.01629116, 
            "Welsh" : 0.00959002, 
            "Slovak" : 0.007967499999999999, 
            "Scotch-Irish" : 0.00733432, 
            "European" : 0.00712326, 
            "Swedish" : 0.00655604, 
            "French Canadian" : 0.0050126599999999995, 
            "Swiss" : 0.0050126599999999995, 
            "Mexican" : 0.68590164, 
            "Puerto Rican" : 0.0276, 
            "Other Hispanic" : 0.24295082, 
            "Cuban" : 0.00977, 
            "Spaniard" : 0.03311475, 
            "South American" : 0.00133, 
            "Colombian" : 0.01836066, 
            "Dominican" : 0.00074, 
            "Korean" : 0.24256292999999998, 
            "Indian" : 0.0014000000000000002, 
            "Vietnamese" : 0.21739129999999998, 
            "Chinese" : 0.00125, 
            "Pakistani" : 0.21052632, 
            "Thai" : 0.00121, 
            "Filipino" : 0.09153318, 
            "Malaysian" : 0.00053, 
            "Japanese" : 0.061784900000000004
        }, 
        "employment_status" : {
            "Armed Forces" : 0.00024215, 
            "Employed" : 0.57150006, 
            "Unemployed" : 0.0475268, 
            "Other" : 0.38073098
        }, 
        "industries" : {
            "Manufacturing" : 0.1827067, 
            "Healthcare" : 0.15197311, 
            "Hospitality" : 0.12849918999999999, 
            "Retail" : 0.10717211, 
            "Education" : 0.07109969000000001, 
            "Other Services" : 0.043077880000000006, 
            "Construction" : 0.04223045, 
            "Government" : 0.04208921, 
            "Transportation" : 0.040535579999999995, 
            "Entertainment" : 0.03547922, 
            "Administrative" : 0.029010479999999998, 
            "Professional" : 0.02855852, 
            "Finance & Insurance" : 0.02259823, 
            "Wholesalers" : 0.02053614, 
            "Information" : 0.01694867, 
            "Real estate" : 0.01514082, 
            "Agriculture" : 0.01333296, 
            "Utilities" : 0.007259679999999999, 
            "Oil & Gas, and Mining" : 0.0009886699999999999, 
            "Management" : 0.00076269
        }, 
        "educational_attainment" : {
            "Doctorate" : 0.00646098, 
            "Professional" : 0.01610591, 
            "Master's" : 0.058632949999999996, 
            "Bachelor's" : 0.13473104, 
            "Associate's" : 0.09078891, 
            "Some College" : 0.21661981, 
            "High School" : 0.38250135, 
            "Some H.S." : 0.07116391, 
            "Less than H.S." : 0.016478299999999998, 
            "None" : 0.00651684
        }
    }
}