{
    "name" : "Hancock County", 
	"state" : "Ohio", 
	"FIPS" : "39063",
    "population" : 75672, 
    "demographics" : {
        "race_and_ethnicity" : {
            "White" : 0.89939476, 
            "Hispanic" : 0.05062639, 
            "Black" : 0.01359816, 
            "Asian" : 0.0169944, 
            "Mixed" : 0.017694790000000002, 
            "Other" : 0.00169151
        }, 
        "age_and_sex" : {
            "85+" : 0.02442, 
            "80-84" : 0.02091, 
            "75-79" : 0.02521, 
            "70-74" : 0.03675, 
            "67-69" : 0.02757, 
            "65-66" : 0.02344, 
            "62-64" : 0.03324, 
            "60-61" : 0.02939, 
            "55-59" : 0.0711, 
            "50-54" : 0.0711, 
            "45-49" : 0.06352000000000001, 
            "40-44" : 0.06005, 
            "35-39" : 0.05867, 
            "30-34" : 0.06426, 
            "25-29" : 0.06687, 
            "22-24" : 0.03986, 
            "21" : 0.01164, 
            "20" : 0.01432, 
            "18-19" : 0.030449999999999998, 
            "15-17" : 0.0388, 
            "10-14" : 0.0672, 
            "5-9" : 0.060309999999999996, 
            "0-4" : 0.060919999999999995
        }, 
        "household_types" : {
            "Married" : 0.49732163, 
            "Single Female" : 0.09350533999999999, 
            "Single Male" : 0.040857080000000004, 
            "One-Person" : 0.29458936999999996, 
            "Other Non-Family" : 0.07372658
        }, 
        "marital_status" : {
            "Never Married" : {
                "female" : 0.23481242000000002, 
                "male" : 0.30063196000000003
            }, 
            "Now Married" : {
                "female" : 0.5024122400000001, 
                "male" : 0.5257632
            }, 
            "Separated" : {
                "female" : 0.01444169, 
                "male" : 0.016751929999999998
            }, 
            "Absent Spouse" : {
                "female" : 0.01704437, 
                "male" : 0.017855350000000002
            }, 
            "Widowed" : {
                "female" : 0.10658287, 
                "male" : 0.029792360000000004
            }, 
            "Divorced" : {
                "female" : 0.12470641, 
                "male" : 0.1092052
            }
        }, 
        "ancestry" : {
            "German" : 0.36860398000000005, 
            "American" : 0.16144677000000002, 
            "Other" : 0.14865472000000002, 
            "Unclassified" : 0.14688392, 
            "Irish" : 0.10763559, 
            "English" : 0.08465483000000001, 
            "Italian" : 0.03811185, 
            "French" : 0.022875040000000003, 
            "Scottish" : 0.01972989, 
            "Dutch" : 0.01893699, 
            "Polish" : 0.015712550000000002, 
            "Welsh" : 0.01428534, 
            "Swiss" : 0.01411354, 
            "European" : 0.0130167, 
            "Arab" : 0.011695210000000001, 
            "Other Arab" : 0.007122849999999999, 
            "Norwegian" : 0.006171370000000001, 
            "French Canadian" : 0.00603922, 
            "Hungarian" : 0.00574849, 
            "Scotch-Irish" : 0.00527276, 
            "Mexican" : 0.8385919199999999, 
            "Other Hispanic" : 0.0425, 
            "Spanish" : 0.08761408, 
            "Puerto Rican" : 0.00444, 
            "Central American" : 0.06310299999999999, 
            "Spaniard" : 0.0032, 
            "Salvadoran" : 0.053715780000000005, 
            "Nicaraguan" : 0.00272, 
            "Laotian" : 0.2348367, 
            "Indian" : 0.0039900000000000005, 
            "Japanese" : 0.19051321999999998, 
            "Chinese" : 0.0032400000000000003, 
            "Thai" : 0.17651633, 
            "Vietnamese" : 0.003, 
            "Filipino" : 0.10575428, 
            "Cambodian" : 0.0018, 
            "Taiwanese" : 0.06454121, 
            "Korean" : 0.0011, 
            "Nepalese" : 0.058320369999999996, 
            "Not Specified" : 0.00099
        }, 
        "employment_status" : {
            "Armed Forces" : 0.0008424600000000001, 
            "Employed" : 0.62214844, 
            "Unemployed" : 0.036044070000000004, 
            "Other" : 0.34096503
        }, 
        "industries" : {
            "Manufacturing" : 0.28019542000000003, 
            "Healthcare" : 0.12001168, 
            "Retail" : 0.11459523, 
            "Education" : 0.08379576999999999, 
            "Hospitality" : 0.07237873, 
            "Construction" : 0.04442025, 
            "Transportation" : 0.04272097, 
            "Other Services" : 0.04192444, 
            "Administrative" : 0.03321562, 
            "Professional" : 0.028569149999999998, 
            "Wholesalers" : 0.027958470000000003, 
            "Finance & Insurance" : 0.02556886, 
            "Government" : 0.01882484, 
            "Real estate" : 0.01850623, 
            "Entertainment" : 0.013886309999999999, 
            "Agriculture" : 0.01250564, 
            "Information" : 0.010301890000000001, 
            "Management" : 0.00371718, 
            "Oil & Gas, and Mining" : 0.00363752, 
            "Utilities" : 0.0032657999999999997
        }, 
        "educational_attainment" : {
            "Doctorate" : 0.00849742, 
            "Professional" : 0.010568059999999999, 
            "Master's" : 0.07282388000000001, 
            "Bachelor's" : 0.16649086000000002, 
            "Associate's" : 0.09524926, 
            "Some College" : 0.20753243000000002, 
            "High School" : 0.36378731000000003, 
            "Some H.S." : 0.05971636, 
            "Less than H.S." : 0.00894671, 
            "None" : 0.00638772
        }
    }
}