{
    "name" : "Henry County", 
	"state" : "Ohio", 
	"FIPS" : "39069",
    "population" : 27890, 
    "demographics" : {
        "race_and_ethnicity" : {
            "White" : 0.9051990000000001, 
            "Hispanic" : 0.0724991, 
            "Black" : 0.00505558, 
            "Asian" : 0.00412334, 
            "Mixed" : 0.011330229999999998, 
            "Other" : 0.00179276
        }, 
        "age_and_sex" : {
            "85+" : 0.02818, 
            "80-84" : 0.022949999999999998, 
            "75-79" : 0.03349, 
            "70-74" : 0.04034, 
            "67-69" : 0.027679999999999996, 
            "65-66" : 0.02366, 
            "62-64" : 0.038149999999999996, 
            "60-61" : 0.02427, 
            "55-59" : 0.07831, 
            "50-54" : 0.07261000000000001, 
            "45-49" : 0.06572, 
            "40-44" : 0.058410000000000004, 
            "35-39" : 0.058120000000000005, 
            "30-34" : 0.056900000000000006, 
            "25-29" : 0.05468, 
            "22-24" : 0.03313, 
            "21" : 0.01133, 
            "20" : 0.012190000000000001, 
            "18-19" : 0.02166, 
            "15-17" : 0.04295, 
            "10-14" : 0.06773, 
            "5-9" : 0.06726, 
            "0-4" : 0.060270000000000004
        }, 
        "household_types" : {
            "Married" : 0.56411418, 
            "Single Female" : 0.10049841000000001, 
            "Single Male" : 0.04857272, 
            "One-Person" : 0.24540099999999998, 
            "Other Non-Family" : 0.04141368
        }, 
        "marital_status" : {
            "Never Married" : {
                "female" : 0.21759986, 
                "male" : 0.27627983
            }, 
            "Now Married" : {
                "female" : 0.5452642600000001, 
                "male" : 0.56649663
            }, 
            "Separated" : {
                "female" : 0.00688994, 
                "male" : 0.01220623
            }, 
            "Absent Spouse" : {
                "female" : 0.01439037, 
                "male" : 0.01293496
            }, 
            "Widowed" : {
                "female" : 0.11468690000000001, 
                "male" : 0.042995080000000005
            }, 
            "Divorced" : {
                "female" : 0.10116866999999999, 
                "male" : 0.08908727000000001
            }
        }, 
        "ancestry" : {
            "German" : 0.48228755999999995, 
            "Other" : 0.1697024, 
            "Unclassified" : 0.16367874000000002, 
            "Irish" : 0.09257797999999999, 
            "English" : 0.08533524999999999, 
            "American" : 0.07640730999999999, 
            "French" : 0.0338114, 
            "Polish" : 0.026389390000000002, 
            "Dutch" : 0.025277880000000003, 
            "Italian" : 0.02323413, 
            "Scottish" : 0.01172463, 
            "Welsh" : 0.01029043, 
            "European" : 0.0094299, 
            "Swiss" : 0.00752958, 
            "Swedish" : 0.0074220200000000005, 
            "Hungarian" : 0.00724274, 
            "Mexican" : 0.7952871899999999, 
            "Puerto Rican" : 0.05809, 
            "Other Hispanic" : 0.09621993, 
            "Central American" : 0.00703, 
            "Salvadoran" : 0.059892, 
            "Spaniard" : 0.00437, 
            "Honduran" : 0.03632793, 
            "South American" : 0.00265, 
            "Colombian" : 0.023564059999999998, 
            "Filipino" : 0.65217391, 
            "Chinese" : 0.00269, 
            "Korean" : 0.24347826, 
            "Taiwanese" : 0.001
        }, 
        "employment_status" : {
            "Armed Forces" : 0.0016281499999999999, 
            "Employed" : 0.60915381, 
            "Unemployed" : 0.03401022, 
            "Other" : 0.35520781999999995
        }, 
        "industries" : {
            "Manufacturing" : 0.25094662, 
            "Healthcare" : 0.16163041, 
            "Retail" : 0.09592397, 
            "Construction" : 0.07186874, 
            "Education" : 0.07186874, 
            "Transportation" : 0.05709407, 
            "Other Services" : 0.054866729999999996, 
            "Hospitality" : 0.04439825, 
            "Government" : 0.03378128, 
            "Agriculture" : 0.027693219999999998, 
            "Administrative" : 0.02613409, 
            "Finance & Insurance" : 0.02561437, 
            "Professional" : 0.02398099, 
            "Wholesalers" : 0.01670503, 
            "Utilities" : 0.00957755, 
            "Entertainment" : 0.00957755, 
            "Real estate" : 0.00838964, 
            "Information" : 0.00801841, 
            "Oil & Gas, and Mining" : 0.00170762, 
            "Management" : 0.00022273
        }, 
        "educational_attainment" : {
            "Doctorate" : 0.004091910000000001, 
            "Professional" : 0.006190330000000001, 
            "Master's" : 0.04747666, 
            "Bachelor's" : 0.10261253, 
            "Associate's" : 0.10859301, 
            "Some College" : 0.20087084, 
            "High School" : 0.44276571, 
            "Some H.S." : 0.06510335, 
            "Less than H.S." : 0.015790580000000002, 
            "None" : 0.00650509
        }
    }
}