{
    "name" : "Redwood County", 
	"state" : "Minnesota", 
	"FIPS" : "27127",
    "population" : 15578, 
    "demographics" : {
        "race_and_ethnicity" : {
            "White" : 0.8768134499999999, 
            "Hispanic" : 0.02875851, 
            "Black" : 0.0065477, 
            "Asian" : 0.03145462, 
            "Mixed" : 0.00847349, 
            "Other" : 0.04795224
        }, 
        "age_and_sex" : {
            "85+" : 0.042050000000000004, 
            "80-84" : 0.0269, 
            "75-79" : 0.03755, 
            "70-74" : 0.04378, 
            "67-69" : 0.02927, 
            "65-66" : 0.02895, 
            "62-64" : 0.03909, 
            "60-61" : 0.03088, 
            "55-59" : 0.0674, 
            "50-54" : 0.07292, 
            "45-49" : 0.0613, 
            "40-44" : 0.05341, 
            "35-39" : 0.048470000000000006, 
            "30-34" : 0.05386, 
            "25-29" : 0.04551, 
            "22-24" : 0.028239999999999998, 
            "21" : 0.012, 
            "20" : 0.008539999999999999, 
            "18-19" : 0.02548, 
            "15-17" : 0.04173, 
            "10-14" : 0.06644, 
            "5-9" : 0.07761, 
            "0-4" : 0.058609999999999995
        }, 
        "household_types" : {
            "Married" : 0.51628873, 
            "Single Female" : 0.07409773, 
            "Single Male" : 0.04758863, 
            "One-Person" : 0.32481635, 
            "Other Non-Family" : 0.03720856
        }, 
        "marital_status" : {
            "Never Married" : {
                "female" : 0.22589442999999998, 
                "male" : 0.31544926
            }, 
            "Now Married" : {
                "female" : 0.51034815, 
                "male" : 0.5311894
            }, 
            "Separated" : {
                "female" : 0.0105888, 
                "male" : 0.006302520000000001
            }, 
            "Absent Spouse" : {
                "female" : 0.01732713, 
                "male" : 0.01454428
            }, 
            "Widowed" : {
                "female" : 0.12449864, 
                "male" : 0.02407886
            }, 
            "Divorced" : {
                "female" : 0.11134285000000001, 
                "male" : 0.10843567999999999
            }
        }, 
        "ancestry" : {
            "German" : 0.50288869, 
            "Other" : 0.14064707, 
            "Norwegian" : 0.14000514, 
            "Unclassified" : 0.13724482999999998, 
            "Irish" : 0.07086917, 
            "Swedish" : 0.03780973, 
            "English" : 0.03479266, 
            "Danish" : 0.03036333, 
            "American" : 0.02683271, 
            "Polish" : 0.02272435, 
            "French" : 0.02253178, 
            "Belgian" : 0.020991140000000002, 
            "Czech" : 0.020349210000000003, 
            "Dutch" : 0.0148928, 
            "Scandinavian" : 0.00956477, 
            "Scottish" : 0.00757478, 
            "Welsh" : 0.00757478, 
            "Italian" : 0.00629092, 
            "Swiss" : 0.00545641, 
            "Mexican" : 0.82261641, 
            "Other Hispanic" : 0.02382, 
            "Central American" : 0.09312639, 
            "Guatemalan" : 0.0027, 
            "Spaniard" : 0.06430155, 
            "Puerto Rican" : 0.0018599999999999999, 
            "Cuban" : 0.05099778, 
            "Salvadoran" : 0.00148, 
            "Hmong" : 0.8816326499999999, 
            "Korean" : 0.02773, 
            "Filipino" : 0.042857139999999995, 
            "Chinese" : 0.00135, 
            "Vietnamese" : 0.03877551
        }, 
        "employment_status" : {
            "Armed Forces" : 0.00032653, 
            "Employed" : 0.61877551, 
            "Unemployed" : 0.02212245, 
            "Other" : 0.35877550999999996
        }, 
        "industries" : {
            "Healthcare" : 0.15751979, 
            "Manufacturing" : 0.13311346000000002, 
            "Retail" : 0.11451186999999999, 
            "Agriculture" : 0.11385224, 
            "Construction" : 0.06609498999999999, 
            "Entertainment" : 0.06543536, 
            "Education" : 0.0560686, 
            "Other Services" : 0.05237467, 
            "Hospitality" : 0.05158311, 
            "Finance & Insurance" : 0.04208443, 
            "Government" : 0.03350923, 
            "Wholesalers" : 0.0328496, 
            "Transportation" : 0.0328496, 
            "Professional" : 0.01622691, 
            "Administrative" : 0.014248019999999998, 
            "Information" : 0.007519789999999999, 
            "Utilities" : 0.00646438, 
            "Real estate" : 0.0030342999999999998, 
            "Management" : 0.0005277, 
            "Oil & Gas, and Mining" : 0.00013193
        }, 
        "educational_attainment" : {
            "Doctorate" : 0.00405125, 
            "Professional" : 0.00697192, 
            "Master's" : 0.03109101, 
            "Bachelor's" : 0.13632938, 
            "Associate's" : 0.10693424, 
            "Some College" : 0.22357264000000002, 
            "High School" : 0.37648389000000004, 
            "Some H.S." : 0.06783493, 
            "Less than H.S." : 0.02751083, 
            "None" : 0.0192199
        }
    }
}