{
    "name" : "Hubbard County", 
	"state" : "Minnesota", 
	"FIPS" : "27057",
    "population" : 20640, 
    "demographics" : {
        "race_and_ethnicity" : {
            "White" : 0.93270349, 
            "Hispanic" : 0.0181686, 
            "Black" : 0.00658915, 
            "Asian" : 0.0060562, 
            "Mixed" : 0.01526163, 
            "Other" : 0.02122093
        }, 
        "age_and_sex" : {
            "85+" : 0.02175, 
            "80-84" : 0.02859, 
            "75-79" : 0.04559, 
            "70-74" : 0.05857999999999999, 
            "67-69" : 0.04423, 
            "65-66" : 0.03576, 
            "62-64" : 0.051210000000000006, 
            "60-61" : 0.03367, 
            "55-59" : 0.07941, 
            "50-54" : 0.07926, 
            "45-49" : 0.05766, 
            "40-44" : 0.05441, 
            "35-39" : 0.045739999999999996, 
            "30-34" : 0.049269999999999994, 
            "25-29" : 0.03973, 
            "22-24" : 0.02645, 
            "21" : 0.00867, 
            "20" : 0.00455, 
            "18-19" : 0.01856, 
            "15-17" : 0.0359, 
            "10-14" : 0.06783, 
            "5-9" : 0.057409999999999996, 
            "0-4" : 0.05577
        }, 
        "household_types" : {
            "Married" : 0.59844411, 
            "Single Female" : 0.07001487, 
            "Single Male" : 0.033291390000000004, 
            "One-Person" : 0.24779773, 
            "Other Non-Family" : 0.05045189
        }, 
        "marital_status" : {
            "Never Married" : {
                "female" : 0.15955429000000002, 
                "male" : 0.22838923
            }, 
            "Now Married" : {
                "female" : 0.62565197, 
                "male" : 0.6144308
            }, 
            "Separated" : {
                "female" : 0.00746799, 
                "male" : 0.00885687
            }, 
            "Absent Spouse" : {
                "female" : 0.01410621, 
                "male" : 0.014407179999999999
            }, 
            "Widowed" : {
                "female" : 0.07942153, 
                "male" : 0.02798772
            }, 
            "Divorced" : {
                "female" : 0.11379801, 
                "male" : 0.1059282
            }
        }, 
        "ancestry" : {
            "German" : 0.35891472999999996, 
            "Norwegian" : 0.19946705, 
            "Unclassified" : 0.16584302, 
            "Other" : 0.10116279, 
            "Irish" : 0.0941376, 
            "Swedish" : 0.07751938, 
            "English" : 0.06429264, 
            "Finnish" : 0.04835270999999999, 
            "American" : 0.041375970000000005, 
            "Polish" : 0.03716085, 
            "French" : 0.03575581, 
            "Dutch" : 0.01627907, 
            "Scandinavian" : 0.01618217, 
            "European" : 0.01603682, 
            "Czech" : 0.01584302, 
            "French Canadian" : 0.015552330000000001, 
            "Danish" : 0.013129839999999999, 
            "Italian" : 0.012984500000000001, 
            "Scottish" : 0.01128876, 
            "Scotch-Irish" : 0.0071705399999999996, 
            "Mexican" : 0.60416667, 
            "Puerto Rican" : 0.011240000000000002, 
            "Other Hispanic" : 0.18489582999999998, 
            "Central American" : 0.00344, 
            "Spaniard" : 0.09635417, 
            "Guatemalan" : 0.00179, 
            "South American" : 0.06510417, 
            "Colombian" : 0.00121, 
            "Cuban" : 0.046875, 
            "Honduran" : 0.0008699999999999999, 
            "Panamanian" : 0.033854169999999996, 
            "Burmese" : 0.584, 
            "Filipino" : 0.0035399999999999997, 
            "Korean" : 0.11199999999999999, 
            "Thai" : 0.00068, 
            "Indian" : 0.11199999999999999, 
            "Chinese" : 0.00068
        }, 
        "employment_status" : {
            "Armed Forces" : 0.0001796, 
            "Employed" : 0.55908764, 
            "Unemployed" : 0.02544301, 
            "Other" : 0.41528975
        }, 
        "industries" : {
            "Healthcare" : 0.17057500999999997, 
            "Retail" : 0.13513224, 
            "Education" : 0.09572759, 
            "Construction" : 0.09412143, 
            "Manufacturing" : 0.09176570999999999, 
            "Hospitality" : 0.07891637, 
            "Other Services" : 0.054288470000000005, 
            "Government" : 0.04904165, 
            "Transportation" : 0.03683478, 
            "Finance & Insurance" : 0.03426491, 
            "Agriculture" : 0.033943680000000004, 
            "Professional" : 0.02655531, 
            "Administrative" : 0.02591284, 
            "Wholesalers" : 0.021201409999999997, 
            "Entertainment" : 0.01777492, 
            "Information" : 0.013063499999999999, 
            "Real estate" : 0.010921940000000002, 
            "Utilities" : 0.0067459, 
            "Oil & Gas, and Mining" : 0.00321234, 
            "Management" : 0.0
        }, 
        "educational_attainment" : {
            "Doctorate" : 0.008288219999999999, 
            "Professional" : 0.01530646, 
            "Master's" : 0.0598222, 
            "Bachelor's" : 0.17050999, 
            "Associate's" : 0.11757234999999999, 
            "Some College" : 0.22939643, 
            "High School" : 0.31943052, 
            "Some H.S." : 0.05801751, 
            "Less than H.S." : 0.01530646, 
            "None" : 0.00634984
        }
    }
}