{
    "name" : "Blair County", 
	"state" : "Pennsylvania", 
	"FIPS" : "42013",
    "population" : 125917, 
    "demographics" : {
        "race_and_ethnicity" : {
            "White" : 0.950245, 
            "Hispanic" : 0.01072929, 
            "Black" : 0.01602643, 
            "Asian" : 0.0074096399999999995, 
            "Mixed" : 0.014422200000000001, 
            "Other" : 0.00116744
        }, 
        "age_and_sex" : {
            "85+" : 0.03238, 
            "80-84" : 0.029089999999999998, 
            "75-79" : 0.02946, 
            "70-74" : 0.04194, 
            "67-69" : 0.03257, 
            "65-66" : 0.02767, 
            "62-64" : 0.04153, 
            "60-61" : 0.02954, 
            "55-59" : 0.07467, 
            "50-54" : 0.07187, 
            "45-49" : 0.06329, 
            "40-44" : 0.05986, 
            "35-39" : 0.057539999999999994, 
            "30-34" : 0.055810000000000005, 
            "25-29" : 0.058129999999999994, 
            "22-24" : 0.03614, 
            "21" : 0.01126, 
            "20" : 0.015529999999999999, 
            "18-19" : 0.02513, 
            "15-17" : 0.03544, 
            "10-14" : 0.060730000000000006, 
            "5-9" : 0.05618, 
            "0-4" : 0.05423
        }, 
        "household_types" : {
            "Married" : 0.48137536, 
            "Single Female" : 0.10986380000000001, 
            "Single Male" : 0.04407897, 
            "One-Person" : 0.31322369, 
            "Other Non-Family" : 0.05145818
        }, 
        "marital_status" : {
            "Never Married" : {
                "female" : 0.25730788, 
                "male" : 0.32899702
            }, 
            "Now Married" : {
                "female" : 0.46022548, 
                "male" : 0.49598808
            }, 
            "Separated" : {
                "female" : 0.02402947, 
                "male" : 0.01944389
            }, 
            "Absent Spouse" : {
                "female" : 0.01481015, 
                "male" : 0.024091360000000003
            }, 
            "Widowed" : {
                "female" : 0.13066257, 
                "male" : 0.037179739999999996
            }, 
            "Divorced" : {
                "female" : 0.11296444, 
                "male" : 0.0942999
            }
        }, 
        "ancestry" : {
            "German" : 0.35937165, 
            "Unclassified" : 0.26043346, 
            "Irish" : 0.16541055, 
            "Italian" : 0.09998649999999999, 
            "Other" : 0.09915262, 
            "American" : 0.06300976, 
            "English" : 0.06168349, 
            "Polish" : 0.04487083, 
            "Dutch" : 0.01940961, 
            "Scottish" : 0.01583583, 
            "Scotch-Irish" : 0.015812, 
            "French" : 0.01419983, 
            "Pennsylvania German" : 0.01302445, 
            "Welsh" : 0.00854531, 
            "Swedish" : 0.00756848, 
            "Slovak" : 0.00712374, 
            "Russian" : 0.00589277, 
            "Hungarian" : 0.00575776, 
            "European" : 0.00527331, 
            "Mexican" : 0.36433566, 
            "Puerto Rican" : 0.00414, 
            "Other Hispanic" : 0.26153846000000003, 
            "Central American" : 0.00297, 
            "Spaniard" : 0.22517483, 
            "Guatemalan" : 0.00256, 
            "Costa Rican" : 0.09020979000000001, 
            "Dominican" : 0.0010199999999999999, 
            "South American" : 0.06223776, 
            "Peruvian" : 0.0007099999999999999, 
            "Cuban" : 0.05174825, 
            "Indian" : 0.26795283999999997, 
            "Chinese" : 0.00199, 
            "Vietnamese" : 0.23901392999999999, 
            "Filipino" : 0.0017699999999999999, 
            "Korean" : 0.20257235, 
            "Pakistani" : 0.0015, 
            "Sri Lankan" : 0.09110397, 
            "Taiwanese" : 0.00068, 
            "Thai" : 0.08788852999999999, 
            "Not Specified" : 0.00065
        }, 
        "employment_status" : {
            "Armed Forces" : 0.00017502000000000001, 
            "Employed" : 0.55419859, 
            "Unemployed" : 0.034216869999999996, 
            "Other" : 0.41140951000000003
        }, 
        "industries" : {
            "Healthcare" : 0.18076707, 
            "Retail" : 0.1483262, 
            "Manufacturing" : 0.11269211999999999, 
            "Education" : 0.08028634, 
            "Hospitality" : 0.08021616, 
            "Construction" : 0.0591445, 
            "Transportation" : 0.058197070000000004, 
            "Other Services" : 0.050933400000000004, 
            "Government" : 0.039564180000000004, 
            "Professional" : 0.03593235, 
            "Wholesalers" : 0.0298442, 
            "Administrative" : 0.02952839, 
            "Finance & Insurance" : 0.02923012, 
            "Entertainment" : 0.01457997, 
            "Information" : 0.01445715, 
            "Agriculture" : 0.01180785, 
            "Real estate" : 0.01145694, 
            "Utilities" : 0.00843919, 
            "Oil & Gas, and Mining" : 0.00380728, 
            "Management" : 0.00078953
        }, 
        "educational_attainment" : {
            "Doctorate" : 0.00647413, 
            "Professional" : 0.010369870000000002, 
            "Master's" : 0.04707537999999999, 
            "Bachelor's" : 0.13141924, 
            "Associate's" : 0.08220458000000001, 
            "Some College" : 0.14789168, 
            "High School" : 0.48130383000000004, 
            "Some H.S." : 0.07114789, 
            "Less than H.S." : 0.0161234, 
            "None" : 0.005989980000000001
        }
    }
}