{
    "name" : "Delaware County", 
	"state" : "Pennsylvania", 
	"FIPS" : "42045",
    "population" : 562316, 
    "demographics" : {
        "race_and_ethnicity" : {
            "White" : 0.68574787, 
            "Hispanic" : 0.029908450000000003, 
            "Black" : 0.21000469, 
            "Asian" : 0.05260565, 
            "Mixed" : 0.01899644, 
            "Other" : 0.0027369
        }, 
        "age_and_sex" : {
            "85+" : 0.0245, 
            "80-84" : 0.022170000000000002, 
            "75-79" : 0.02582, 
            "70-74" : 0.03212, 
            "67-69" : 0.02634, 
            "65-66" : 0.020059999999999998, 
            "62-64" : 0.035230000000000004, 
            "60-61" : 0.02767, 
            "55-59" : 0.07162, 
            "50-54" : 0.07400000000000001, 
            "45-49" : 0.06709999999999999, 
            "40-44" : 0.06139, 
            "35-39" : 0.05696, 
            "30-34" : 0.06239, 
            "25-29" : 0.06474, 
            "22-24" : 0.039169999999999996, 
            "21" : 0.015269999999999999, 
            "20" : 0.01636, 
            "18-19" : 0.03257, 
            "15-17" : 0.04053, 
            "10-14" : 0.0637, 
            "5-9" : 0.06011999999999999, 
            "0-4" : 0.06017
        }, 
        "household_types" : {
            "Married" : 0.47609646, 
            "Single Female" : 0.14604882, 
            "Single Male" : 0.046844460000000004, 
            "One-Person" : 0.2869309, 
            "Other Non-Family" : 0.04407937000000001
        }, 
        "marital_status" : {
            "Never Married" : {
                "female" : 0.34451991, 
                "male" : 0.39276226000000003
            }, 
            "Now Married" : {
                "female" : 0.40926892000000004, 
                "male" : 0.46095682
            }, 
            "Separated" : {
                "female" : 0.022809689999999997, 
                "male" : 0.01713138
            }, 
            "Absent Spouse" : {
                "female" : 0.022076159999999997, 
                "male" : 0.024931739999999997
            }, 
            "Widowed" : {
                "female" : 0.10100248, 
                "male" : 0.031941489999999996
            }, 
            "Divorced" : {
                "female" : 0.10032283, 
                "male" : 0.07227631
            }
        }, 
        "ancestry" : {
            "Other" : 0.27872051, 
            "Irish" : 0.25661728, 
            "Italian" : 0.17034728000000002, 
            "German" : 0.14452372, 
            "Unclassified" : 0.12125033, 
            "English" : 0.07570832, 
            "Polish" : 0.040365200000000004, 
            "American" : 0.03489497, 
            "Subsaharan African" : 0.02284658, 
            "French" : 0.01364357, 
            "Scottish" : 0.01339283, 
            "West Indian" : 0.012165760000000001, 
            "Russian" : 0.01202705, 
            "African" : 0.00994103, 
            "Welsh" : 0.00928304, 
            "Greek" : 0.00853079, 
            "Scotch-Irish" : 0.00841342, 
            "Dutch" : 0.00762027, 
            "Ukrainian" : 0.007431759999999999, 
            "Liberian" : 0.00690181, 
            "Puerto Rican" : 0.40854157999999996, 
            "Mexican" : 0.014190000000000001, 
            "South American" : 0.14497132000000001, 
            "Central American" : 0.00503, 
            "Other Hispanic" : 0.13708520999999999, 
            "Dominican" : 0.0047599999999999995, 
            "Ecuadorian" : 0.10323638, 
            "Guatemalan" : 0.00359, 
            "Cuban" : 0.08787381999999999, 
            "Spaniard" : 0.0030499999999999998, 
            "Colombian" : 0.06662229, 
            "Salvadoran" : 0.00231, 
            "Peruvian" : 0.05965793, 
            "Spanish" : 0.00207, 
            "Honduran" : 0.054844330000000004, 
            "Venezuelan" : 0.0019, 
            "Argentinean" : 0.051669400000000004, 
            "Chilean" : 0.00179, 
            "Costa Rican" : 0.02698689, 
            "Indian" : 0.30249146, 
            "Chinese" : 0.01591, 
            "Vietnamese" : 0.21540853999999998, 
            "Korean" : 0.01133, 
            "Filipino" : 0.12379568, 
            "Pakistani" : 0.00651, 
            "Bangladeshi" : 0.11568236000000001, 
            "Mixed" : 0.00609, 
            "Japanese" : 0.04428518000000001, 
            "Cambodian" : 0.00233, 
            "Burmese" : 0.04344005, 
            "Not Specified" : 0.00229, 
            "Laotian" : 0.04002569, 
            "Taiwanese" : 0.00211
        }, 
        "employment_status" : {
            "Armed Forces" : 0.00012616, 
            "Employed" : 0.60033377, 
            "Unemployed" : 0.04895232, 
            "Other" : 0.35058775
        }, 
        "industries" : {
            "Healthcare" : 0.18146994, 
            "Education" : 0.11590687000000001, 
            "Retail" : 0.10494221, 
            "Professional" : 0.08035467, 
            "Manufacturing" : 0.07535901, 
            "Hospitality" : 0.066647, 
            "Finance & Insurance" : 0.06092134, 
            "Construction" : 0.04983132999999999, 
            "Other Services" : 0.04896861, 
            "Transportation" : 0.04432688, 
            "Administrative" : 0.038796620000000004, 
            "Government" : 0.036411229999999996, 
            "Wholesalers" : 0.02477925, 
            "Information" : 0.02074585, 
            "Entertainment" : 0.020318170000000003, 
            "Real estate" : 0.018065519999999998, 
            "Utilities" : 0.008232709999999999, 
            "Agriculture" : 0.00245912, 
            "Oil & Gas, and Mining" : 0.0007557999999999999, 
            "Management" : 0.00070787
        }, 
        "educational_attainment" : {
            "Doctorate" : 0.02054322, 
            "Professional" : 0.02748621, 
            "Master's" : 0.10682789, 
            "Bachelor's" : 0.21297842, 
            "Associate's" : 0.07518224, 
            "Some College" : 0.16522153, 
            "High School" : 0.31578711, 
            "Some H.S." : 0.051627929999999995, 
            "Less than H.S." : 0.01522749, 
            "None" : 0.00911797
        }
    }
}