{
    "name" : "Mckean County", 
	"state" : "Pennsylvania", 
	"FIPS" : "42083",
    "population" : 42609, 
    "demographics" : {
        "race_and_ethnicity" : {
            "White" : 0.9357647400000001, 
            "Hispanic" : 0.01903354, 
            "Black" : 0.025863079999999997, 
            "Asian" : 0.00492854, 
            "Mixed" : 0.01241522, 
            "Other" : 0.00199488
        }, 
        "age_and_sex" : {
            "85+" : 0.03023, 
            "80-84" : 0.025160000000000002, 
            "75-79" : 0.029900000000000003, 
            "70-74" : 0.04105, 
            "67-69" : 0.031869999999999996, 
            "65-66" : 0.02302, 
            "62-64" : 0.035179999999999996, 
            "60-61" : 0.028210000000000002, 
            "55-59" : 0.08087, 
            "50-54" : 0.07207, 
            "45-49" : 0.06752, 
            "40-44" : 0.06442, 
            "35-39" : 0.06454, 
            "30-34" : 0.056909999999999995, 
            "25-29" : 0.05635, 
            "22-24" : 0.03603, 
            "21" : 0.01357, 
            "20" : 0.01242, 
            "18-19" : 0.02971, 
            "15-17" : 0.03863, 
            "10-14" : 0.05274, 
            "5-9" : 0.05956, 
            "0-4" : 0.050039999999999994
        }, 
        "household_types" : {
            "Married" : 0.45373428, 
            "Single Female" : 0.12381945999999999, 
            "Single Male" : 0.06217046, 
            "One-Person" : 0.29729417, 
            "Other Non-Family" : 0.06298163
        }, 
        "marital_status" : {
            "Never Married" : {
                "female" : 0.25494492999999996, 
                "male" : 0.34771947
            }, 
            "Now Married" : {
                "female" : 0.44714838, 
                "male" : 0.43894066000000004
            }, 
            "Separated" : {
                "female" : 0.02364339, 
                "male" : 0.028881260000000002
            }, 
            "Absent Spouse" : {
                "female" : 0.0130327, 
                "male" : 0.02354095
            }, 
            "Widowed" : {
                "female" : 0.1278473, 
                "male" : 0.029535179999999998
            }, 
            "Divorced" : {
                "female" : 0.13338331, 
                "male" : 0.13138249
            }
        }, 
        "ancestry" : {
            "German" : 0.26128283, 
            "Irish" : 0.19925368, 
            "Unclassified" : 0.18331808, 
            "Other" : 0.12239198, 
            "Italian" : 0.11213593, 
            "English" : 0.09915745, 
            "Swedish" : 0.07355254, 
            "American" : 0.06226384, 
            "Polish" : 0.0478068, 
            "Dutch" : 0.022999839999999997, 
            "Scottish" : 0.01882231, 
            "French" : 0.01818865, 
            "Scotch-Irish" : 0.01382337, 
            "Welsh" : 0.008636669999999999, 
            "Pennsylvania German" : 0.00840198, 
            "Slovak" : 0.0073224, 
            "European" : 0.005749959999999999, 
            "Russian" : 0.00535098, 
            "Puerto Rican" : 0.35963923000000003, 
            "Mexican" : 0.00749, 
            "Other Hispanic" : 0.27170237, 
            "Cuban" : 0.005659999999999999, 
            "South American" : 0.13641488000000002, 
            "Central American" : 0.0028399999999999996, 
            "Colombian" : 0.07440812000000001, 
            "Dominican" : 0.00155, 
            "Salvadoran" : 0.06538895, 
            "Nicaraguan" : 0.00136, 
            "Spaniard" : 0.052987599999999996, 
            "Peruvian" : 0.0011, 
            "Panamanian" : 0.041713639999999996, 
            "Ecuadorian" : 0.0008699999999999999, 
            "Chinese" : 0.38571429, 
            "Filipino" : 0.0019, 
            "Korean" : 0.23333333, 
            "Vietnamese" : 0.00115, 
            "Japanese" : 0.22380952, 
            "Pakistani" : 0.0011, 
            "Indian" : 0.09047619
        }, 
        "employment_status" : {
            "Armed Forces" : 0.00014188, 
            "Employed" : 0.52167991, 
            "Unemployed" : 0.04446652, 
            "Other" : 0.43371169000000004
        }, 
        "industries" : {
            "Healthcare" : 0.205396, 
            "Manufacturing" : 0.20490644, 
            "Retail" : 0.09394038, 
            "Education" : 0.08001523, 
            "Hospitality" : 0.06554613, 
            "Construction" : 0.056842909999999996, 
            "Government" : 0.04286336, 
            "Other Services" : 0.03927328, 
            "Transportation" : 0.03840296, 
            "Oil & Gas, and Mining" : 0.028503050000000002, 
            "Administrative" : 0.027523930000000002, 
            "Wholesalers" : 0.020398170000000004, 
            "Finance & Insurance" : 0.01952785, 
            "Professional" : 0.01827676, 
            "Agriculture" : 0.01539382, 
            "Information" : 0.01457789, 
            "Utilities" : 0.010933420000000001, 
            "Entertainment" : 0.00935596, 
            "Real estate" : 0.00788729, 
            "Management" : 0.00043516
        }, 
        "educational_attainment" : {
            "Doctorate" : 0.00660296, 
            "Professional" : 0.00736612, 
            "Master's" : 0.05152963, 
            "Bachelor's" : 0.10445285, 
            "Associate's" : 0.07780875, 
            "Some College" : 0.16895613999999998, 
            "High School" : 0.47889707000000004, 
            "Some H.S." : 0.08344947, 
            "Less than H.S." : 0.01177915, 
            "None" : 0.00915787
        }
    }
}