{
    "name" : "Washington County", 
	"state" : "Pennsylvania", 
	"FIPS" : "42125",
    "population" : 208269, 
    "demographics" : {
        "race_and_ethnicity" : {
            "White" : 0.9274688000000001, 
            "Hispanic" : 0.01376585, 
            "Black" : 0.02874648, 
            "Asian" : 0.00924766, 
            "Mixed" : 0.01925395, 
            "Other" : 0.00151727
        }, 
        "age_and_sex" : {
            "85+" : 0.02742, 
            "80-84" : 0.02529, 
            "75-79" : 0.03379, 
            "70-74" : 0.04019999999999999, 
            "67-69" : 0.03494, 
            "65-66" : 0.0274, 
            "62-64" : 0.042460000000000005, 
            "60-61" : 0.031120000000000002, 
            "55-59" : 0.07995000000000001, 
            "50-54" : 0.07742, 
            "45-49" : 0.06999, 
            "40-44" : 0.06314, 
            "35-39" : 0.053579999999999996, 
            "30-34" : 0.053520000000000005, 
            "25-29" : 0.05349, 
            "22-24" : 0.03475, 
            "21" : 0.01221, 
            "20" : 0.01282, 
            "18-19" : 0.02774, 
            "15-17" : 0.03628, 
            "10-14" : 0.05673, 
            "5-9" : 0.05534, 
            "0-4" : 0.05041
        }, 
        "household_types" : {
            "Married" : 0.52337453, 
            "Single Female" : 0.09795211999999999, 
            "Single Male" : 0.040420319999999996, 
            "One-Person" : 0.28512747, 
            "Other Non-Family" : 0.053125559999999995
        }, 
        "marital_status" : {
            "Never Married" : {
                "female" : 0.24449908, 
                "male" : 0.30390962
            }, 
            "Now Married" : {
                "female" : 0.49420429, 
                "male" : 0.53012362
            }, 
            "Separated" : {
                "female" : 0.01824371, 
                "male" : 0.013355410000000002
            }, 
            "Absent Spouse" : {
                "female" : 0.01287071, 
                "male" : 0.0155202
            }, 
            "Widowed" : {
                "female" : 0.11936280999999999, 
                "male" : 0.03329982
            }, 
            "Divorced" : {
                "female" : 0.11081941000000001, 
                "male" : 0.10379133
            }
        }, 
        "ancestry" : {
            "German" : 0.25435374, 
            "Italian" : 0.17993076, 
            "Irish" : 0.17801497000000002, 
            "Unclassified" : 0.17404413999999999, 
            "English" : 0.11135118999999999, 
            "Other" : 0.10406734000000001, 
            "Polish" : 0.09753252, 
            "American" : 0.04037567, 
            "Slovak" : 0.03903605, 
            "Scotch-Irish" : 0.03901685, 
            "French" : 0.022293280000000002, 
            "Russian" : 0.021040100000000003, 
            "Hungarian" : 0.02028626, 
            "Scottish" : 0.01925875, 
            "Dutch" : 0.01307444, 
            "Welsh" : 0.01149955, 
            "Croatian" : 0.01112023, 
            "Czech" : 0.010207949999999999, 
            "Ukrainian" : 0.00789364, 
            "Greek" : 0.00770158, 
            "Mexican" : 0.38046601, 
            "Puerto Rican" : 0.005719999999999999, 
            "Other Hispanic" : 0.21864028000000002, 
            "South American" : 0.00329, 
            "Cuban" : 0.13278008, 
            "Spaniard" : 0.002, 
            "Central American" : 0.10277689000000001, 
            "Dominican" : 0.00155, 
            "Spanish" : 0.09096712, 
            "Ecuadorian" : 0.0013700000000000001, 
            "Guatemalan" : 0.08139163999999999, 
            "Chilean" : 0.00122, 
            "Colombian" : 0.0446856, 
            "Argentinean" : 0.00067, 
            "Peruvian" : 0.02968401, 
            "Salvadoran" : 0.00045, 
            "Panamanian" : 0.02904564, 
            "Venezuelan" : 0.00043999999999999996, 
            "Indian" : 0.32242991000000004, 
            "Chinese" : 0.00298, 
            "Filipino" : 0.27673936, 
            "Korean" : 0.00256, 
            "Burmese" : 0.10643821, 
            "Vietnamese" : 0.00098, 
            "Mixed" : 0.06542056, 
            "Not Specified" : 0.0006, 
            "Nepalese" : 0.06334372, 
            "Bhutanese" : 0.0005899999999999999, 
            "Thai" : 0.03167186, 
            "Taiwanese" : 0.00029, 
            "Japanese" : 0.02284528, 
            "Sri Lankan" : 0.00021
        }, 
        "employment_status" : {
            "Armed Forces" : 0.00025551, 
            "Employed" : 0.57679599, 
            "Unemployed" : 0.03794359, 
            "Other" : 0.38500491
        }, 
        "industries" : {
            "Healthcare" : 0.15912249, 
            "Retail" : 0.1189316, 
            "Manufacturing" : 0.10927652, 
            "Education" : 0.08304976, 
            "Construction" : 0.07855949, 
            "Hospitality" : 0.0648672, 
            "Professional" : 0.0622999, 
            "Finance & Insurance" : 0.0476411, 
            "Transportation" : 0.041670860000000004, 
            "Other Services" : 0.04048285, 
            "Administrative" : 0.03600266, 
            "Oil & Gas, and Mining" : 0.031894969999999995, 
            "Government" : 0.029055840000000003, 
            "Wholesalers" : 0.026569080000000002, 
            "Entertainment" : 0.02288424, 
            "Information" : 0.01696434, 
            "Real estate" : 0.01360168, 
            "Utilities" : 0.01148743, 
            "Agriculture" : 0.00471176, 
            "Management" : 0.0009262399999999999
        }, 
        "educational_attainment" : {
            "Doctorate" : 0.00888016, 
            "Professional" : 0.01391225, 
            "Master's" : 0.07322094, 
            "Bachelor's" : 0.18535985, 
            "Associate's" : 0.09338294, 
            "Some College" : 0.15437348, 
            "High School" : 0.38841274, 
            "Some H.S." : 0.057209750000000004, 
            "Less than H.S." : 0.01628702, 
            "None" : 0.008960890000000001
        }
    }
}