{
    "name" : "Adams County", 
	"state" : "Pennsylvania", 
	"FIPS" : "42001",
    "population" : 101759, 
    "demographics" : {
        "race_and_ethnicity" : {
            "White" : 0.89762085, 
            "Hispanic" : 0.0651736, 
            "Black" : 0.01439676, 
            "Asian" : 0.0065743600000000004, 
            "Mixed" : 0.015271380000000001, 
            "Other" : 0.0009630600000000001
        }, 
        "age_and_sex" : {
            "85+" : 0.022879999999999998, 
            "80-84" : 0.023780000000000003, 
            "75-79" : 0.033460000000000004, 
            "70-74" : 0.04524, 
            "67-69" : 0.03058, 
            "65-66" : 0.02661, 
            "62-64" : 0.04172, 
            "60-61" : 0.02576, 
            "55-59" : 0.07669, 
            "50-54" : 0.07754, 
            "45-49" : 0.0723, 
            "40-44" : 0.06107, 
            "35-39" : 0.05276, 
            "30-34" : 0.05147, 
            "25-29" : 0.052930000000000005, 
            "22-24" : 0.03284, 
            "21" : 0.018520000000000002, 
            "20" : 0.01562, 
            "18-19" : 0.03108, 
            "15-17" : 0.038650000000000004, 
            "10-14" : 0.06288, 
            "5-9" : 0.055069999999999994, 
            "0-4" : 0.05054
        }, 
        "household_types" : {
            "Married" : 0.57707283, 
            "Single Female" : 0.09851316, 
            "Single Male" : 0.03830777, 
            "One-Person" : 0.23969793, 
            "Other Non-Family" : 0.046408319999999996
        }, 
        "marital_status" : {
            "Never Married" : {
                "female" : 0.24284788, 
                "male" : 0.30181845
            }, 
            "Now Married" : {
                "female" : 0.52171095, 
                "male" : 0.54623391
            }, 
            "Separated" : {
                "female" : 0.016341079999999997, 
                "male" : 0.01347533
            }, 
            "Absent Spouse" : {
                "female" : 0.01708175, 
                "male" : 0.02059939
            }, 
            "Widowed" : {
                "female" : 0.10054625, 
                "male" : 0.02965539
            }, 
            "Divorced" : {
                "female" : 0.10147209, 
                "male" : 0.08821754
            }
        }, 
        "ancestry" : {
            "German" : 0.37437475, 
            "Unclassified" : 0.16470288, 
            "Other" : 0.15219293, 
            "Irish" : 0.13075993, 
            "American" : 0.10475732, 
            "English" : 0.09532325999999999, 
            "Italian" : 0.05127802, 
            "Polish" : 0.03256714, 
            "Scottish" : 0.0196248, 
            "French" : 0.01886811, 
            "Pennsylvania German" : 0.01555636, 
            "Dutch" : 0.01435745, 
            "Scotch-Irish" : 0.013040620000000001, 
            "Welsh" : 0.00948319, 
            "European" : 0.00798947, 
            "Russian" : 0.00631885, 
            "Hungarian" : 0.00568991, 
            "Swedish" : 0.0050707999999999994, 
            "Mexican" : 0.69409314, 
            "Puerto Rican" : 0.04584, 
            "Central American" : 0.13018896, 
            "Other Hispanic" : 0.0086, 
            "South American" : 0.07335218, 
            "Salvadoran" : 0.00484, 
            "Honduran" : 0.0342211, 
            "Colombian" : 0.00226, 
            "Dominican" : 0.031989290000000004, 
            "Cuban" : 0.00211, 
            "Guatemalan" : 0.0270793, 
            "Spaniard" : 0.00179, 
            "Peruvian" : 0.023359619999999998, 
            "Spanish" : 0.00154, 
            "Filipino" : 0.27503737, 
            "Korean" : 0.00181, 
            "Chinese" : 0.19581465, 
            "Indian" : 0.0012900000000000001, 
            "Vietnamese" : 0.18834081000000003, 
            "Burmese" : 0.00124, 
            "Thai" : 0.10164424999999999, 
            "Pakistani" : 0.00067, 
            "Mixed" : 0.07623318, 
            "Japanese" : 0.0005, 
            "Indonesian" : 0.05979072999999999, 
            "Not Specified" : 0.00039
        }, 
        "employment_status" : {
            "Armed Forces" : 0.00068289, 
            "Employed" : 0.60618912, 
            "Unemployed" : 0.03545029, 
            "Other" : 0.3576777
        }, 
        "industries" : {
            "Manufacturing" : 0.17605439, 
            "Healthcare" : 0.13255465, 
            "Retail" : 0.11451045, 
            "Education" : 0.09310645, 
            "Construction" : 0.06968655, 
            "Hospitality" : 0.06767066, 
            "Government" : 0.05029843, 
            "Other Services" : 0.04986363, 
            "Professional" : 0.04156291, 
            "Transportation" : 0.03849955, 
            "Wholesalers" : 0.0314044, 
            "Administrative" : 0.02883513, 
            "Agriculture" : 0.02774813, 
            "Finance & Insurance" : 0.02725404, 
            "Entertainment" : 0.01958575, 
            "Real estate" : 0.01239179, 
            "Information" : 0.009763230000000001, 
            "Utilities" : 0.00505949, 
            "Oil & Gas, and Mining" : 0.00393296, 
            "Management" : 0.0002174
        }, 
        "educational_attainment" : {
            "Doctorate" : 0.01016959, 
            "Professional" : 0.0109758, 
            "Master's" : 0.06975856, 
            "Bachelor's" : 0.1277634, 
            "Associate's" : 0.08151227999999999, 
            "Some College" : 0.15909252000000002, 
            "High School" : 0.41865037, 
            "Some H.S." : 0.0789805, 
            "Less than H.S." : 0.033677030000000004, 
            "None" : 0.00941995
        }
    }
}