{
    "name" : "Beaver County", 
	"state" : "Pennsylvania", 
	"FIPS" : "42007",
    "population" : 169205, 
    "demographics" : {
        "race_and_ethnicity" : {
            "White" : 0.89851364, 
            "Hispanic" : 0.01337431, 
            "Black" : 0.060713340000000005, 
            "Asian" : 0.00475163, 
            "Mixed" : 0.02087409, 
            "Other" : 0.001773
        }, 
        "age_and_sex" : {
            "85+" : 0.03137, 
            "80-84" : 0.02896, 
            "75-79" : 0.03459, 
            "70-74" : 0.04366, 
            "67-69" : 0.03467, 
            "65-66" : 0.023559999999999998, 
            "62-64" : 0.041120000000000004, 
            "60-61" : 0.02795, 
            "55-59" : 0.08647, 
            "50-54" : 0.08006, 
            "45-49" : 0.06575, 
            "40-44" : 0.05432000000000001, 
            "35-39" : 0.05686, 
            "30-34" : 0.05794, 
            "25-29" : 0.0567, 
            "22-24" : 0.03516, 
            "21" : 0.01089, 
            "20" : 0.011160000000000002, 
            "18-19" : 0.02122, 
            "15-17" : 0.0349, 
            "10-14" : 0.05486, 
            "5-9" : 0.05567999999999999, 
            "0-4" : 0.05213
        }, 
        "household_types" : {
            "Married" : 0.49671772, 
            "Single Female" : 0.11625978, 
            "Single Male" : 0.043077189999999994, 
            "One-Person" : 0.29862273, 
            "Other Non-Family" : 0.045322579999999994
        }, 
        "marital_status" : {
            "Never Married" : {
                "female" : 0.2520542, 
                "male" : 0.30867475
            }, 
            "Now Married" : {
                "female" : 0.47250010000000003, 
                "male" : 0.52082412
            }, 
            "Separated" : {
                "female" : 0.023229060000000003, 
                "male" : 0.02195971
            }, 
            "Absent Spouse" : {
                "female" : 0.011330260000000002, 
                "male" : 0.01625225
            }, 
            "Widowed" : {
                "female" : 0.12734016, 
                "male" : 0.03863965
            }, 
            "Divorced" : {
                "female" : 0.11354622, 
                "male" : 0.09364953
            }
        }, 
        "ancestry" : {
            "German" : 0.29630921, 
            "Italian" : 0.18087527, 
            "Irish" : 0.17334002999999998, 
            "Unclassified" : 0.16221152, 
            "Other" : 0.1334535, 
            "English" : 0.08438876000000001, 
            "Polish" : 0.06805354000000001, 
            "American" : 0.03999291, 
            "Scotch-Irish" : 0.02849798, 
            "Slovak" : 0.02735735, 
            "Croatian" : 0.026577229999999997, 
            "Serbian" : 0.01840371, 
            "Scottish" : 0.0176295, 
            "French" : 0.01658343, 
            "Hungarian" : 0.01614018, 
            "Ukrainian" : 0.01416625, 
            "Dutch" : 0.014089419999999998, 
            "Welsh" : 0.0131911, 
            "Russian" : 0.01091575, 
            "Swedish" : 0.00867587, 
            "Mexican" : 0.48650892, 
            "Puerto Rican" : 0.0069299999999999995, 
            "Other Hispanic" : 0.18929016, 
            "South American" : 0.00269, 
            "Cuban" : 0.10170195, 
            "Central American" : 0.00145, 
            "Dominican" : 0.06890826, 
            "Spaniard" : 0.00098, 
            "Guatemalan" : 0.05396429999999999, 
            "Argentinean" : 0.00077, 
            "Ecuadorian" : 0.051473639999999994, 
            "Venezuelan" : 0.00073, 
            "Spanish" : 0.048152759999999996, 
            "Colombian" : 0.0006900000000000001, 
            "Salvadoran" : 0.044831880000000005, 
            "Other Central American" : 0.00064, 
            "Chinese" : 0.23880597, 
            "Filipino" : 0.00113, 
            "Vietnamese" : 0.22014925000000002, 
            "Pakistani" : 0.00105, 
            "Indian" : 0.13432836, 
            "Japanese" : 0.00064, 
            "Korean" : 0.11069651999999999, 
            "Indonesian" : 0.00053, 
            "Thai" : 0.10074627, 
            "Mixed" : 0.00048
        }, 
        "employment_status" : {
            "Armed Forces" : 0.00050852, 
            "Employed" : 0.5867784, 
            "Unemployed" : 0.03815356, 
            "Other" : 0.37455952000000003
        }, 
        "industries" : {
            "Healthcare" : 0.16578375999999997, 
            "Manufacturing" : 0.12481996000000001, 
            "Retail" : 0.12425848, 
            "Education" : 0.08225716, 
            "Transportation" : 0.07322462, 
            "Hospitality" : 0.06686522, 
            "Professional" : 0.05607499, 
            "Construction" : 0.055525719999999994, 
            "Finance & Insurance" : 0.0463345, 
            "Other Services" : 0.04523594, 
            "Administrative" : 0.034836320000000004, 
            "Wholesalers" : 0.02968533, 
            "Government" : 0.02874545, 
            "Utilities" : 0.01935893, 
            "Real estate" : 0.01280424, 
            "Entertainment" : 0.01185216, 
            "Information" : 0.010790230000000001, 
            "Oil & Gas, and Mining" : 0.0060786600000000005, 
            "Agriculture" : 0.00411347, 
            "Management" : 0.00135488
        }, 
        "educational_attainment" : {
            "Doctorate" : 0.00478356, 
            "Professional" : 0.01147727, 
            "Master's" : 0.05669249, 
            "Bachelor's" : 0.16108993000000002, 
            "Associate's" : 0.11620939999999999, 
            "Some College" : 0.17794666, 
            "High School" : 0.39112512000000005, 
            "Some H.S." : 0.05633331, 
            "Less than H.S." : 0.01758324, 
            "None" : 0.00675902
        }
    }
}