{
    "name" : "Centre County", 
	"state" : "Pennsylvania", 
	"FIPS" : "42027",
    "population" : 159178, 
    "demographics" : {
        "race_and_ethnicity" : {
            "White" : 0.86146327, 
            "Hispanic" : 0.024035980000000002, 
            "Black" : 0.03796379, 
            "Asian" : 0.05801053, 
            "Mixed" : 0.01472565, 
            "Other" : 0.00380078
        }, 
        "age_and_sex" : {
            "85+" : 0.01589, 
            "80-84" : 0.01559, 
            "75-79" : 0.024220000000000002, 
            "70-74" : 0.02992, 
            "67-69" : 0.020099999999999996, 
            "65-66" : 0.01872, 
            "62-64" : 0.02959, 
            "60-61" : 0.02257, 
            "55-59" : 0.055549999999999995, 
            "50-54" : 0.05929, 
            "45-49" : 0.055689999999999996, 
            "40-44" : 0.05644999999999999, 
            "35-39" : 0.04732, 
            "30-34" : 0.05854, 
            "25-29" : 0.07973, 
            "22-24" : 0.07635, 
            "21" : 0.055229999999999994, 
            "20" : 0.05043, 
            "18-19" : 0.07525, 
            "15-17" : 0.02726, 
            "10-14" : 0.04122, 
            "5-9" : 0.04386, 
            "0-4" : 0.04125
        }, 
        "household_types" : {
            "Married" : 0.47169381, 
            "Single Female" : 0.0677981, 
            "Single Male" : 0.03650262, 
            "One-Person" : 0.28143135, 
            "Other Non-Family" : 0.14257412
        }, 
        "marital_status" : {
            "Never Married" : {
                "female" : 0.41875284999999995, 
                "male" : 0.51505728
            }, 
            "Now Married" : {
                "female" : 0.40419772000000004, 
                "male" : 0.37962356999999997
            }, 
            "Separated" : {
                "female" : 0.0116654, 
                "male" : 0.00863339
            }, 
            "Absent Spouse" : {
                "female" : 0.013247150000000001, 
                "male" : 0.01796236
            }, 
            "Widowed" : {
                "female" : 0.06953611999999999, 
                "male" : 0.01781233
            }, 
            "Divorced" : {
                "female" : 0.08260076, 
                "male" : 0.06091107
            }
        }, 
        "ancestry" : {
            "Unclassified" : 0.28409077, 
            "German" : 0.25062509, 
            "Other" : 0.14300971, 
            "Irish" : 0.11884808, 
            "English" : 0.07487844, 
            "Italian" : 0.07433188, 
            "Polish" : 0.052004669999999996, 
            "American" : 0.05069168, 
            "French" : 0.01887824, 
            "Scottish" : 0.01842591, 
            "Dutch" : 0.01586903, 
            "Russian" : 0.01571825, 
            "Slovak" : 0.01455603, 
            "Scotch-Irish" : 0.01299175, 
            "European" : 0.01292892, 
            "Swedish" : 0.012495449999999998, 
            "Welsh" : 0.01110706, 
            "Pennsylvania German" : 0.01102539, 
            "Hungarian" : 0.00926007, 
            "Subsaharan African" : 0.00657126, 
            "Mexican" : 0.29703872, 
            "Puerto Rican" : 0.00819, 
            "South American" : 0.27904328, 
            "Other Hispanic" : 0.0077, 
            "Central American" : 0.12164009, 
            "Dominican" : 0.00335, 
            "Colombian" : 0.11412301, 
            "Spaniard" : 0.00315, 
            "Cuban" : 0.10136674, 
            "Salvadoran" : 0.0028000000000000004, 
            "Panamanian" : 0.05034169, 
            "Peruvian" : 0.0013900000000000002, 
            "Ecuadorian" : 0.04236902, 
            "Guatemalan" : 0.00117, 
            "Argentinean" : 0.03758542, 
            "Nicaraguan" : 0.00104, 
            "Chilean" : 0.03644647, 
            "Chinese" : 0.44227854, 
            "Indian" : 0.02566, 
            "Korean" : 0.19514836, 
            "Malaysian" : 0.011319999999999998, 
            "Taiwanese" : 0.16677496000000003, 
            "Japanese" : 0.00967, 
            "Vietnamese" : 0.03530431, 
            "Filipino" : 0.0020499999999999997, 
            "Not Specified" : 0.030431020000000003, 
            "Sri Lankan" : 0.0017699999999999999, 
            "Pakistani" : 0.02382499, 
            "Bangladeshi" : 0.0013800000000000002, 
            "Thai" : 0.02035954, 
            "Mixed" : 0.0011799999999999998
        }, 
        "employment_status" : {
            "Armed Forces" : 0.0004865, 
            "Employed" : 0.54946012, 
            "Unemployed" : 0.028013970000000003, 
            "Other" : 0.4220394
        }, 
        "industries" : {
            "Education" : 0.27409806, 
            "Healthcare" : 0.11420642, 
            "Retail" : 0.10199551, 
            "Hospitality" : 0.09476675, 
            "Manufacturing" : 0.07219506, 
            "Professional" : 0.056931409999999995, 
            "Construction" : 0.043623630000000004, 
            "Other Services" : 0.04006872, 
            "Government" : 0.03721422, 
            "Finance & Insurance" : 0.0275935, 
            "Administrative" : 0.02682701, 
            "Transportation" : 0.026007660000000002, 
            "Entertainment" : 0.0180785, 
            "Real estate" : 0.01532972, 
            "Wholesalers" : 0.014972909999999999, 
            "Information" : 0.01247522, 
            "Agriculture" : 0.01145765, 
            "Oil & Gas, and Mining" : 0.00688516, 
            "Utilities" : 0.00488965, 
            "Management" : 0.00038323999999999997
        }, 
        "educational_attainment" : {
            "Doctorate" : 0.057335710000000005, 
            "Professional" : 0.01660251, 
            "Master's" : 0.12707265, 
            "Bachelor's" : 0.22294495, 
            "Associate's" : 0.07614549, 
            "Some College" : 0.12146383999999999, 
            "High School" : 0.31143835, 
            "Some H.S." : 0.04403877, 
            "Less than H.S." : 0.01619731, 
            "None" : 0.0067604299999999996
        }
    }
}