{
    "name" : "Forest County", 
	"state" : "Pennsylvania", 
	"FIPS" : "42053",
    "population" : 7493, 
    "demographics" : {
        "race_and_ethnicity" : {
            "White" : 0.59455492, 
            "Hispanic" : 0.06486054000000001, 
            "Black" : 0.31642866999999997, 
            "Asian" : 0.005738689999999999, 
            "Mixed" : 0.01614841, 
            "Other" : 0.0022687799999999998
        }, 
        "age_and_sex" : {
            "85+" : 0.020019999999999996, 
            "80-84" : 0.01975, 
            "75-79" : 0.04231, 
            "70-74" : 0.061660000000000006, 
            "67-69" : 0.035230000000000004, 
            "65-66" : 0.03563, 
            "62-64" : 0.05151, 
            "60-61" : 0.02429, 
            "55-59" : 0.07487, 
            "50-54" : 0.05579, 
            "45-49" : 0.04564, 
            "40-44" : 0.0722, 
            "35-39" : 0.10143, 
            "30-34" : 0.10049, 
            "25-29" : 0.12598, 
            "22-24" : 0.06006, 
            "21" : 0.01855, 
            "20" : 0.0057399999999999994, 
            "18-19" : 0.01014, 
            "15-17" : 0.02376, 
            "10-14" : 0.00561, 
            "5-9" : 0.0042699999999999995, 
            "0-4" : 0.00507
        }, 
        "household_types" : {
            "Married" : 0.51376652, 
            "Single Female" : 0.05726872, 
            "Single Male" : 0.01321586, 
            "One-Person" : 0.37334802000000006, 
            "Other Non-Family" : 0.04240088
        }, 
        "marital_status" : {
            "Never Married" : {
                "female" : 0.07920155000000001, 
                "male" : 0.6120453
            }, 
            "Now Married" : {
                "female" : 0.5981970400000001, 
                "male" : 0.16129032
            }, 
            "Separated" : {
                "female" : 0.014166129999999999, 
                "male" : 0.02402196
            }, 
            "Absent Spouse" : {
                "female" : 0.01867354, 
                "male" : 0.07361016000000001
            }, 
            "Widowed" : {
                "female" : 0.19381842, 
                "male" : 0.03260124
            }, 
            "Divorced" : {
                "female" : 0.09594334, 
                "male" : 0.09643102
            }
        }, 
        "ancestry" : {
            "Unclassified" : 0.42252769, 
            "German" : 0.1987188, 
            "Other" : 0.18323768999999998, 
            "Irish" : 0.09008408, 
            "English" : 0.062324840000000006, 
            "Italian" : 0.03696784, 
            "American" : 0.03162952, 
            "Polish" : 0.02855999, 
            "Dutch" : 0.013212330000000001, 
            "Scotch-Irish" : 0.013212330000000001, 
            "Scottish" : 0.013212330000000001, 
            "Swedish" : 0.012011210000000001, 
            "French" : 0.01187775, 
            "Subsaharan African" : 0.011477379999999999, 
            "Pennsylvania German" : 0.01054317, 
            "African" : 0.00920859, 
            "Welsh" : 0.00787402, 
            "Russian" : 0.00680635, 
            "West Indian" : 0.00653944, 
            "European" : 0.00627252, 
            "Puerto Rican" : 0.43008850000000004, 
            "Other Hispanic" : 0.03243, 
            "Mexican" : 0.32389381, 
            "Dominican" : 0.02442, 
            "Spanish" : 0.20176991, 
            "South American" : 0.01521, 
            "Argentinean" : 0.03893805, 
            "Chinese" : 0.53488372, 
            "Cambodian" : 0.00307, 
            "Vietnamese" : 0.20930233, 
            "Laotian" : 0.0012, 
            "Japanese" : 0.13953488
        }, 
        "employment_status" : {
            "Armed Forces" : 0.0, 
            "Employed" : 0.13875272, 
            "Unemployed" : 0.0065359500000000004, 
            "Other" : 0.85471133
        }, 
        "industries" : {
            "Healthcare" : 0.16879293, 
            "Government" : 0.12266928, 
            "Retail" : 0.09911678, 
            "Construction" : 0.07752699, 
            "Manufacturing" : 0.07752699, 
            "Hospitality" : 0.07654562999999999, 
            "Transportation" : 0.06182532, 
            "Other Services" : 0.06182532, 
            "Education" : 0.052011779999999994, 
            "Finance & Insurance" : 0.04121688, 
            "Real estate" : 0.03532875, 
            "Agriculture" : 0.03238469, 
            "Administrative" : 0.02158979, 
            "Oil & Gas, and Mining" : 0.01962709, 
            "Wholesalers" : 0.01766438, 
            "Entertainment" : 0.01472031, 
            "Information" : 0.009813539999999999, 
            "Professional" : 0.00883219, 
            "Utilities" : 0.00098135, 
            "Management" : 0.0
        }, 
        "educational_attainment" : {
            "Doctorate" : 0.0047729, 
            "Professional" : 0.00030793, 
            "Master's" : 0.02709777, 
            "Bachelor's" : 0.050808309999999995, 
            "Associate's" : 0.04064665, 
            "Some College" : 0.13779831, 
            "High School" : 0.54642032, 
            "Some H.S." : 0.15242494, 
            "Less than H.S." : 0.0147806, 
            "None" : 0.024942259999999997
        }
    }
}