{
    "name" : "Westmoreland County", 
	"state" : "Pennsylvania", 
	"FIPS" : "42129",
    "population" : 359377, 
    "demographics" : {
        "race_and_ethnicity" : {
            "White" : 0.94231684, 
            "Hispanic" : 0.01023716, 
            "Black" : 0.024133429999999997, 
            "Asian" : 0.00902395, 
            "Mixed" : 0.01320619, 
            "Other" : 0.0010824300000000001
        }, 
        "age_and_sex" : {
            "85+" : 0.03268, 
            "80-84" : 0.02783, 
            "75-79" : 0.03544, 
            "70-74" : 0.04807, 
            "67-69" : 0.03443, 
            "65-66" : 0.028239999999999998, 
            "62-64" : 0.04442, 
            "60-61" : 0.03339, 
            "55-59" : 0.08202, 
            "50-54" : 0.07980000000000001, 
            "45-49" : 0.07106, 
            "40-44" : 0.06193, 
            "35-39" : 0.050620000000000005, 
            "30-34" : 0.05184999999999999, 
            "25-29" : 0.050179999999999995, 
            "22-24" : 0.03445, 
            "21" : 0.01088, 
            "20" : 0.011319999999999998, 
            "18-19" : 0.02249, 
            "15-17" : 0.03599, 
            "10-14" : 0.0553, 
            "5-9" : 0.05135, 
            "0-4" : 0.04626
        }, 
        "household_types" : {
            "Married" : 0.52843122, 
            "Single Female" : 0.09921233000000002, 
            "Single Male" : 0.038162669999999996, 
            "One-Person" : 0.28891086, 
            "Other Non-Family" : 0.045282920000000004
        }, 
        "marital_status" : {
            "Never Married" : {
                "female" : 0.22888887, 
                "male" : 0.29868571
            }, 
            "Now Married" : {
                "female" : 0.51260456, 
                "male" : 0.54866536
            }, 
            "Separated" : {
                "female" : 0.01870457, 
                "male" : 0.01508925
            }, 
            "Absent Spouse" : {
                "female" : 0.011359079999999999, 
                "male" : 0.01364475
            }, 
            "Widowed" : {
                "female" : 0.12326795, 
                "male" : 0.03662788
            }, 
            "Divorced" : {
                "female" : 0.10517497, 
                "male" : 0.08728706000000001
            }
        }, 
        "ancestry" : {
            "German" : 0.29661609, 
            "Italian" : 0.18863755999999998, 
            "Irish" : 0.17063418, 
            "Unclassified" : 0.15972920000000002, 
            "Polish" : 0.09752432999999999, 
            "English" : 0.08807741999999999, 
            "Other" : 0.08460196, 
            "Slovak" : 0.05808107, 
            "American" : 0.04762408, 
            "Scottish" : 0.02152892, 
            "Scotch-Irish" : 0.02022389, 
            "Hungarian" : 0.01972024, 
            "French" : 0.01781138, 
            "Dutch" : 0.01580791, 
            "Russian" : 0.01528478, 
            "Croatian" : 0.01092724, 
            "Welsh" : 0.01022046, 
            "Ukrainian" : 0.010123070000000001, 
            "Swedish" : 0.00997003, 
            "Czech" : 0.00962777, 
            "Mexican" : 0.34039216000000005, 
            "Puerto Rican" : 0.00362, 
            "Other Hispanic" : 0.28993464, 
            "South American" : 0.00309, 
            "Dominican" : 0.13542484, 
            "Central American" : 0.0014399999999999999, 
            "Spanish" : 0.09071894999999999, 
            "Argentinean" : 0.00097, 
            "Colombian" : 0.07816993, 
            "Spaniard" : 0.00083, 
            "Honduran" : 0.04392157, 
            "Cuban" : 0.00047, 
            "Ecuadorian" : 0.043398690000000004, 
            "Guatemalan" : 0.00046, 
            "Panamanian" : 0.03738562, 
            "Chinese" : 0.40610546, 
            "Indian" : 0.00366, 
            "Korean" : 0.23620105, 
            "Vietnamese" : 0.00213, 
            "Japanese" : 0.10545790999999999, 
            "Filipino" : 0.00095, 
            "Indonesian" : 0.09990748999999999, 
            "Mixed" : 0.0009, 
            "Not Specified" : 0.05612088, 
            "Pakistani" : 0.0005099999999999999
        }, 
        "employment_status" : {
            "Armed Forces" : 0.00024317, 
            "Employed" : 0.5765726800000001, 
            "Unemployed" : 0.032221320000000005, 
            "Other" : 0.39096284
        }, 
        "industries" : {
            "Healthcare" : 0.16972673, 
            "Manufacturing" : 0.14083425, 
            "Retail" : 0.12858051, 
            "Education" : 0.07730083, 
            "Hospitality" : 0.0657577, 
            "Construction" : 0.06265527, 
            "Other Services" : 0.054347450000000005, 
            "Professional" : 0.052423590000000006, 
            "Transportation" : 0.04254434, 
            "Finance & Insurance" : 0.03949968, 
            "Wholesalers" : 0.03222023, 
            "Government" : 0.03038304, 
            "Administrative" : 0.030371480000000003, 
            "Utilities" : 0.01918077, 
            "Entertainment" : 0.01692183, 
            "Information" : 0.01280837, 
            "Real estate" : 0.0122884, 
            "Oil & Gas, and Mining" : 0.0067017199999999996, 
            "Agriculture" : 0.0047836400000000005, 
            "Management" : 0.0006701699999999999
        }, 
        "educational_attainment" : {
            "Doctorate" : 0.01042764, 
            "Professional" : 0.01325598, 
            "Master's" : 0.07396665, 
            "Bachelor's" : 0.17140782999999998, 
            "Associate's" : 0.10655728, 
            "Some College" : 0.1693626, 
            "High School" : 0.38525989000000005, 
            "Some H.S." : 0.04944288, 
            "Less than H.S." : 0.01409232, 
            "None" : 0.00622693
        }
    }
}