{
    "name" : "Jasper County", 
	"state" : "South Carolina", 
	"FIPS" : "45053",
    "population" : 27186, 
    "demographics" : {
        "race_and_ethnicity" : {
            "White" : 0.41028471000000005, 
            "Hispanic" : 0.13183256, 
            "Black" : 0.44088869, 
            "Asian" : 0.0072831599999999995, 
            "Mixed" : 0.009416609999999999, 
            "Other" : 0.00029426999999999996
        }, 
        "age_and_sex" : {
            "85+" : 0.02244, 
            "80-84" : 0.00942, 
            "75-79" : 0.023170000000000003, 
            "70-74" : 0.040060000000000005, 
            "67-69" : 0.04146, 
            "65-66" : 0.01729, 
            "62-64" : 0.03763, 
            "60-61" : 0.028210000000000002, 
            "55-59" : 0.06982000000000001, 
            "50-54" : 0.07577, 
            "45-49" : 0.05334, 
            "40-44" : 0.05282, 
            "35-39" : 0.07533000000000001, 
            "30-34" : 0.06669, 
            "25-29" : 0.08343, 
            "22-24" : 0.03105, 
            "21" : 0.01173, 
            "20" : 0.01593, 
            "18-19" : 0.02803, 
            "15-17" : 0.03204, 
            "10-14" : 0.05426, 
            "5-9" : 0.06892999999999999, 
            "0-4" : 0.06117
        }, 
        "household_types" : {
            "Married" : 0.46676704999999996, 
            "Single Female" : 0.18907292, 
            "Single Male" : 0.06453001, 
            "One-Person" : 0.24435362000000002, 
            "Other Non-Family" : 0.0352764
        }, 
        "marital_status" : {
            "Never Married" : {
                "female" : 0.28678048, 
                "male" : 0.37747708
            }, 
            "Now Married" : {
                "female" : 0.40320925, 
                "male" : 0.40200786
            }, 
            "Separated" : {
                "female" : 0.04188824, 
                "male" : 0.031078130000000002
            }, 
            "Absent Spouse" : {
                "female" : 0.03796996, 
                "male" : 0.053688349999999996
            }, 
            "Widowed" : {
                "female" : 0.11092453000000001, 
                "male" : 0.03649062
            }, 
            "Divorced" : {
                "female" : 0.11922753999999999, 
                "male" : 0.09925796999999999
            }
        }, 
        "ancestry" : {
            "Other" : 0.5182079, 
            "Unclassified" : 0.24313985, 
            "German" : 0.08934746, 
            "Irish" : 0.06275289, 
            "American" : 0.05727213, 
            "English" : 0.04594276, 
            "Italian" : 0.032921360000000004, 
            "Scottish" : 0.0123593, 
            "Polish" : 0.00893842, 
            "French" : 0.0074303, 
            "Subsaharan African" : 0.00684176, 
            "African" : 0.00684176, 
            "European" : 0.006657840000000001, 
            "Dutch" : 0.0052600599999999996, 
            "Mexican" : 0.79874042, 
            "Central American" : 0.1073, 
            "Guatemalan" : 0.15060241, 
            "Salvadoran" : 0.02023, 
            "Cuban" : 0.09884995, 
            "Puerto Rican" : 0.01328, 
            "Nicaraguan" : 0.028203719999999998, 
            "Honduran" : 0.00379, 
            "Chinese" : 0.46969697, 
            "Filipino" : 0.0034200000000000003, 
            "Japanese" : 0.23232323000000002, 
            "Vietnamese" : 0.00169
        }, 
        "employment_status" : {
            "Armed Forces" : 0.00330063, 
            "Employed" : 0.5558357, 
            "Unemployed" : 0.06161181, 
            "Other" : 0.37925185999999994
        }, 
        "industries" : {
            "Construction" : 0.17138144, 
            "Retail" : 0.14960825, 
            "Hospitality" : 0.11175257999999999, 
            "Healthcare" : 0.09418557, 
            "Administrative" : 0.06721649, 
            "Government" : 0.05542268, 
            "Education" : 0.05336082, 
            "Manufacturing" : 0.051463919999999996, 
            "Professional" : 0.04635052, 
            "Other Services" : 0.046268039999999996, 
            "Transportation" : 0.03142268, 
            "Wholesalers" : 0.023505150000000002, 
            "Finance & Insurance" : 0.02070103, 
            "Utilities" : 0.01995876, 
            "Information" : 0.01797938, 
            "Agriculture" : 0.01723711, 
            "Real estate" : 0.01154639, 
            "Entertainment" : 0.01030928, 
            "Management" : 0.0003299, 
            "Oil & Gas, and Mining" : 0.0
        }, 
        "educational_attainment" : {
            "Doctorate" : 0.00533122, 
            "Professional" : 0.005489579999999999, 
            "Master's" : 0.04085511, 
            "Bachelor's" : 0.0935867, 
            "Associate's" : 0.06555819, 
            "Some College" : 0.21293216999999998, 
            "High School" : 0.3604645, 
            "Some H.S." : 0.14557931, 
            "Less than H.S." : 0.05563473, 
            "None" : 0.01456849
        }
    }
}