{
    "name" : "Spartanburg County", 
	"state" : "South Carolina", 
	"FIPS" : "45083",
    "population" : 294229, 
    "demographics" : {
        "race_and_ethnicity" : {
            "White" : 0.690972, 
            "Hispanic" : 0.06155749, 
            "Black" : 0.20666896, 
            "Asian" : 0.022414510000000002, 
            "Mixed" : 0.015290809999999998, 
            "Other" : 0.0030962299999999997
        }, 
        "age_and_sex" : {
            "85+" : 0.01636, 
            "80-84" : 0.01846, 
            "75-79" : 0.02558, 
            "70-74" : 0.0373, 
            "67-69" : 0.03008, 
            "65-66" : 0.022480000000000003, 
            "62-64" : 0.03533, 
            "60-61" : 0.023929999999999996, 
            "55-59" : 0.06768, 
            "50-54" : 0.0705, 
            "45-49" : 0.06918, 
            "40-44" : 0.06156, 
            "35-39" : 0.06299, 
            "30-34" : 0.06006, 
            "25-29" : 0.06525, 
            "22-24" : 0.03842, 
            "21" : 0.015309999999999999, 
            "20" : 0.015569999999999999, 
            "18-19" : 0.02742, 
            "15-17" : 0.04058, 
            "10-14" : 0.06545, 
            "5-9" : 0.06817999999999999, 
            "0-4" : 0.062329999999999997
        }, 
        "household_types" : {
            "Married" : 0.47618919, 
            "Single Female" : 0.15438445, 
            "Single Male" : 0.05349805, 
            "One-Person" : 0.26959861, 
            "Other Non-Family" : 0.04632969
        }, 
        "marital_status" : {
            "Never Married" : {
                "female" : 0.27849188999999996, 
                "male" : 0.32591997
            }, 
            "Now Married" : {
                "female" : 0.44051027, 
                "male" : 0.47822786
            }, 
            "Separated" : {
                "female" : 0.03810003, 
                "male" : 0.02702536
            }, 
            "Absent Spouse" : {
                "female" : 0.02137754, 
                "male" : 0.028482129999999998
            }, 
            "Widowed" : {
                "female" : 0.10456827, 
                "male" : 0.03164289
            }, 
            "Divorced" : {
                "female" : 0.116952, 
                "male" : 0.10870179
            }
        }, 
        "ancestry" : {
            "Other" : 0.35257571, 
            "Unclassified" : 0.22756084999999998, 
            "American" : 0.11283728, 
            "English" : 0.09446384000000001, 
            "Irish" : 0.09183662999999999, 
            "German" : 0.08977700999999999, 
            "Scottish" : 0.0298339, 
            "Scotch-Irish" : 0.02396433, 
            "Italian" : 0.022387320000000002, 
            "French" : 0.017714090000000002, 
            "European" : 0.01208582, 
            "Dutch" : 0.010168950000000001, 
            "Polish" : 0.01010437, 
            "Ukrainian" : 0.00657651, 
            "British" : 0.0053631700000000004, 
            "Russian" : 0.0050368900000000005, 
            "Mexican" : 0.72034809, 
            "Puerto Rican" : 0.045579999999999996, 
            "Central American" : 0.07235711, 
            "South American" : 0.00458, 
            "Colombian" : 0.06644822, 
            "Other Hispanic" : 0.0042, 
            "Guatemalan" : 0.06612591, 
            "Spaniard" : 0.00418, 
            "Cuban" : 0.04377954, 
            "Dominican" : 0.0027700000000000003, 
            "Honduran" : 0.03685002, 
            "Salvadoran" : 0.00233, 
            "Peruvian" : 0.02889987, 
            "Cambodian" : 0.21031084, 
            "Hmong" : 0.00471, 
            "Indian" : 0.17922669, 
            "Laotian" : 0.00402, 
            "Chinese" : 0.13495072, 
            "Filipino" : 0.00302, 
            "Vietnamese" : 0.10159212000000001, 
            "Korean" : 0.00228, 
            "Not Specified" : 0.07399545, 
            "Thai" : 0.00166, 
            "Mixed" : 0.057922669999999996, 
            "Pakistani" : 0.0013, 
            "Nepalese" : 0.0550417, 
            "Japanese" : 0.00123
        }, 
        "employment_status" : {
            "Armed Forces" : 0.0005249, 
            "Employed" : 0.56436082, 
            "Unemployed" : 0.04623017, 
            "Other" : 0.38888411
        }, 
        "industries" : {
            "Manufacturing" : 0.2140031, 
            "Retail" : 0.1225652, 
            "Healthcare" : 0.12104047, 
            "Education" : 0.08674936000000001, 
            "Hospitality" : 0.07944591, 
            "Construction" : 0.05781003, 
            "Other Services" : 0.054867309999999996, 
            "Administrative" : 0.04561222, 
            "Professional" : 0.03680692, 
            "Transportation" : 0.03586159, 
            "Wholesalers" : 0.03525169, 
            "Finance & Insurance" : 0.02921377, 
            "Government" : 0.02495216, 
            "Information" : 0.0185788, 
            "Real estate" : 0.01232742, 
            "Entertainment" : 0.01010132, 
            "Utilities" : 0.00807343, 
            "Agriculture" : 0.00412439, 
            "Management" : 0.00247006, 
            "Oil & Gas, and Mining" : 0.00014485
        }, 
        "educational_attainment" : {
            "Doctorate" : 0.00780434, 
            "Professional" : 0.011489860000000001, 
            "Master's" : 0.06184337, 
            "Bachelor's" : 0.14714563, 
            "Associate's" : 0.10043176000000001, 
            "Some College" : 0.20955993, 
            "High School" : 0.29819597999999997, 
            "Some H.S." : 0.10219550999999999, 
            "Less than H.S." : 0.0466527, 
            "None" : 0.01468092
        }
    }
}