{
    "name" : "Lawrence County", 
	"state" : "Indiana", 
	"FIPS" : "18093",
    "population" : 45696, 
    "demographics" : {
        "race_and_ethnicity" : {
            "White" : 0.96021534, 
            "Hispanic" : 0.015165439999999999, 
            "Black" : 0.0035014, 
            "Asian" : 0.00507703, 
            "Mixed" : 0.01422444, 
            "Other" : 0.00181635
        }, 
        "age_and_sex" : {
            "85+" : 0.019610000000000002, 
            "80-84" : 0.024489999999999998, 
            "75-79" : 0.032080000000000004, 
            "70-74" : 0.04707, 
            "67-69" : 0.03455, 
            "65-66" : 0.0223, 
            "62-64" : 0.04274, 
            "60-61" : 0.02613, 
            "55-59" : 0.07379, 
            "50-54" : 0.07532, 
            "45-49" : 0.06828000000000001, 
            "40-44" : 0.06521, 
            "35-39" : 0.05804, 
            "30-34" : 0.055830000000000005, 
            "25-29" : 0.05394, 
            "22-24" : 0.03817, 
            "21" : 0.0074, 
            "20" : 0.00823, 
            "18-19" : 0.02276, 
            "15-17" : 0.04228, 
            "10-14" : 0.06248, 
            "5-9" : 0.0655, 
            "0-4" : 0.053810000000000004
        }, 
        "household_types" : {
            "Married" : 0.5529143599999999, 
            "Single Female" : 0.11901661000000001, 
            "Single Male" : 0.03435363, 
            "One-Person" : 0.25214371, 
            "Other Non-Family" : 0.041571689999999994
        }, 
        "marital_status" : {
            "Never Married" : {
                "female" : 0.16795812000000002, 
                "male" : 0.22773252
            }, 
            "Now Married" : {
                "female" : 0.52863874, 
                "male" : 0.57318607
            }, 
            "Separated" : {
                "female" : 0.01497382, 
                "male" : 0.007709549999999999
            }, 
            "Absent Spouse" : {
                "female" : 0.01293194, 
                "male" : 0.010279400000000001
            }, 
            "Widowed" : {
                "female" : 0.10424084, 
                "male" : 0.03280661
            }, 
            "Divorced" : {
                "female" : 0.17125654, 
                "male" : 0.14828585
            }
        }, 
        "ancestry" : {
            "Unclassified" : 0.33199841999999996, 
            "Other" : 0.17627363, 
            "German" : 0.1683736, 
            "Irish" : 0.13176208, 
            "American" : 0.12707896, 
            "English" : 0.09635417, 
            "Italian" : 0.03037465, 
            "Scottish" : 0.02216824, 
            "French" : 0.01962973, 
            "Dutch" : 0.0140056, 
            "Polish" : 0.00984769, 
            "European" : 0.00923494, 
            "French Canadian" : 0.00623687, 
            "Scotch-Irish" : 0.00623687, 
            "Swedish" : 0.00520833, 
            "Mexican" : 0.76911977, 
            "South American" : 0.011659999999999998, 
            "Venezuelan" : 0.15295815, 
            "Puerto Rican" : 0.00232, 
            "Peruvian" : 0.1024531, 
            "Other Hispanic" : 0.00155, 
            "Indian" : 0.33620690000000003, 
            "Filipino" : 0.0017100000000000001, 
            "Chinese" : 0.2887931, 
            "Vietnamese" : 0.00147, 
            "Korean" : 0.27586207
        }, 
        "employment_status" : {
            "Armed Forces" : 0.00049111, 
            "Employed" : 0.56245225, 
            "Unemployed" : 0.03355888, 
            "Other" : 0.40349776
        }, 
        "industries" : {
            "Manufacturing" : 0.17496968, 
            "Healthcare" : 0.15139462, 
            "Retail" : 0.1402862, 
            "Government" : 0.06970652000000001, 
            "Education" : 0.06611691, 
            "Construction" : 0.061217560000000004, 
            "Hospitality" : 0.06053844, 
            "Other Services" : 0.046762069999999996, 
            "Professional" : 0.041959739999999995, 
            "Finance & Insurance" : 0.03875819, 
            "Transportation" : 0.03613873, 
            "Administrative" : 0.028280379999999997, 
            "Real estate" : 0.02051904, 
            "Wholesalers" : 0.02037351, 
            "Information" : 0.011302449999999999, 
            "Entertainment" : 0.0098472, 
            "Oil & Gas, and Mining" : 0.009022559999999999, 
            "Agriculture" : 0.00645161, 
            "Utilities" : 0.0063546, 
            "Management" : 0.0
        }, 
        "educational_attainment" : {
            "Doctorate" : 0.00428674, 
            "Professional" : 0.0057573799999999994, 
            "Master's" : 0.04039551, 
            "Bachelor's" : 0.09299415, 
            "Associate's" : 0.11427141, 
            "Some College" : 0.20128915, 
            "High School" : 0.42495072, 
            "Some H.S." : 0.08169843, 
            "Less than H.S." : 0.025564, 
            "None" : 0.00879252
        }
    }
}