{
    "name" : "Starke County", 
	"state" : "Indiana", 
	"FIPS" : "18149",
    "population" : 23069, 
    "demographics" : {
        "race_and_ethnicity" : {
            "White" : 0.94633491, 
            "Hispanic" : 0.03454853, 
            "Black" : 0.00416143, 
            "Asian" : 0.0030343799999999997, 
            "Mixed" : 0.010533619999999999, 
            "Other" : 0.00138714
        }, 
        "age_and_sex" : {
            "85+" : 0.0143, 
            "80-84" : 0.017769999999999998, 
            "75-79" : 0.0342, 
            "70-74" : 0.04057, 
            "67-69" : 0.0342, 
            "65-66" : 0.0274, 
            "62-64" : 0.04153, 
            "60-61" : 0.03021, 
            "55-59" : 0.07729, 
            "50-54" : 0.07603, 
            "45-49" : 0.0655, 
            "40-44" : 0.06346, 
            "35-39" : 0.054450000000000005, 
            "30-34" : 0.05492, 
            "25-29" : 0.05514, 
            "22-24" : 0.0326, 
            "21" : 0.01734, 
            "20" : 0.0098, 
            "18-19" : 0.022109999999999998, 
            "15-17" : 0.04031, 
            "10-14" : 0.07325999999999999, 
            "5-9" : 0.06312000000000001, 
            "0-4" : 0.05449
        }, 
        "household_types" : {
            "Married" : 0.51907872, 
            "Single Female" : 0.12409763, 
            "Single Male" : 0.06141859, 
            "One-Person" : 0.25014323, 
            "Other Non-Family" : 0.045261829999999996
        }, 
        "marital_status" : {
            "Never Married" : {
                "female" : 0.22112141999999999, 
                "male" : 0.29407278000000003
            }, 
            "Now Married" : {
                "female" : 0.47828836, 
                "male" : 0.5114404
            }, 
            "Separated" : {
                "female" : 0.01781197, 
                "male" : 0.01340161
            }, 
            "Absent Spouse" : {
                "female" : 0.02424115, 
                "male" : 0.01688821
            }, 
            "Widowed" : {
                "female" : 0.1049747, 
                "male" : 0.03704511
            }, 
            "Divorced" : {
                "female" : 0.15356239, 
                "male" : 0.12715188
            }
        }, 
        "ancestry" : {
            "Unclassified" : 0.32220729, 
            "German" : 0.21782479, 
            "Irish" : 0.14760068, 
            "Other" : 0.12605660999999999, 
            "English" : 0.08370541, 
            "American" : 0.07976072000000001, 
            "Polish" : 0.06047076, 
            "Italian" : 0.028002950000000002, 
            "French" : 0.024881880000000002, 
            "Scottish" : 0.021327319999999997, 
            "Dutch" : 0.020417010000000003, 
            "Swedish" : 0.01733929, 
            "European" : 0.01109714, 
            "Czech" : 0.00884304, 
            "Norwegian" : 0.00723915, 
            "Hungarian" : 0.00684902, 
            "Scotch-Irish" : 0.0061121000000000005, 
            "French Canadian" : 0.00563527, 
            "Mexican" : 0.81053952, 
            "Puerto Rican" : 0.027999999999999997, 
            "Central American" : 0.09410289000000001, 
            "Nicaraguan" : 0.0032500000000000003, 
            "South American" : 0.06775408, 
            "Chilean" : 0.00234, 
            "Panamanian" : 0.02634881, 
            "Honduran" : 0.00091, 
            "Chinese" : 0.6, 
            "Filipino" : 0.00182, 
            "Indonesian" : 0.35714286, 
            "Indian" : 0.00108
        }, 
        "employment_status" : {
            "Armed Forces" : 0.00038131, 
            "Employed" : 0.5182481800000001, 
            "Unemployed" : 0.0541998, 
            "Other" : 0.42717072
        }, 
        "industries" : {
            "Manufacturing" : 0.28673534, 
            "Healthcare" : 0.13107, 
            "Education" : 0.09743536000000001, 
            "Retail" : 0.09564852, 
            "Construction" : 0.07189405, 
            "Hospitality" : 0.053079669999999995, 
            "Transportation" : 0.05097751, 
            "Other Services" : 0.03867984, 
            "Government" : 0.02753836, 
            "Agriculture" : 0.0229136, 
            "Finance & Insurance" : 0.01965524, 
            "Administrative" : 0.01923481, 
            "Professional" : 0.01881438, 
            "Wholesalers" : 0.01765819, 
            "Entertainment" : 0.01376918, 
            "Utilities" : 0.012718100000000001, 
            "Information" : 0.011141479999999999, 
            "Real estate" : 0.00966996, 
            "Oil & Gas, and Mining" : 0.0013664100000000002, 
            "Management" : 0.0
        }, 
        "educational_attainment" : {
            "Doctorate" : 0.0034073700000000003, 
            "Professional" : 0.00466936, 
            "Master's" : 0.02713276, 
            "Bachelor's" : 0.08089349, 
            "Associate's" : 0.09540636, 
            "Some College" : 0.20273852, 
            "High School" : 0.41443715, 
            "Some H.S." : 0.11969965, 
            "Less than H.S." : 0.0455578, 
            "None" : 0.00605755
        }
    }
}