{
    "name" : "Spencer County", 
	"state" : "Indiana", 
	"FIPS" : "18147",
    "population" : 20777, 
    "demographics" : {
        "race_and_ethnicity" : {
            "White" : 0.9527361999999999, 
            "Hispanic" : 0.027674829999999997, 
            "Black" : 0.006353180000000001, 
            "Asian" : 0.0015401599999999998, 
            "Mixed" : 0.0086153, 
            "Other" : 0.00308033
        }, 
        "age_and_sex" : {
            "85+" : 0.021030000000000004, 
            "80-84" : 0.019110000000000002, 
            "75-79" : 0.0334, 
            "70-74" : 0.052610000000000004, 
            "67-69" : 0.02902, 
            "65-66" : 0.022719999999999997, 
            "62-64" : 0.040810000000000006, 
            "60-61" : 0.03018, 
            "55-59" : 0.07484, 
            "50-54" : 0.08134000000000001, 
            "45-49" : 0.06979, 
            "40-44" : 0.06396, 
            "35-39" : 0.05444, 
            "30-34" : 0.05391, 
            "25-29" : 0.049429999999999995, 
            "22-24" : 0.030270000000000002, 
            "21" : 0.00987, 
            "20" : 0.00991, 
            "18-19" : 0.025990000000000003, 
            "15-17" : 0.04163, 
            "10-14" : 0.06806, 
            "5-9" : 0.061130000000000004, 
            "0-4" : 0.05655
        }, 
        "household_types" : {
            "Married" : 0.62455053, 
            "Single Female" : 0.06385617, 
            "Single Male" : 0.04302542, 
            "One-Person" : 0.23137011999999998, 
            "Other Non-Family" : 0.03719777
        }, 
        "marital_status" : {
            "Never Married" : {
                "female" : 0.19885550999999999, 
                "male" : 0.23681125000000003
            }, 
            "Now Married" : {
                "female" : 0.5834525500000001, 
                "male" : 0.6130129
            }, 
            "Separated" : {
                "female" : 0.00488794, 
                "male" : 0.00339977
            }, 
            "Absent Spouse" : {
                "female" : 0.010610399999999999, 
                "male" : 0.013364599999999999
            }, 
            "Widowed" : {
                "female" : 0.11289938, 
                "male" : 0.03223916
            }, 
            "Divorced" : {
                "female" : 0.08929423, 
                "male" : 0.10117233
            }
        }, 
        "ancestry" : {
            "German" : 0.34283102, 
            "Unclassified" : 0.25889204, 
            "Other" : 0.14573808, 
            "Irish" : 0.12845935, 
            "English" : 0.09962939999999999, 
            "American" : 0.09597151, 
            "French" : 0.02358377, 
            "Scottish" : 0.01939645, 
            "Polish" : 0.01679742, 
            "Italian" : 0.01626799, 
            "Dutch" : 0.01001107, 
            "British" : 0.006016270000000001, 
            "Welsh" : 0.005968139999999999, 
            "Greek" : 0.00519806, 
            "Mexican" : 0.77217391, 
            "Central American" : 0.02137, 
            "Guatemalan" : 0.20869565, 
            "Puerto Rican" : 0.0057799999999999995, 
            "Chinese" : 0.59375, 
            "Vietnamese" : 0.00091, 
            "Not Specified" : 0.25
        }, 
        "employment_status" : {
            "Armed Forces" : 0.0, 
            "Employed" : 0.59901436, 
            "Unemployed" : 0.036540659999999996, 
            "Other" : 0.36444498000000003
        }, 
        "industries" : {
            "Manufacturing" : 0.23638005, 
            "Healthcare" : 0.11558142, 
            "Construction" : 0.09451188999999999, 
            "Retail" : 0.08437845, 
            "Transportation" : 0.05177084, 
            "Hospitality" : 0.050466540000000004, 
            "Other Services" : 0.046051970000000005, 
            "Education" : 0.04434634, 
            "Finance & Insurance" : 0.038326479999999996, 
            "Wholesalers" : 0.03401224, 
            "Agriculture" : 0.031503960000000004, 
            "Government" : 0.027992370000000003, 
            "Administrative" : 0.026286749999999998, 
            "Entertainment" : 0.02598575, 
            "Utilities" : 0.025584430000000002, 
            "Professional" : 0.02508277, 
            "Information" : 0.01625364, 
            "Oil & Gas, and Mining" : 0.01504966, 
            "Real estate" : 0.00872881, 
            "Management" : 0.0017056299999999999
        }, 
        "educational_attainment" : {
            "Doctorate" : 0.005043870000000001, 
            "Professional" : 0.00628757, 
            "Master's" : 0.04276929, 
            "Bachelor's" : 0.09915014, 
            "Associate's" : 0.10391764, 
            "Some College" : 0.19712568, 
            "High School" : 0.43992261, 
            "Some H.S." : 0.07558903, 
            "Less than H.S." : 0.020244589999999996, 
            "None" : 0.00994956
        }
    }
}