{
    "name" : "Bartholomew County", 
	"state" : "Indiana", 
	"FIPS" : "18005",
    "population" : 80203, 
    "demographics" : {
        "race_and_ethnicity" : {
            "White" : 0.8389461699999999, 
            "Hispanic" : 0.06332681, 
            "Black" : 0.01897685, 
            "Asian" : 0.05716744, 
            "Mixed" : 0.01397703, 
            "Other" : 0.0076057
        }, 
        "age_and_sex" : {
            "85+" : 0.01719, 
            "80-84" : 0.0187, 
            "75-79" : 0.027080000000000003, 
            "70-74" : 0.03667, 
            "67-69" : 0.026520000000000002, 
            "65-66" : 0.02335, 
            "62-64" : 0.03613, 
            "60-61" : 0.022320000000000003, 
            "55-59" : 0.06511, 
            "50-54" : 0.06618, 
            "45-49" : 0.06697, 
            "40-44" : 0.06875, 
            "35-39" : 0.06234, 
            "30-34" : 0.06607, 
            "25-29" : 0.07183, 
            "22-24" : 0.03923, 
            "21" : 0.01002, 
            "20" : 0.0129, 
            "18-19" : 0.02083, 
            "15-17" : 0.03949, 
            "10-14" : 0.06263, 
            "5-9" : 0.07309, 
            "0-4" : 0.06658
        }, 
        "household_types" : {
            "Married" : 0.5180381700000001, 
            "Single Female" : 0.0982525, 
            "Single Male" : 0.05075146, 
            "One-Person" : 0.27638142, 
            "Other Non-Family" : 0.05657644999999999
        }, 
        "marital_status" : {
            "Never Married" : {
                "female" : 0.21353176999999998, 
                "male" : 0.29694611
            }, 
            "Now Married" : {
                "female" : 0.5113491299999999, 
                "male" : 0.52857726
            }, 
            "Separated" : {
                "female" : 0.01703148, 
                "male" : 0.01189542
            }, 
            "Absent Spouse" : {
                "female" : 0.0172183, 
                "male" : 0.02721195
            }, 
            "Widowed" : {
                "female" : 0.09269234000000001, 
                "male" : 0.02730611
            }, 
            "Divorced" : {
                "female" : 0.14817698, 
                "male" : 0.10806315
            }
        }, 
        "ancestry" : {
            "Other" : 0.21578993000000002, 
            "American" : 0.20778524, 
            "Unclassified" : 0.20722417, 
            "German" : 0.19559119, 
            "Irish" : 0.09783923, 
            "English" : 0.09756493000000001, 
            "Scottish" : 0.01800431, 
            "Italian" : 0.01607172, 
            "European" : 0.01543583, 
            "French" : 0.01431368, 
            "Dutch" : 0.01337855, 
            "Scotch-Irish" : 0.01082254, 
            "Polish" : 0.0097752, 
            "Welsh" : 0.00670798, 
            "British" : 0.006595760000000001, 
            "Swedish" : 0.00544867, 
            "Mexican" : 0.83165978, 
            "Central American" : 0.05267, 
            "South American" : 0.08289033, 
            "Honduran" : 0.00525, 
            "Salvadoran" : 0.03799961, 
            "Peruvian" : 0.00241, 
            "Puerto Rican" : 0.030911599999999997, 
            "Guatemalan" : 0.00196, 
            "Other Hispanic" : 0.029336479999999998, 
            "Colombian" : 0.0018599999999999999, 
            "Indian" : 0.56859324, 
            "Chinese" : 0.03251, 
            "Japanese" : 0.21592148000000003, 
            "Pakistani" : 0.01234, 
            "Filipino" : 0.07611778, 
            "Not Specified" : 0.00435, 
            "Thai" : 0.057360959999999996, 
            "Korean" : 0.00328, 
            "Bangladeshi" : 0.024427479999999998, 
            "Laotian" : 0.0014000000000000002
        }, 
        "employment_status" : {
            "Armed Forces" : 0.00103373, 
            "Employed" : 0.62787258, 
            "Unemployed" : 0.034431210000000004, 
            "Other" : 0.33666248000000004
        }, 
        "industries" : {
            "Manufacturing" : 0.33933637, 
            "Healthcare" : 0.12710233, 
            "Retail" : 0.10032928, 
            "Hospitality" : 0.07885004999999999, 
            "Education" : 0.0664387, 
            "Construction" : 0.04744174, 
            "Professional" : 0.04503546, 
            "Administrative" : 0.03751266, 
            "Other Services" : 0.03095238, 
            "Finance & Insurance" : 0.028495439999999997, 
            "Government" : 0.023860179999999998, 
            "Transportation" : 0.01950355, 
            "Wholesalers" : 0.01679331, 
            "Real estate" : 0.01276596, 
            "Agriculture" : 0.00835866, 
            "Entertainment" : 0.00815603, 
            "Information" : 0.00590172, 
            "Utilities" : 0.0018490400000000001, 
            "Management" : 0.00111449, 
            "Oil & Gas, and Mining" : 0.00020263
        }, 
        "educational_attainment" : {
            "Doctorate" : 0.01167021, 
            "Professional" : 0.00921429, 
            "Master's" : 0.09703628, 
            "Bachelor's" : 0.17883852, 
            "Associate's" : 0.08471978999999999, 
            "Some College" : 0.17235712, 
            "High School" : 0.34892438, 
            "Some H.S." : 0.0652756, 
            "Less than H.S." : 0.02223248, 
            "None" : 0.00973133
        }
    }
}