{
    "name" : "Cass County", 
	"state" : "Indiana", 
	"FIPS" : "18017",
    "population" : 38324, 
    "demographics" : {
        "race_and_ethnicity" : {
            "White" : 0.8111366200000001, 
            "Hispanic" : 0.14004279, 
            "Black" : 0.01466444, 
            "Asian" : 0.01476881, 
            "Mixed" : 0.0105156, 
            "Other" : 0.00887173
        }, 
        "age_and_sex" : {
            "85+" : 0.022940000000000002, 
            "80-84" : 0.02119, 
            "75-79" : 0.03032, 
            "70-74" : 0.03596, 
            "67-69" : 0.02894, 
            "65-66" : 0.02244, 
            "62-64" : 0.03862, 
            "60-61" : 0.024550000000000002, 
            "55-59" : 0.07155, 
            "50-54" : 0.07236, 
            "45-49" : 0.06836, 
            "40-44" : 0.06938, 
            "35-39" : 0.055940000000000004, 
            "30-34" : 0.05738000000000001, 
            "25-29" : 0.05514, 
            "22-24" : 0.03643, 
            "21" : 0.00971, 
            "20" : 0.01506, 
            "18-19" : 0.023690000000000003, 
            "15-17" : 0.045380000000000004, 
            "10-14" : 0.07066, 
            "5-9" : 0.06215, 
            "0-4" : 0.06187
        }, 
        "household_types" : {
            "Married" : 0.5178178299999999, 
            "Single Female" : 0.09920198, 
            "Single Male" : 0.04203356999999999, 
            "One-Person" : 0.30421023999999997, 
            "Other Non-Family" : 0.03673638
        }, 
        "marital_status" : {
            "Never Married" : {
                "female" : 0.22192063999999997, 
                "male" : 0.31236598
            }, 
            "Now Married" : {
                "female" : 0.49689802, 
                "male" : 0.5108844
            }, 
            "Separated" : {
                "female" : 0.014992890000000002, 
                "male" : 0.01566054
            }, 
            "Absent Spouse" : {
                "female" : 0.020615230000000002, 
                "male" : 0.02553772
            }, 
            "Widowed" : {
                "female" : 0.10604886000000001, 
                "male" : 0.0270323
            }, 
            "Divorced" : {
                "female" : 0.13952436000000001, 
                "male" : 0.10851907000000001
            }
        }, 
        "ancestry" : {
            "Unclassified" : 0.24519883, 
            "Other" : 0.23697943999999999, 
            "German" : 0.22615071, 
            "American" : 0.14210416, 
            "Irish" : 0.10022439999999999, 
            "English" : 0.07363532, 
            "Italian" : 0.03180774, 
            "Dutch" : 0.02173573, 
            "French" : 0.01889156, 
            "Scottish" : 0.013881639999999999, 
            "Polish" : 0.010880909999999999, 
            "Swedish" : 0.00850642, 
            "Norwegian" : 0.00814111, 
            "Scotch-Irish" : 0.00561006, 
            "Mexican" : 0.67241699, 
            "Other Hispanic" : 0.09459, 
            "Central American" : 0.15785569, 
            "Guatemalan" : 0.02221, 
            "Cuban" : 0.12409572, 
            "Salvadoran" : 0.01746, 
            "Honduran" : 0.08736784, 
            "South American" : 0.01229, 
            "Peruvian" : 0.02133185, 
            "Spaniard" : 0.003, 
            "Puerto Rican" : 0.01669449, 
            "Spanish" : 0.0023499999999999997, 
            "Nicaraguan" : 0.012984599999999999, 
            "Chinese" : 0.24558304, 
            "Burmese" : 0.00363, 
            "Vietnamese" : 0.16607774, 
            "Japanese" : 0.00245, 
            "Mixed" : 0.15547703000000002, 
            "Filipino" : 0.0023, 
            "Bangladeshi" : 0.13780919, 
            "Laotian" : 0.0020399999999999997, 
            "Korean" : 0.12897527
        }, 
        "employment_status" : {
            "Armed Forces" : 9.861999999999999e-05, 
            "Employed" : 0.5730111800000001, 
            "Unemployed" : 0.046975670000000004, 
            "Other" : 0.37991453
        }, 
        "industries" : {
            "Manufacturing" : 0.28787792, 
            "Healthcare" : 0.15621594, 
            "Retail" : 0.10332167, 
            "Education" : 0.07148183999999999, 
            "Construction" : 0.062360160000000005, 
            "Hospitality" : 0.05708221, 
            "Government" : 0.04491997, 
            "Transportation" : 0.03252825, 
            "Other Services" : 0.029602430000000002, 
            "Finance & Insurance" : 0.029430329999999998, 
            "Administrative" : 0.02570134, 
            "Agriculture" : 0.02237393, 
            "Wholesalers" : 0.02237393, 
            "Professional" : 0.02082497, 
            "Information" : 0.010613280000000001, 
            "Utilities" : 0.00900694, 
            "Entertainment" : 0.00705639, 
            "Real estate" : 0.004819, 
            "Oil & Gas, and Mining" : 0.0024095, 
            "Management" : 0.0
        }, 
        "educational_attainment" : {
            "Doctorate" : 0.005218199999999999, 
            "Professional" : 0.0058753, 
            "Master's" : 0.03815083, 
            "Bachelor's" : 0.0902555, 
            "Associate's" : 0.08724054, 
            "Some College" : 0.20644737, 
            "High School" : 0.39499826, 
            "Some H.S." : 0.10544625, 
            "Less than H.S." : 0.045378999999999996, 
            "None" : 0.02098875
        }
    }
}