{
    "name" : "Hancock County", 
	"state" : "Indiana", 
	"FIPS" : "18059",
    "population" : 71955, 
    "demographics" : {
        "race_and_ethnicity" : {
            "White" : 0.93366688, 
            "Hispanic" : 0.020818569999999998, 
            "Black" : 0.020332150000000004, 
            "Asian" : 0.007463, 
            "Mixed" : 0.014314499999999999, 
            "Other" : 0.0034049099999999997
        }, 
        "age_and_sex" : {
            "85+" : 0.01629, 
            "80-84" : 0.01633, 
            "75-79" : 0.02571, 
            "70-74" : 0.032440000000000004, 
            "67-69" : 0.02846, 
            "65-66" : 0.0285, 
            "62-64" : 0.0358, 
            "60-61" : 0.02635, 
            "55-59" : 0.06756000000000001, 
            "50-54" : 0.07767, 
            "45-49" : 0.07745, 
            "40-44" : 0.06361, 
            "35-39" : 0.06845, 
            "30-34" : 0.05781, 
            "25-29" : 0.0537, 
            "22-24" : 0.03178, 
            "21" : 0.01131, 
            "20" : 0.01313, 
            "18-19" : 0.02411, 
            "15-17" : 0.046490000000000004, 
            "10-14" : 0.0712, 
            "5-9" : 0.06985999999999999, 
            "0-4" : 0.05598
        }, 
        "household_types" : {
            "Married" : 0.58669415, 
            "Single Female" : 0.09827586, 
            "Single Male" : 0.045314839999999995, 
            "One-Person" : 0.22353822999999998, 
            "Other Non-Family" : 0.046176909999999995
        }, 
        "marital_status" : {
            "Never Married" : {
                "female" : 0.22342821000000002, 
                "male" : 0.27200371
            }, 
            "Now Married" : {
                "female" : 0.52441278, 
                "male" : 0.57156114
            }, 
            "Separated" : {
                "female" : 0.01838099, 
                "male" : 0.00892284
            }, 
            "Absent Spouse" : {
                "female" : 0.01878423, 
                "male" : 0.015418659999999999
            }, 
            "Widowed" : {
                "female" : 0.07772439, 
                "male" : 0.0280177
            }, 
            "Divorced" : {
                "female" : 0.1372694, 
                "male" : 0.10407595
            }
        }, 
        "ancestry" : {
            "Unclassified" : 0.25122646, 
            "German" : 0.23416024, 
            "American" : 0.16375512, 
            "Other" : 0.14502119, 
            "Irish" : 0.12788548, 
            "English" : 0.09731082, 
            "Scottish" : 0.02591898, 
            "Polish" : 0.02526579, 
            "French" : 0.020207069999999997, 
            "Dutch" : 0.01983184, 
            "Italian" : 0.01752484, 
            "European" : 0.01496769, 
            "Scotch-Irish" : 0.01278577, 
            "Norwegian" : 0.008088389999999999, 
            "Czech" : 0.0074213, 
            "Welsh" : 0.00705997, 
            "Swedish" : 0.00643458, 
            "Mexican" : 0.86124083, 
            "South American" : 0.01794, 
            "Venezuelan" : 0.09939959999999999, 
            "Colombian" : 0.00207, 
            "Cuban" : 0.0527018, 
            "Central American" : 0.0011, 
            "Costa Rican" : 0.046697800000000005, 
            "Filipino" : 0.42271881, 
            "Chinese" : 0.00315, 
            "Indian" : 0.38733705999999996, 
            "Korean" : 0.0028899999999999998, 
            "Vietnamese" : 0.10986965
        }, 
        "employment_status" : {
            "Armed Forces" : 0.0005476799999999999, 
            "Employed" : 0.63559592, 
            "Unemployed" : 0.032684359999999996, 
            "Other" : 0.33117204
        }, 
        "industries" : {
            "Healthcare" : 0.14648655, 
            "Manufacturing" : 0.13358905999999998, 
            "Retail" : 0.11488214, 
            "Education" : 0.0843618, 
            "Construction" : 0.07196464, 
            "Government" : 0.06523794, 
            "Professional" : 0.06004003, 
            "Hospitality" : 0.05386925, 
            "Other Services" : 0.04711474, 
            "Finance & Insurance" : 0.043556819999999996, 
            "Administrative" : 0.04327885, 
            "Wholesalers" : 0.03607961, 
            "Transportation" : 0.03577385, 
            "Information" : 0.01501001, 
            "Entertainment" : 0.01409273, 
            "Agriculture" : 0.0135368, 
            "Real estate" : 0.0105626, 
            "Utilities" : 0.0075606, 
            "Oil & Gas, and Mining" : 0.00230709, 
            "Management" : 0.00069491
        }, 
        "educational_attainment" : {
            "Doctorate" : 0.00476866, 
            "Professional" : 0.014182650000000002, 
            "Master's" : 0.07792233999999999, 
            "Bachelor's" : 0.19294567, 
            "Associate's" : 0.10158065000000001, 
            "Some College" : 0.21851555, 
            "High School" : 0.33160674999999995, 
            "Some H.S." : 0.04733716, 
            "Less than H.S." : 0.0077696200000000005, 
            "None" : 0.0033709499999999997
        }
    }
}