{
    "name" : "Wayne County", 
	"state" : "Indiana", 
	"FIPS" : "18177",
    "population" : 67423, 
    "demographics" : {
        "race_and_ethnicity" : {
            "White" : 0.88647791, 
            "Hispanic" : 0.026267, 
            "Black" : 0.050012610000000006, 
            "Asian" : 0.008646899999999999, 
            "Mixed" : 0.02620767, 
            "Other" : 0.00238791
        }, 
        "age_and_sex" : {
            "85+" : 0.026680000000000002, 
            "80-84" : 0.02226, 
            "75-79" : 0.03334, 
            "70-74" : 0.042460000000000005, 
            "67-69" : 0.03161, 
            "65-66" : 0.022930000000000002, 
            "62-64" : 0.041769999999999995, 
            "60-61" : 0.022869999999999998, 
            "55-59" : 0.07222, 
            "50-54" : 0.07167, 
            "45-49" : 0.06711, 
            "40-44" : 0.05795, 
            "35-39" : 0.05976, 
            "30-34" : 0.05652, 
            "25-29" : 0.056139999999999995, 
            "22-24" : 0.0362, 
            "21" : 0.01295, 
            "20" : 0.014650000000000002, 
            "18-19" : 0.02863, 
            "15-17" : 0.03923, 
            "10-14" : 0.06136, 
            "5-9" : 0.06278, 
            "0-4" : 0.05891
        }, 
        "household_types" : {
            "Married" : 0.46823432, 
            "Single Female" : 0.13838884, 
            "Single Male" : 0.04144164, 
            "One-Person" : 0.29657965999999997, 
            "Other Non-Family" : 0.05535554
        }, 
        "marital_status" : {
            "Never Married" : {
                "female" : 0.22899512000000002, 
                "male" : 0.31380341
            }, 
            "Now Married" : {
                "female" : 0.44497558, 
                "male" : 0.47988343
            }, 
            "Separated" : {
                "female" : 0.02257502, 
                "male" : 0.01021914
            }, 
            "Absent Spouse" : {
                "female" : 0.01524773, 
                "male" : 0.01900004
            }, 
            "Widowed" : {
                "female" : 0.12281926, 
                "male" : 0.03712956
            }, 
            "Divorced" : {
                "female" : 0.16538730000000001, 
                "male" : 0.13996442
            }
        }, 
        "ancestry" : {
            "Unclassified" : 0.3124898, 
            "German" : 0.21623185, 
            "Other" : 0.17787699, 
            "Irish" : 0.12784955, 
            "American" : 0.11552438000000001, 
            "English" : 0.08780386999999999, 
            "Italian" : 0.02556991, 
            "French" : 0.01833202, 
            "Scottish" : 0.01710099, 
            "Dutch" : 0.0163594, 
            "Scotch-Irish" : 0.00987793, 
            "European" : 0.00823161, 
            "Polish" : 0.00768284, 
            "Welsh" : 0.00660012, 
            "Swiss" : 0.00548774, 
            "Mexican" : 0.6832530800000001, 
            "Central American" : 0.01894, 
            "Puerto Rican" : 0.09577313999999999, 
            "South American" : 0.00265, 
            "Colombian" : 0.09202782, 
            "Panamanian" : 0.00255, 
            "Other Hispanic" : 0.08721240999999999, 
            "Salvadoran" : 0.00242, 
            "Costa Rican" : 0.07223114, 
            "Ecuadorian" : 0.002, 
            "Filipino" : 0.39451115000000003, 
            "Indian" : 0.0034100000000000003, 
            "Thai" : 0.16295026, 
            "Korean" : 0.0014099999999999998, 
            "Japanese" : 0.12692967, 
            "Nepalese" : 0.0011, 
            "Vietnamese" : 0.08919383, 
            "Chinese" : 0.00077, 
            "Bangladeshi" : 0.07375643, 
            "Pakistani" : 0.00064, 
            "Cambodian" : 0.053173240000000004
        }, 
        "employment_status" : {
            "Armed Forces" : 0.00047939, 
            "Employed" : 0.52852349, 
            "Unemployed" : 0.04161443, 
            "Other" : 0.4293827
        }, 
        "industries" : {
            "Manufacturing" : 0.20094192, 
            "Healthcare" : 0.17711495, 
            "Retail" : 0.12230943999999999, 
            "Education" : 0.10075004, 
            "Hospitality" : 0.08100471000000001, 
            "Other Services" : 0.04890982, 
            "Construction" : 0.04388627, 
            "Administrative" : 0.03568812, 
            "Transportation" : 0.0330368, 
            "Finance & Insurance" : 0.03244375, 
            "Wholesalers" : 0.02605965, 
            "Government" : 0.02578057, 
            "Professional" : 0.0183499, 
            "Agriculture" : 0.01632653, 
            "Information" : 0.01259376, 
            "Entertainment" : 0.00938427, 
            "Utilities" : 0.00833769, 
            "Real estate" : 0.00687249, 
            "Management" : 0.00017443, 
            "Oil & Gas, and Mining" : 3.489e-05
        }, 
        "educational_attainment" : {
            "Doctorate" : 0.0088304, 
            "Professional" : 0.008375899999999999, 
            "Master's" : 0.054345939999999995, 
            "Bachelor's" : 0.09979655, 
            "Associate's" : 0.08352091, 
            "Some College" : 0.20058869000000001, 
            "High School" : 0.39184919, 
            "Some H.S." : 0.10986062, 
            "Less than H.S." : 0.03400139, 
            "None" : 0.0088304
        }
    }
}