{
    "name" : "Clay County", 
	"state" : "Tennessee", 
	"FIPS" : "47027",
    "population" : 7769, 
    "demographics" : {
        "race_and_ethnicity" : {
            "White" : 0.9491569099999999, 
            "Hispanic" : 0.02175312, 
            "Black" : 0.01428755, 
            "Asian" : 0.00437637, 
            "Mixed" : 0.00257433, 
            "Other" : 0.00785172
        }, 
        "age_and_sex" : {
            "85+" : 0.02407, 
            "80-84" : 0.01467, 
            "75-79" : 0.05805, 
            "70-74" : 0.0596, 
            "67-69" : 0.04891, 
            "65-66" : 0.036680000000000004, 
            "62-64" : 0.03849, 
            "60-61" : 0.03411, 
            "55-59" : 0.07014999999999999, 
            "50-54" : 0.07246999999999999, 
            "45-49" : 0.07324, 
            "40-44" : 0.06976, 
            "35-39" : 0.03836, 
            "30-34" : 0.05162, 
            "25-29" : 0.04016, 
            "22-24" : 0.03154, 
            "21" : 0.00631, 
            "20" : 0.011200000000000002, 
            "18-19" : 0.026520000000000002, 
            "15-17" : 0.03076, 
            "10-14" : 0.046470000000000004, 
            "5-9" : 0.059210000000000006, 
            "0-4" : 0.057670000000000006
        }, 
        "household_types" : {
            "Married" : 0.5556966, 
            "Single Female" : 0.10536338, 
            "Single Male" : 0.03998731, 
            "One-Person" : 0.27165979, 
            "Other Non-Family" : 0.027292920000000002
        }, 
        "marital_status" : {
            "Never Married" : {
                "female" : 0.14852985999999999, 
                "male" : 0.20930959000000002
            }, 
            "Now Married" : {
                "female" : 0.5595635, 
                "male" : 0.52702281
            }, 
            "Separated" : {
                "female" : 0.022431040000000003, 
                "male" : 0.0037488300000000003
            }, 
            "Absent Spouse" : {
                "female" : 0.02121855, 
                "male" : 0.042174319999999994
            }, 
            "Widowed" : {
                "female" : 0.12791755, 
                "male" : 0.024367390000000003
            }, 
            "Divorced" : {
                "female" : 0.1203395, 
                "male" : 0.19337707
            }
        }, 
        "ancestry" : {
            "American" : 0.43132964, 
            "Unclassified" : 0.22023426000000002, 
            "Other" : 0.15793538, 
            "English" : 0.0894581, 
            "Irish" : 0.05727893, 
            "German" : 0.05496203, 
            "Scottish" : 0.01711932, 
            "Dutch" : 0.01094092, 
            "Italian" : 0.00991119, 
            "Norwegian" : 0.00978247, 
            "Scotch-Irish" : 0.00875274, 
            "Mexican" : 0.67455621, 
            "Puerto Rican" : 0.01467, 
            "Cuban" : 0.24852070999999998, 
            "Korean" : 0.7647058800000001, 
            "Filipino" : 0.00335
        }, 
        "employment_status" : {
            "Armed Forces" : 0.0, 
            "Employed" : 0.39125039, 
            "Unemployed" : 0.03645672, 
            "Other" : 0.57229289
        }, 
        "industries" : {
            "Manufacturing" : 0.19904837, 
            "Healthcare" : 0.13283108999999999, 
            "Retail" : 0.11419508, 
            "Education" : 0.11062649000000001, 
            "Construction" : 0.09199048, 
            "Hospitality" : 0.05114988, 
            "Professional" : 0.04599524, 
            "Government" : 0.04163362, 
            "Finance & Insurance" : 0.04004758, 
            "Other Services" : 0.04004758, 
            "Transportation" : 0.03925456, 
            "Agriculture" : 0.03251388, 
            "Administrative" : 0.021015069999999997, 
            "Information" : 0.017842979999999998, 
            "Real estate" : 0.00832672, 
            "Entertainment" : 0.00713719, 
            "Utilities" : 0.00634417, 
            "Oil & Gas, and Mining" : 0.0, 
            "Wholesalers" : 0.0, 
            "Management" : 0.0
        }, 
        "educational_attainment" : {
            "Doctorate" : 0.00264364, 
            "Professional" : 0.013746920000000001, 
            "Master's" : 0.0634473, 
            "Bachelor's" : 0.0576313, 
            "Associate's" : 0.04300317, 
            "Some College" : 0.11614381, 
            "High School" : 0.46651392, 
            "Some H.S." : 0.11579133000000001, 
            "Less than H.S." : 0.11068030000000001, 
            "None" : 0.01039831
        }
    }
}