{
    "name" : "Dyer County", 
	"state" : "Tennessee", 
	"FIPS" : "47045",
    "population" : 37970, 
    "demographics" : {
        "race_and_ethnicity" : {
            "White" : 0.80384514, 
            "Hispanic" : 0.03115618, 
            "Black" : 0.13510666000000002, 
            "Asian" : 0.00605741, 
            "Mixed" : 0.01888333, 
            "Other" : 0.00495128
        }, 
        "age_and_sex" : {
            "85+" : 0.019299999999999998, 
            "80-84" : 0.0182, 
            "75-79" : 0.0281, 
            "70-74" : 0.0384, 
            "67-69" : 0.03174, 
            "65-66" : 0.02476, 
            "62-64" : 0.03545, 
            "60-61" : 0.02412, 
            "55-59" : 0.07227, 
            "50-54" : 0.07035, 
            "45-49" : 0.06826, 
            "40-44" : 0.07227, 
            "35-39" : 0.05515, 
            "30-34" : 0.056440000000000004, 
            "25-29" : 0.05794, 
            "22-24" : 0.03266, 
            "21" : 0.01451, 
            "20" : 0.01367, 
            "18-19" : 0.0242, 
            "15-17" : 0.04298, 
            "10-14" : 0.07087, 
            "5-9" : 0.06724000000000001, 
            "0-4" : 0.061130000000000004
        }, 
        "household_types" : {
            "Married" : 0.52061719, 
            "Single Female" : 0.13500931, 
            "Single Male" : 0.052474059999999996, 
            "One-Person" : 0.2367651, 
            "Other Non-Family" : 0.055134340000000004
        }, 
        "marital_status" : {
            "Never Married" : {
                "female" : 0.20552396, 
                "male" : 0.2585752
            }, 
            "Now Married" : {
                "female" : 0.49134537, 
                "male" : 0.55617275
            }, 
            "Separated" : {
                "female" : 0.0266825, 
                "male" : 0.01284544
            }, 
            "Absent Spouse" : {
                "female" : 0.01512216, 
                "male" : 0.02110818
            }, 
            "Widowed" : {
                "female" : 0.11216647, 
                "male" : 0.03180114
            }, 
            "Divorced" : {
                "female" : 0.14915953, 
                "male" : 0.11949728999999999
            }
        }, 
        "ancestry" : {
            "Other" : 0.34906505000000004, 
            "Unclassified" : 0.29317883, 
            "Irish" : 0.14661575, 
            "American" : 0.13979457, 
            "German" : 0.08182776, 
            "English" : 0.06818541, 
            "Scottish" : 0.01422175, 
            "French" : 0.01332631, 
            "Italian" : 0.012667900000000001, 
            "Polish" : 0.00916513, 
            "Dutch" : 0.00905978, 
            "Scotch-Irish" : 0.007137210000000001, 
            "Swedish" : 0.00542534, 
            "Mexican" : 0.70921386, 
            "Puerto Rican" : 0.022099999999999998, 
            "Central American" : 0.13778529, 
            "South American" : 0.0042899999999999995, 
            "Guatemalan" : 0.079459, 
            "Peruvian" : 0.00248, 
            "Salvadoran" : 0.05663567, 
            "Other Hispanic" : 0.0017599999999999998, 
            "Ecuadorian" : 0.055790360000000004, 
            "Argentinean" : 0.0017399999999999998, 
            "Spaniard" : 0.03381234, 
            "Filipino" : 0.40434783, 
            "Chinese" : 0.00245, 
            "Indian" : 0.25652174, 
            "Japanese" : 0.00155, 
            "Korean" : 0.13478261, 
            "Indonesian" : 0.00082, 
            "Vietnamese" : 0.07826087
        }, 
        "employment_status" : {
            "Armed Forces" : 0.0007075499999999999, 
            "Employed" : 0.54218329, 
            "Unemployed" : 0.04794474, 
            "Other" : 0.40916442000000003
        }, 
        "industries" : {
            "Manufacturing" : 0.22421079, 
            "Healthcare" : 0.1303132, 
            "Retail" : 0.11011683, 
            "Education" : 0.09607258, 
            "Construction" : 0.06997265999999999, 
            "Hospitality" : 0.06972409, 
            "Other Services" : 0.057730550000000005, 
            "Government" : 0.05244842, 
            "Transportation" : 0.036291319999999995, 
            "Finance & Insurance" : 0.03622918, 
            "Administrative" : 0.03355705, 
            "Wholesalers" : 0.02013423, 
            "Professional" : 0.01646781, 
            "Agriculture" : 0.01367139, 
            "Entertainment" : 0.01311211, 
            "Real estate" : 0.01031568, 
            "Utilities" : 0.00751926, 
            "Information" : 0.00211285, 
            "Oil & Gas, and Mining" : 0.0, 
            "Management" : 0.0
        }, 
        "educational_attainment" : {
            "Doctorate" : 0.0083777, 
            "Professional" : 0.012723139999999999, 
            "Master's" : 0.052262760000000005, 
            "Bachelor's" : 0.11106326, 
            "Associate's" : 0.07375509, 
            "Some College" : 0.1817648, 
            "High School" : 0.39226433, 
            "Some H.S." : 0.09270279000000001, 
            "Less than H.S." : 0.06165832, 
            "None" : 0.01342781
        }
    }
}