{
    "name" : "Overton County", 
	"state" : "Tennessee", 
	"FIPS" : "47133",
    "population" : 22090, 
    "demographics" : {
        "race_and_ethnicity" : {
            "White" : 0.9646899000000001, 
            "Hispanic" : 0.01272069, 
            "Black" : 0.006790399999999999, 
            "Asian" : 0.00239928, 
            "Mixed" : 0.01095518, 
            "Other" : 0.00244455
        }, 
        "age_and_sex" : {
            "85+" : 0.013309999999999999, 
            "80-84" : 0.01833, 
            "75-79" : 0.04301, 
            "70-74" : 0.046490000000000004, 
            "67-69" : 0.03785, 
            "65-66" : 0.0335, 
            "62-64" : 0.04672, 
            "60-61" : 0.02847, 
            "55-59" : 0.06631999999999999, 
            "50-54" : 0.06763, 
            "45-49" : 0.0679, 
            "40-44" : 0.06415, 
            "35-39" : 0.05953, 
            "30-34" : 0.05301, 
            "25-29" : 0.05061, 
            "22-24" : 0.02694, 
            "21" : 0.0177, 
            "20" : 0.01114, 
            "18-19" : 0.02037, 
            "15-17" : 0.04255, 
            "10-14" : 0.06799000000000001, 
            "5-9" : 0.06279, 
            "0-4" : 0.053689999999999995
        }, 
        "household_types" : {
            "Married" : 0.55534287, 
            "Single Female" : 0.10438014000000001, 
            "Single Male" : 0.02961378, 
            "One-Person" : 0.28262582999999997, 
            "Other Non-Family" : 0.02803738
        }, 
        "marital_status" : {
            "Never Married" : {
                "female" : 0.15788902, 
                "male" : 0.25914149
            }, 
            "Now Married" : {
                "female" : 0.55185145, 
                "male" : 0.56961163
            }, 
            "Separated" : {
                "female" : 0.014116629999999998, 
                "male" : 0.008630480000000001
            }, 
            "Absent Spouse" : {
                "female" : 0.00955587, 
                "male" : 0.01476266
            }, 
            "Widowed" : {
                "female" : 0.12748398, 
                "male" : 0.02907109
            }, 
            "Divorced" : {
                "female" : 0.13910305, 
                "male" : 0.11878265
            }
        }, 
        "ancestry" : {
            "American" : 0.43449525, 
            "Unclassified" : 0.21973744, 
            "Other" : 0.14010865, 
            "English" : 0.06686283, 
            "German" : 0.0663196, 
            "Irish" : 0.06532368, 
            "Scotch-Irish" : 0.021910370000000002, 
            "Scottish" : 0.012358530000000001, 
            "French" : 0.01177003, 
            "Italian" : 0.009506559999999999, 
            "European" : 0.00683567, 
            "Dutch" : 0.00615663, 
            "Mexican" : 0.53736655, 
            "Cuban" : 0.006840000000000001, 
            "South American" : 0.2633452, 
            "Colombian" : 0.00335, 
            "Puerto Rican" : 0.13879004, 
            "Filipino" : 0.54716981, 
            "Thai" : 0.00131
        }, 
        "employment_status" : {
            "Armed Forces" : 0.0, 
            "Employed" : 0.49585331, 
            "Unemployed" : 0.03791255, 
            "Other" : 0.46623412999999997
        }, 
        "industries" : {
            "Healthcare" : 0.17612925000000001, 
            "Manufacturing" : 0.16918876000000002, 
            "Retail" : 0.11525771000000001, 
            "Construction" : 0.09045398, 
            "Transportation" : 0.06360223000000001, 
            "Education" : 0.06257822, 
            "Hospitality" : 0.05723063, 
            "Other Services" : 0.04721811, 
            "Administrative" : 0.03970873, 
            "Agriculture" : 0.03322335, 
            "Government" : 0.03003755, 
            "Finance & Insurance" : 0.02651041, 
            "Wholesalers" : 0.02332461, 
            "Entertainment" : 0.01900102, 
            "Professional" : 0.01365343, 
            "Information" : 0.01342587, 
            "Utilities" : 0.00967118, 
            "Real estate" : 0.00523381, 
            "Oil & Gas, and Mining" : 0.00455114, 
            "Management" : 0.0
        }, 
        "educational_attainment" : {
            "Doctorate" : 0.00435263, 
            "Professional" : 0.010004550000000001, 
            "Master's" : 0.034366270000000004, 
            "Bachelor's" : 0.08971610000000001, 
            "Associate's" : 0.050152669999999996, 
            "Some College" : 0.15169233000000001, 
            "High School" : 0.44383811, 
            "Some H.S." : 0.09608263, 
            "Less than H.S." : 0.10270902, 
            "None" : 0.01708569
        }
    }
}