{
    "name" : "Warren County", 
	"state" : "Tennessee", 
	"FIPS" : "47177",
    "population" : 40099, 
    "demographics" : {
        "race_and_ethnicity" : {
            "White" : 0.86321355, 
            "Hispanic" : 0.08476521, 
            "Black" : 0.011496550000000001, 
            "Asian" : 0.0058854300000000005, 
            "Mixed" : 0.03291853, 
            "Other" : 0.0017207400000000001
        }, 
        "age_and_sex" : {
            "85+" : 0.01935, 
            "80-84" : 0.02267, 
            "75-79" : 0.02661, 
            "70-74" : 0.04292, 
            "67-69" : 0.02933, 
            "65-66" : 0.025310000000000003, 
            "62-64" : 0.03995, 
            "60-61" : 0.021, 
            "55-59" : 0.06861, 
            "50-54" : 0.0695, 
            "45-49" : 0.06379, 
            "40-44" : 0.06983, 
            "35-39" : 0.06584, 
            "30-34" : 0.06551, 
            "25-29" : 0.051820000000000005, 
            "22-24" : 0.03294, 
            "21" : 0.0109, 
            "20" : 0.01349, 
            "18-19" : 0.02239, 
            "15-17" : 0.03955, 
            "10-14" : 0.07072, 
            "5-9" : 0.06718, 
            "0-4" : 0.06077
        }, 
        "household_types" : {
            "Married" : 0.47516684, 
            "Single Female" : 0.12493583, 
            "Single Male" : 0.06622177, 
            "One-Person" : 0.29575205, 
            "Other Non-Family" : 0.03792351
        }, 
        "marital_status" : {
            "Never Married" : {
                "female" : 0.20191427999999997, 
                "male" : 0.27217241999999997
            }, 
            "Now Married" : {
                "female" : 0.46058647999999996, 
                "male" : 0.48750715
            }, 
            "Separated" : {
                "female" : 0.026214719999999997, 
                "male" : 0.02434993
            }, 
            "Absent Spouse" : {
                "female" : 0.02121563, 
                "male" : 0.02791023
            }, 
            "Widowed" : {
                "female" : 0.10211547, 
                "male" : 0.031534110000000004
            }, 
            "Divorced" : {
                "female" : 0.18795342, 
                "male" : 0.15652616
            }
        }, 
        "ancestry" : {
            "Unclassified" : 0.29973316, 
            "Other" : 0.24364697, 
            "American" : 0.19150103000000002, 
            "Irish" : 0.11521483999999999, 
            "English" : 0.09401730999999999, 
            "German" : 0.07037581999999999, 
            "Scottish" : 0.02401556, 
            "Scotch-Irish" : 0.02064889, 
            "French" : 0.0196763, 
            "Italian" : 0.01940198, 
            "Danish" : 0.010648640000000001, 
            "Polish" : 0.00962618, 
            "European" : 0.00803013, 
            "Dutch" : 0.00680815, 
            "Mexican" : 0.83980012, 
            "Central American" : 0.07125, 
            "Other Hispanic" : 0.06319812, 
            "Salvadoran" : 0.00536, 
            "Puerto Rican" : 0.03703704, 
            "Cuban" : 0.00314, 
            "Panamanian" : 0.034097590000000004, 
            "Nicaraguan" : 0.0028899999999999998, 
            "Guatemalan" : 0.02733686, 
            "South American" : 0.00232, 
            "Indian" : 0.29237288, 
            "Chinese" : 0.00172, 
            "Korean" : 0.24152542, 
            "Japanese" : 0.0014199999999999998, 
            "Filipino" : 0.13559322, 
            "Thai" : 0.0008, 
            "Vietnamese" : 0.11440678
        }, 
        "employment_status" : {
            "Armed Forces" : 0.0002842, 
            "Employed" : 0.52532525, 
            "Unemployed" : 0.04452444, 
            "Other" : 0.42986611
        }, 
        "industries" : {
            "Manufacturing" : 0.25745371, 
            "Retail" : 0.13633085, 
            "Healthcare" : 0.11475114, 
            "Education" : 0.08361385, 
            "Construction" : 0.059028609999999995, 
            "Government" : 0.04526328, 
            "Hospitality" : 0.04376052, 
            "Transportation" : 0.039552779999999996, 
            "Other Services" : 0.03558548, 
            "Agriculture" : 0.03528492, 
            "Administrative" : 0.0283722, 
            "Professional" : 0.02650878, 
            "Finance & Insurance" : 0.026088, 
            "Wholesalers" : 0.021820149999999996, 
            "Information" : 0.014426540000000002, 
            "Utilities" : 0.01322433, 
            "Real estate" : 0.01232267, 
            "Entertainment" : 0.00559029, 
            "Oil & Gas, and Mining" : 0.00102188, 
            "Management" : 0.0
        }, 
        "educational_attainment" : {
            "Doctorate" : 0.00435116, 
            "Professional" : 0.01195656, 
            "Master's" : 0.038758270000000004, 
            "Bachelor's" : 0.07660244, 
            "Associate's" : 0.0437676, 
            "Some College" : 0.17890965, 
            "High School" : 0.43160626999999996, 
            "Some H.S." : 0.13042524, 
            "Less than H.S." : 0.06958207, 
            "None" : 0.01404073
        }
    }
}