{
    "name" : "Cocke County", 
	"state" : "Tennessee", 
	"FIPS" : "47029",
    "population" : 35256, 
    "demographics" : {
        "race_and_ethnicity" : {
            "White" : 0.93620944, 
            "Hispanic" : 0.01974132, 
            "Black" : 0.016649650000000002, 
            "Asian" : 0.0, 
            "Mixed" : 0.02391082, 
            "Other" : 0.00348877
        }, 
        "age_and_sex" : {
            "85+" : 0.01325, 
            "80-84" : 0.02136, 
            "75-79" : 0.0371, 
            "70-74" : 0.05418, 
            "67-69" : 0.03673, 
            "65-66" : 0.030520000000000002, 
            "62-64" : 0.05128, 
            "60-61" : 0.02632, 
            "55-59" : 0.07633, 
            "50-54" : 0.07655, 
            "45-49" : 0.06853, 
            "40-44" : 0.06839, 
            "35-39" : 0.050519999999999995, 
            "30-34" : 0.05378, 
            "25-29" : 0.05117, 
            "22-24" : 0.028759999999999997, 
            "21" : 0.011120000000000001, 
            "20" : 0.017159999999999998, 
            "18-19" : 0.019710000000000002, 
            "15-17" : 0.035, 
            "10-14" : 0.06158, 
            "5-9" : 0.0599, 
            "0-4" : 0.05077
        }, 
        "household_types" : {
            "Married" : 0.456468, 
            "Single Female" : 0.16424059, 
            "Single Male" : 0.045317220000000005, 
            "One-Person" : 0.30135952, 
            "Other Non-Family" : 0.03261467
        }, 
        "marital_status" : {
            "Never Married" : {
                "female" : 0.19355476, 
                "male" : 0.25911913999999997
            }, 
            "Now Married" : {
                "female" : 0.4400949, 
                "male" : 0.50217717
            }, 
            "Separated" : {
                "female" : 0.03393963, 
                "male" : 0.035548579999999996
            }, 
            "Absent Spouse" : {
                "female" : 0.02721761, 
                "male" : 0.01741737
            }, 
            "Widowed" : {
                "female" : 0.14096481, 
                "male" : 0.04154472
            }, 
            "Divorced" : {
                "female" : 0.16422829, 
                "male" : 0.14419302
            }
        }, 
        "employment_status" : {
            "Armed Forces" : 0.0, 
            "Employed" : 0.48995438999999996, 
            "Unemployed" : 0.05414534, 
            "Other" : 0.45590028
        }, 
        "industries" : {
            "Manufacturing" : 0.19344751999999998, 
            "Hospitality" : 0.13943571999999999, 
            "Retail" : 0.12849122, 
            "Healthcare" : 0.12074479, 
            "Education" : 0.06516949999999999, 
            "Construction" : 0.06104754, 
            "Administrative" : 0.05323005, 
            "Other Services" : 0.049250230000000006, 
            "Government" : 0.04050885, 
            "Transportation" : 0.03844787, 
            "Entertainment" : 0.023665699999999998, 
            "Real estate" : 0.02309715, 
            "Finance & Insurance" : 0.02117831, 
            "Professional" : 0.01087343, 
            "Utilities" : 0.01037595, 
            "Wholesalers" : 0.00987847, 
            "Agriculture" : 0.00632507, 
            "Information" : 0.00440623, 
            "Oil & Gas, and Mining" : 0.00042641, 
            "Management" : 0.0
        }, 
        "educational_attainment" : {
            "Doctorate" : 0.00297112, 
            "Professional" : 0.00511033, 
            "Master's" : 0.0286416, 
            "Bachelor's" : 0.06572119, 
            "Associate's" : 0.05118251, 
            "Some College" : 0.16891812, 
            "High School" : 0.4650002, 
            "Some H.S." : 0.11951828, 
            "Less than H.S." : 0.07942796, 
            "None" : 0.0135087
        }
    }
}