{
    "name" : "Hancock County", 
	"state" : "Tennessee", 
	"FIPS" : "47067",
    "population" : 6609, 
    "demographics" : {
        "race_and_ethnicity" : {
            "White" : 0.97231049, 
            "Hispanic" : 0.00726282, 
            "Black" : 0.00393403, 
            "Asian" : 0.0009078500000000001, 
            "Mixed" : 0.00832199, 
            "Other" : 0.00726282
        }, 
        "age_and_sex" : {
            "85+" : 0.019370000000000002, 
            "80-84" : 0.01906, 
            "75-79" : 0.03662, 
            "70-74" : 0.04327, 
            "67-69" : 0.03117, 
            "65-66" : 0.03268, 
            "62-64" : 0.04978, 
            "60-61" : 0.02724, 
            "55-59" : 0.08488, 
            "50-54" : 0.07429000000000001, 
            "45-49" : 0.06582, 
            "40-44" : 0.06582, 
            "35-39" : 0.05689, 
            "30-34" : 0.056440000000000004, 
            "25-29" : 0.05567999999999999, 
            "22-24" : 0.02935, 
            "21" : 0.01725, 
            "20" : 0.01332, 
            "18-19" : 0.01362, 
            "15-17" : 0.03495, 
            "10-14" : 0.05175, 
            "5-9" : 0.07021, 
            "0-4" : 0.05054
        }, 
        "household_types" : {
            "Married" : 0.47764449, 
            "Single Female" : 0.11050527, 
            "Single Male" : 0.055979640000000004, 
            "One-Person" : 0.32097419000000005, 
            "Other Non-Family" : 0.0348964
        }, 
        "marital_status" : {
            "Never Married" : {
                "female" : 0.22763348, 
                "male" : 0.25583982
            }, 
            "Now Married" : {
                "female" : 0.47835498, 
                "male" : 0.5072302599999999
            }, 
            "Separated" : {
                "female" : 0.02308802, 
                "male" : 0.02373007
            }, 
            "Absent Spouse" : {
                "female" : 0.002886, 
                "male" : 0.03819058
            }, 
            "Widowed" : {
                "female" : 0.1518759, 
                "male" : 0.03633667
            }, 
            "Divorced" : {
                "female" : 0.11616162, 
                "male" : 0.1386726
            }
        }, 
        "ancestry" : {
            "American" : 0.40550764, 
            "Unclassified" : 0.24269935, 
            "Other" : 0.12089575, 
            "Irish" : 0.10818581, 
            "English" : 0.07520048, 
            "German" : 0.06899682, 
            "Scotch-Irish" : 0.0170979, 
            "Polish" : 0.01346649, 
            "Scottish" : 0.01301256, 
            "Dutch" : 0.00983507, 
            "French" : 0.00711151, 
            "European" : 0.00650628, 
            "Danish" : 0.00605235, 
            "French Canadian" : 0.0051445, 
            "Italian" : 0.0051445, 
            "Mexican" : 0.45833333000000004, 
            "Central American" : 0.00333, 
            "Honduran" : 0.45833333000000004, 
            "Cuban" : 0.00333, 
            "Chinese" : 1.0
        }, 
        "employment_status" : {
            "Armed Forces" : 0.0, 
            "Employed" : 0.40245033999999996, 
            "Unemployed" : 0.05940226, 
            "Other" : 0.53814739
        }, 
        "industries" : {
            "Healthcare" : 0.17204797, 
            "Manufacturing" : 0.15867159, 
            "Retail" : 0.11070111, 
            "Construction" : 0.10147601, 
            "Education" : 0.08625461, 
            "Agriculture" : 0.08164207, 
            "Government" : 0.06180812, 
            "Transportation" : 0.05304428, 
            "Other Services" : 0.04658672, 
            "Finance & Insurance" : 0.03367159, 
            "Hospitality" : 0.025830259999999997, 
            "Administrative" : 0.020295200000000003, 
            "Wholesalers" : 0.01337638, 
            "Oil & Gas, and Mining" : 0.00922509, 
            "Professional" : 0.00876384, 
            "Real estate" : 0.00599631, 
            "Utilities" : 0.0055350600000000005, 
            "Information" : 0.00322878, 
            "Entertainment" : 0.00184502, 
            "Management" : 0.0
        }, 
        "educational_attainment" : {
            "Doctorate" : 0.00694444, 
            "Professional" : 0.00315657, 
            "Master's" : 0.032617850000000004, 
            "Bachelor's" : 0.07049663, 
            "Associate's" : 0.045454549999999996, 
            "Some College" : 0.1986532, 
            "High School" : 0.39962121000000006, 
            "Some H.S." : 0.13720539, 
            "Less than H.S." : 0.09743266, 
            "None" : 0.00841751
        }
    }
}