{
    "name" : "Macon County", 
	"state" : "Tennessee", 
	"FIPS" : "47111",
    "population" : 22924, 
    "demographics" : {
        "race_and_ethnicity" : {
            "White" : 0.9430727600000001, 
            "Hispanic" : 0.04820276, 
            "Black" : 0.0021375, 
            "Asian" : 0.0007852000000000001, 
            "Mixed" : 0.00436224, 
            "Other" : 0.00143954
        }, 
        "age_and_sex" : {
            "85+" : 0.01671, 
            "80-84" : 0.01631, 
            "75-79" : 0.028220000000000002, 
            "70-74" : 0.045279999999999994, 
            "67-69" : 0.02844, 
            "65-66" : 0.021330000000000002, 
            "62-64" : 0.03656, 
            "60-61" : 0.025259999999999998, 
            "55-59" : 0.06613000000000001, 
            "50-54" : 0.06993, 
            "45-49" : 0.07041, 
            "40-44" : 0.07246000000000001, 
            "35-39" : 0.05152, 
            "30-34" : 0.06399, 
            "25-29" : 0.05854, 
            "22-24" : 0.03669, 
            "21" : 0.01631, 
            "20" : 0.00803, 
            "18-19" : 0.021330000000000002, 
            "15-17" : 0.04201, 
            "10-14" : 0.06504, 
            "5-9" : 0.06971, 
            "0-4" : 0.0698
        }, 
        "household_types" : {
            "Married" : 0.55441684, 
            "Single Female" : 0.11150719, 
            "Single Male" : 0.02874011, 
            "One-Person" : 0.24919238, 
            "Other Non-Family" : 0.056143479999999996
        }, 
        "marital_status" : {
            "Never Married" : {
                "female" : 0.1797861, 
                "male" : 0.22318514
            }, 
            "Now Married" : {
                "female" : 0.55433155, 
                "male" : 0.56691052
            }, 
            "Separated" : {
                "female" : 0.03946524, 
                "male" : 0.01778278
            }, 
            "Absent Spouse" : {
                "female" : 0.01796791, 
                "male" : 0.03162634
            }, 
            "Widowed" : {
                "female" : 0.11957219000000001, 
                "male" : 0.02611142
            }, 
            "Divorced" : {
                "female" : 0.08887700999999999, 
                "male" : 0.13438379
            }
        }, 
        "ancestry" : {
            "American" : 0.3076252, 
            "Unclassified" : 0.29903158, 
            "Other" : 0.19433781, 
            "Irish" : 0.08920782000000001, 
            "German" : 0.07162799, 
            "English" : 0.06661141, 
            "Dutch" : 0.01182167, 
            "French" : 0.00985866, 
            "Italian" : 0.00902984, 
            "European" : 0.00697958, 
            "Scotch-Irish" : 0.00663061, 
            "Scottish" : 0.00619438, 
            "Polish" : 0.00540918, 
            "Mexican" : 0.77104072, 
            "Central American" : 0.03717, 
            "Costa Rican" : 0.14751131, 
            "Other Hispanic" : 0.00711, 
            "Spaniard" : 0.14751131, 
            "Puerto Rican" : 0.00711, 
            "Korean" : 1.0
        }, 
        "employment_status" : {
            "Armed Forces" : 0.0, 
            "Employed" : 0.53623833, 
            "Unemployed" : 0.03935082, 
            "Other" : 0.42441085
        }, 
        "industries" : {
            "Manufacturing" : 0.21579602, 
            "Retail" : 0.13515755000000002, 
            "Healthcare" : 0.11888474, 
            "Construction" : 0.09317993, 
            "Education" : 0.06426202, 
            "Other Services" : 0.05959784, 
            "Transportation" : 0.055970149999999996, 
            "Finance & Insurance" : 0.041873959999999995, 
            "Agriculture" : 0.03990464, 
            "Hospitality" : 0.03503317, 
            "Government" : 0.03441128, 
            "Professional" : 0.030990880000000002, 
            "Administrative" : 0.01793118, 
            "Information" : 0.012541459999999999, 
            "Utilities" : 0.01181592, 
            "Oil & Gas, and Mining" : 0.011401330000000001, 
            "Wholesalers" : 0.011297680000000001, 
            "Entertainment" : 0.00497512, 
            "Real estate" : 0.0035240500000000004, 
            "Management" : 0.0014510799999999998
        }, 
        "educational_attainment" : {
            "Doctorate" : 0.00455018, 
            "Professional" : 0.00942538, 
            "Master's" : 0.02645606, 
            "Bachelor's" : 0.05180707, 
            "Associate's" : 0.061687469999999994, 
            "Some College" : 0.15106604, 
            "High School" : 0.45228809, 
            "Some H.S." : 0.13891056000000002, 
            "Less than H.S." : 0.0874285, 
            "None" : 0.016380660000000002
        }
    }
}