{
    "name" : "Newport County", 
	"state" : "Rhode Island", 
	"FIPS" : "44005",
    "population" : 82714, 
    "demographics" : {
        "race_and_ethnicity" : {
            "White" : 0.8621635999999999, 
            "Hispanic" : 0.049749739999999994, 
            "Black" : 0.032956940000000004, 
            "Asian" : 0.0191745, 
            "Mixed" : 0.03021254, 
            "Other" : 0.00574268
        }, 
        "age_and_sex" : {
            "85+" : 0.028679999999999997, 
            "80-84" : 0.02303, 
            "75-79" : 0.03189, 
            "70-74" : 0.044930000000000005, 
            "67-69" : 0.03789, 
            "65-66" : 0.0255, 
            "62-64" : 0.03964, 
            "60-61" : 0.031349999999999996, 
            "55-59" : 0.07883, 
            "50-54" : 0.07942, 
            "45-49" : 0.06849999999999999, 
            "40-44" : 0.05744, 
            "35-39" : 0.05808, 
            "30-34" : 0.05344, 
            "25-29" : 0.05975, 
            "22-24" : 0.04459, 
            "21" : 0.01291, 
            "20" : 0.01134, 
            "18-19" : 0.02921, 
            "15-17" : 0.03525, 
            "10-14" : 0.054029999999999995, 
            "5-9" : 0.05021, 
            "0-4" : 0.0441
        }, 
        "household_types" : {
            "Married" : 0.46013382999999997, 
            "Single Female" : 0.10610185, 
            "Single Male" : 0.037200859999999995, 
            "One-Person" : 0.31317341, 
            "Other Non-Family" : 0.08339004
        }, 
        "marital_status" : {
            "Never Married" : {
                "female" : 0.29216106, 
                "male" : 0.34306527000000003
            }, 
            "Now Married" : {
                "female" : 0.44563315000000003, 
                "male" : 0.48498128
            }, 
            "Separated" : {
                "female" : 0.0145886, 
                "male" : 0.01047683
            }, 
            "Absent Spouse" : {
                "female" : 0.01861783, 
                "male" : 0.036306120000000004
            }, 
            "Widowed" : {
                "female" : 0.09636813, 
                "male" : 0.02243376
            }, 
            "Divorced" : {
                "female" : 0.13263123, 
                "male" : 0.10273674
            }
        }, 
        "ancestry" : {
            "Irish" : 0.24504921, 
            "English" : 0.15568102, 
            "Portuguese" : 0.15460502, 
            "Other" : 0.15458084, 
            "Italian" : 0.11360834, 
            "Unclassified" : 0.10715236, 
            "German" : 0.09401069, 
            "French" : 0.07220059, 
            "American" : 0.048697920000000006, 
            "Polish" : 0.04067026, 
            "French Canadian" : 0.03839737, 
            "Scottish" : 0.02997074, 
            "Swedish" : 0.01898107, 
            "Scotch-Irish" : 0.01325048, 
            "Dutch" : 0.011739250000000001, 
            "European" : 0.01007085, 
            "Subsaharan African" : 0.009454259999999999, 
            "Greek" : 0.00864424, 
            "Russian" : 0.00843872, 
            "Arab" : 0.006818680000000001, 
            "Puerto Rican" : 0.31352087, 
            "Central American" : 0.01671, 
            "Guatemalan" : 0.20757713, 
            "Mexican" : 0.01106, 
            "Dominican" : 0.16311251999999998, 
            "Other Hispanic" : 0.00869, 
            "South American" : 0.14972777, 
            "Spaniard" : 0.007980000000000001, 
            "Panamanian" : 0.1095735, 
            "Cuban" : 0.00584, 
            "Argentinean" : 0.10911978, 
            "Colombian" : 0.00582, 
            "Spanish" : 0.07622505, 
            "Ecuadorian" : 0.00406, 
            "Peruvian" : 0.05921053, 
            "Bolivian" : 0.00316, 
            "Filipino" : 0.35308953000000004, 
            "Chinese" : 0.006770000000000001, 
            "Indian" : 0.18852459, 
            "Korean" : 0.00361, 
            "Japanese" : 0.10781841, 
            "Bangladeshi" : 0.00207, 
            "Vietnamese" : 0.10592686000000001, 
            "Thai" : 0.00203, 
            "Taiwanese" : 0.07377049000000001, 
            "Cambodian" : 0.0014099999999999998, 
            "Not Specified" : 0.06872636, 
            "Indonesian" : 0.00132
        }, 
        "employment_status" : {
            "Armed Forces" : 0.03494341, 
            "Employed" : 0.59236997, 
            "Unemployed" : 0.04144318, 
            "Other" : 0.33124344
        }, 
        "industries" : {
            "Healthcare" : 0.1517454, 
            "Education" : 0.102345, 
            "Retail" : 0.10108268000000001, 
            "Hospitality" : 0.10023304, 
            "Professional" : 0.08887217, 
            "Manufacturing" : 0.0732631, 
            "Construction" : 0.0641841, 
            "Government" : 0.0529446, 
            "Other Services" : 0.0511725, 
            "Entertainment" : 0.03944749, 
            "Finance & Insurance" : 0.03903481, 
            "Administrative" : 0.03447104, 
            "Real estate" : 0.025829, 
            "Wholesalers" : 0.02505219, 
            "Transportation" : 0.023255810000000002, 
            "Information" : 0.014516679999999999, 
            "Agriculture" : 0.0073554399999999995, 
            "Utilities" : 0.0047337, 
            "Oil & Gas, and Mining" : 0.00024275000000000002, 
            "Management" : 0.00021847999999999998
        }, 
        "educational_attainment" : {
            "Doctorate" : 0.023528220000000002, 
            "Professional" : 0.02832475, 
            "Master's" : 0.13181191, 
            "Bachelor's" : 0.27141607, 
            "Associate's" : 0.07411895, 
            "Some College" : 0.17312935, 
            "High School" : 0.22851661, 
            "Some H.S." : 0.040341310000000005, 
            "Less than H.S." : 0.02128984, 
            "None" : 0.00752297
        }
    }
}