{
    "name" : "Providence County", 
	"state" : "Rhode Island", 
	"FIPS" : "44007",
    "population" : 631344, 
    "demographics" : {
        "race_and_ethnicity" : {
            "White" : 0.63244444, 
            "Hispanic" : 0.19149623999999998, 
            "Black" : 0.09689329, 
            "Asian" : 0.04085887, 
            "Mixed" : 0.024180160000000003, 
            "Other" : 0.01412701
        }, 
        "age_and_sex" : {
            "85+" : 0.02603, 
            "80-84" : 0.01941, 
            "75-79" : 0.02199, 
            "70-74" : 0.03143, 
            "67-69" : 0.0235, 
            "65-66" : 0.01992, 
            "62-64" : 0.033010000000000005, 
            "60-61" : 0.023639999999999998, 
            "55-59" : 0.0674, 
            "50-54" : 0.07089000000000001, 
            "45-49" : 0.06781, 
            "40-44" : 0.06165, 
            "35-39" : 0.06138, 
            "30-34" : 0.06852, 
            "25-29" : 0.07708, 
            "22-24" : 0.04595, 
            "21" : 0.01704, 
            "20" : 0.018779999999999998, 
            "18-19" : 0.034, 
            "15-17" : 0.036840000000000005, 
            "10-14" : 0.060759999999999995, 
            "5-9" : 0.05532, 
            "0-4" : 0.05762
        }, 
        "household_types" : {
            "Married" : 0.40025015, 
            "Single Female" : 0.16604551, 
            "Single Male" : 0.05138571, 
            "One-Person" : 0.31354044, 
            "Other Non-Family" : 0.06877819
        }, 
        "marital_status" : {
            "Never Married" : {
                "female" : 0.3666739, 
                "male" : 0.42916466999999997
            }, 
            "Now Married" : {
                "female" : 0.35481615, 
                "male" : 0.40269643
            }, 
            "Separated" : {
                "female" : 0.027325819999999997, 
                "male" : 0.016654659999999998
            }, 
            "Absent Spouse" : {
                "female" : 0.02596781, 
                "male" : 0.03238518
            }, 
            "Widowed" : {
                "female" : 0.09595872, 
                "male" : 0.02571211
            }, 
            "Divorced" : {
                "female" : 0.12925758, 
                "male" : 0.09338694
            }
        }, 
        "ancestry" : {
            "Other" : 0.30953648, 
            "Italian" : 0.16858637999999998, 
            "Irish" : 0.14295534999999998, 
            "French" : 0.09542500000000001, 
            "Unclassified" : 0.0944002, 
            "Portuguese" : 0.08165754, 
            "English" : 0.07187841, 
            "French Canadian" : 0.05110685, 
            "Subsaharan African" : 0.04774576, 
            "Polish" : 0.035918610000000004, 
            "German" : 0.035243859999999995, 
            "American" : 0.0349841, 
            "Cape Verdean" : 0.03111933, 
            "Scottish" : 0.01216611, 
            "West Indian" : 0.01177805, 
            "Swedish" : 0.010512490000000001, 
            "Arab" : 0.01029866, 
            "Russian" : 0.00942117, 
            "Greek" : 0.0071324, 
            "African" : 0.00685997, 
            "Dominican" : 0.33963619, 
            "Puerto Rican" : 0.07118000000000001, 
            "Central American" : 0.25142646, 
            "Guatemalan" : 0.0527, 
            "South American" : 0.20791105999999998, 
            "Mexican" : 0.043579999999999994, 
            "Colombian" : 0.16489446000000002, 
            "Salvadoran" : 0.03456, 
            "Other Hispanic" : 0.10193393, 
            "Bolivian" : 0.02136, 
            "Peruvian" : 0.06274136000000001, 
            "Cuban" : 0.01315, 
            "Ecuadorian" : 0.05848656, 
            "Honduran" : 0.01226, 
            "Chinese" : 0.21228097, 
            "Indian" : 0.00867, 
            "Cambodian" : 0.17960149, 
            "Laotian" : 0.00734, 
            "Vietnamese" : 0.169755, 
            "Filipino" : 0.006939999999999999, 
            "Korean" : 0.09772833, 
            "Japanese" : 0.0039900000000000005, 
            "Nepalese" : 0.08032253, 
            "Burmese" : 0.00328, 
            "Mixed" : 0.06349822, 
            "Pakistani" : 0.0025900000000000003, 
            "Taiwanese" : 0.05047294, 
            "Not Specified" : 0.0020599999999999998, 
            "Hmong" : 0.02380214, 
            "Thai" : 0.00097, 
            "Bhutanese" : 0.01934408
        }, 
        "employment_status" : {
            "Armed Forces" : 0.00080512, 
            "Employed" : 0.58961743, 
            "Unemployed" : 0.05442545, 
            "Other" : 0.355152
        }, 
        "industries" : {
            "Healthcare" : 0.16783427, 
            "Retail" : 0.12662194, 
            "Manufacturing" : 0.11848502, 
            "Education" : 0.10766988, 
            "Hospitality" : 0.07864479, 
            "Construction" : 0.0508071, 
            "Finance & Insurance" : 0.05058611, 
            "Professional" : 0.05003529, 
            "Other Services" : 0.047888099999999996, 
            "Administrative" : 0.04518348, 
            "Government" : 0.0373665, 
            "Transportation" : 0.030700630000000003, 
            "Wholesalers" : 0.02502754, 
            "Entertainment" : 0.02282097, 
            "Information" : 0.01608254, 
            "Real estate" : 0.014657670000000001, 
            "Utilities" : 0.00479574, 
            "Agriculture" : 0.0025231999999999997, 
            "Management" : 0.00179428, 
            "Oil & Gas, and Mining" : 0.00047495999999999997
        }, 
        "educational_attainment" : {
            "Doctorate" : 0.015505789999999998, 
            "Professional" : 0.017774639999999998, 
            "Master's" : 0.07445836, 
            "Bachelor's" : 0.16489978, 
            "Associate's" : 0.07931582, 
            "Some College" : 0.18407099999999998, 
            "High School" : 0.29638981999999997, 
            "Some H.S." : 0.08754247, 
            "Less than H.S." : 0.0594369, 
            "None" : 0.02060542
        }
    }
}