{
    "name" : "Logan County", 
	"state" : "Oklahoma", 
	"FIPS" : "40083",
    "population" : 45171, 
    "demographics" : {
        "race_and_ethnicity" : {
            "White" : 0.77850833, 
            "Hispanic" : 0.054946760000000004, 
            "Black" : 0.08921652999999999, 
            "Asian" : 0.0057559099999999995, 
            "Mixed" : 0.03641717, 
            "Other" : 0.0351553
        }, 
        "age_and_sex" : {
            "85+" : 0.01395, 
            "80-84" : 0.02194, 
            "75-79" : 0.02451, 
            "70-74" : 0.03666, 
            "67-69" : 0.028069999999999998, 
            "65-66" : 0.0246, 
            "62-64" : 0.03752, 
            "60-61" : 0.01919, 
            "55-59" : 0.07627, 
            "50-54" : 0.07711, 
            "45-49" : 0.06037, 
            "40-44" : 0.05743, 
            "35-39" : 0.06530999999999999, 
            "30-34" : 0.07177, 
            "25-29" : 0.05168999999999999, 
            "22-24" : 0.03936, 
            "21" : 0.013500000000000002, 
            "20" : 0.013919999999999998, 
            "18-19" : 0.02989, 
            "15-17" : 0.042460000000000005, 
            "10-14" : 0.06666, 
            "5-9" : 0.06892000000000001, 
            "0-4" : 0.05891
        }, 
        "household_types" : {
            "Married" : 0.58010869, 
            "Single Female" : 0.10142080999999999, 
            "Single Male" : 0.04282066, 
            "One-Person" : 0.24127545, 
            "Other Non-Family" : 0.03437439
        }, 
        "marital_status" : {
            "Never Married" : {
                "female" : 0.22729727, 
                "male" : 0.29707792
            }, 
            "Now Married" : {
                "female" : 0.48580067, 
                "male" : 0.5207680299999999
            }, 
            "Separated" : {
                "female" : 0.029640430000000002, 
                "male" : 0.02731751
            }, 
            "Absent Spouse" : {
                "female" : 0.01857251, 
                "male" : 0.0187528
            }, 
            "Widowed" : {
                "female" : 0.09264658, 
                "male" : 0.02244738
            }, 
            "Divorced" : {
                "female" : 0.14604254, 
                "male" : 0.11363635999999999
            }
        }, 
        "ancestry" : {
            "Other" : 0.28133094, 
            "Unclassified" : 0.26598924, 
            "German" : 0.18069115, 
            "Irish" : 0.12355271999999999, 
            "English" : 0.10829957, 
            "American" : 0.0835049, 
            "European" : 0.02333355, 
            "French" : 0.02134113, 
            "Dutch" : 0.021230440000000003, 
            "Scottish" : 0.02087623, 
            "Italian" : 0.01919373, 
            "Scotch-Irish" : 0.012729410000000002, 
            "Polish" : 0.01199885, 
            "Norwegian" : 0.01102477, 
            "Swedish" : 0.01055987, 
            "Mexican" : 0.91202229, 
            "Other Hispanic" : 0.05072, 
            "Puerto Rican" : 0.05214968, 
            "South American" : 0.0029, 
            "Peruvian" : 0.01632166, 
            "Dominican" : 0.00091, 
            "Chinese" : 0.24615385, 
            "Korean" : 0.0014199999999999998, 
            "Bangladeshi" : 0.22307691999999998, 
            "Filipino" : 0.00128, 
            "Vietnamese" : 0.18461538, 
            "Not Specified" : 0.00106, 
            "Indian" : 0.08076923000000001, 
            "Mixed" : 0.00046, 
            "Burmese" : 0.06538462, 
            "Japanese" : 0.00037999999999999997
        }, 
        "employment_status" : {
            "Armed Forces" : 0.00106125, 
            "Employed" : 0.5812829899999999, 
            "Unemployed" : 0.0351328, 
            "Other" : 0.38252296999999996
        }, 
        "industries" : {
            "Healthcare" : 0.15436724999999998, 
            "Retail" : 0.11588354000000001, 
            "Education" : 0.09426348000000001, 
            "Construction" : 0.08998751, 
            "Manufacturing" : 0.07350822, 
            "Government" : 0.06750264, 
            "Oil & Gas, and Mining" : 0.0559239, 
            "Hospitality" : 0.05424234, 
            "Professional" : 0.04511387, 
            "Other Services" : 0.04103008, 
            "Finance & Insurance" : 0.038675890000000004, 
            "Transportation" : 0.03689824, 
            "Wholesalers" : 0.02464687, 
            "Entertainment" : 0.02383011, 
            "Administrative" : 0.01902566, 
            "Agriculture" : 0.018689340000000002, 
            "Real estate" : 0.01628711, 
            "Information" : 0.01532622, 
            "Utilities" : 0.01479773, 
            "Management" : 0.0
        }, 
        "educational_attainment" : {
            "Doctorate" : 0.00966745, 
            "Professional" : 0.012989599999999999, 
            "Master's" : 0.060994650000000004, 
            "Bachelor's" : 0.18185442, 
            "Associate's" : 0.07567855, 
            "Some College" : 0.23015847, 
            "High School" : 0.3313179, 
            "Some H.S." : 0.06969868, 
            "Less than H.S." : 0.02322182, 
            "None" : 0.00441846
        }
    }
}