{
    "name" : "Pontotoc County", 
	"state" : "Oklahoma", 
	"FIPS" : "40123",
    "population" : 38213, 
    "demographics" : {
        "race_and_ethnicity" : {
            "White" : 0.6698505699999999, 
            "Hispanic" : 0.048020310000000004, 
            "Black" : 0.0210923, 
            "Asian" : 0.00926386, 
            "Mixed" : 0.17501897, 
            "Other" : 0.07675398
        }, 
        "age_and_sex" : {
            "85+" : 0.01735, 
            "80-84" : 0.024390000000000002, 
            "75-79" : 0.027770000000000003, 
            "70-74" : 0.037450000000000004, 
            "67-69" : 0.025910000000000002, 
            "65-66" : 0.02387, 
            "62-64" : 0.03028, 
            "60-61" : 0.023530000000000002, 
            "55-59" : 0.061790000000000005, 
            "50-54" : 0.06325, 
            "45-49" : 0.056420000000000005, 
            "40-44" : 0.057679999999999995, 
            "35-39" : 0.05393, 
            "30-34" : 0.06613000000000001, 
            "25-29" : 0.07339999999999999, 
            "22-24" : 0.04883, 
            "21" : 0.01772, 
            "20" : 0.0184, 
            "18-19" : 0.03365, 
            "15-17" : 0.03687, 
            "10-14" : 0.06665, 
            "5-9" : 0.06485, 
            "0-4" : 0.0699
        }, 
        "household_types" : {
            "Married" : 0.46352137, 
            "Single Female" : 0.13094017, 
            "Single Male" : 0.05230769, 
            "One-Person" : 0.28300854999999997, 
            "Other Non-Family" : 0.07022222
        }, 
        "marital_status" : {
            "Never Married" : {
                "female" : 0.25937896, 
                "male" : 0.32211441
            }, 
            "Now Married" : {
                "female" : 0.42756654, 
                "male" : 0.47682703
            }, 
            "Separated" : {
                "female" : 0.02363752, 
                "male" : 0.012282010000000001
            }, 
            "Absent Spouse" : {
                "female" : 0.02319392, 
                "male" : 0.02849969
            }, 
            "Widowed" : {
                "female" : 0.11299113, 
                "male" : 0.032774649999999995
            }, 
            "Divorced" : {
                "female" : 0.15323194, 
                "male" : 0.12750221
            }
        }, 
        "ancestry" : {
            "Unclassified" : 0.33813099999999996, 
            "Other" : 0.28898542, 
            "Irish" : 0.15039385, 
            "German" : 0.13286054, 
            "English" : 0.06864156, 
            "American" : 0.06385262, 
            "West Indian" : 0.02038573, 
            "French" : 0.020019369999999998, 
            "Dutch West Indian" : 0.018789419999999998, 
            "Dutch" : 0.013607929999999999, 
            "Scottish" : 0.01358177, 
            "Italian" : 0.01334624, 
            "Scotch-Irish" : 0.010860179999999999, 
            "European" : 0.00963023, 
            "Swedish" : 0.005704860000000001, 
            "Mexican" : 0.89710611, 
            "Central American" : 0.04381, 
            "Other Hispanic" : 0.03590568, 
            "Spaniard" : 0.0017499999999999998, 
            "Honduran" : 0.03590568, 
            "Puerto Rican" : 0.0017499999999999998, 
            "Panamanian" : 0.02518757, 
            "South American" : 0.00123, 
            "Salvadoran" : 0.0187567, 
            "Indian" : 0.29661017, 
            "Vietnamese" : 0.0027500000000000003, 
            "Chinese" : 0.27683616, 
            "Filipino" : 0.00256, 
            "Nepalese" : 0.16101695, 
            "Japanese" : 0.00149
        }, 
        "employment_status" : {
            "Armed Forces" : 3.332e-05, 
            "Employed" : 0.58194782, 
            "Unemployed" : 0.03735048, 
            "Other" : 0.38066838
        }, 
        "industries" : {
            "Healthcare" : 0.1663804, 
            "Retail" : 0.11656933, 
            "Education" : 0.115367, 
            "Government" : 0.09315241, 
            "Manufacturing" : 0.07517462, 
            "Construction" : 0.060746589999999996, 
            "Hospitality" : 0.05164319, 
            "Other Services" : 0.049524790000000006, 
            "Finance & Insurance" : 0.046204049999999997, 
            "Oil & Gas, and Mining" : 0.0399061, 
            "Professional" : 0.0384175, 
            "Administrative" : 0.0273102, 
            "Transportation" : 0.02404672, 
            "Wholesalers" : 0.02147029, 
            "Entertainment" : 0.02106951, 
            "Real estate" : 0.01545861, 
            "Agriculture" : 0.01431352, 
            "Information" : 0.01230963, 
            "Utilities" : 0.010706519999999999, 
            "Management" : 0.00022902
        }, 
        "educational_attainment" : {
            "Doctorate" : 0.01118978, 
            "Professional" : 0.0090332, 
            "Master's" : 0.08003743, 
            "Bachelor's" : 0.16951497, 
            "Associate's" : 0.04939779, 
            "Some College" : 0.22648112, 
            "High School" : 0.33931478, 
            "Some H.S." : 0.08435059, 
            "Less than H.S." : 0.023640949999999997, 
            "None" : 0.0070393899999999995
        }
    }
}