{
    "name" : "Roger Mills County", 
	"state" : "Oklahoma", 
	"FIPS" : "40129",
    "population" : 3732, 
    "demographics" : {
        "race_and_ethnicity" : {
            "White" : 0.8496784599999999, 
            "Hispanic" : 0.06484459000000001, 
            "Black" : 0.00107181, 
            "Asian" : 0.00026795, 
            "Mixed" : 0.06859593, 
            "Other" : 0.01554126
        }, 
        "age_and_sex" : {
            "85+" : 0.02733, 
            "80-84" : 0.02036, 
            "75-79" : 0.03698, 
            "70-74" : 0.04743, 
            "67-69" : 0.029740000000000003, 
            "65-66" : 0.02197, 
            "62-64" : 0.03349, 
            "60-61" : 0.02251, 
            "55-59" : 0.07985, 
            "50-54" : 0.07153999999999999, 
            "45-49" : 0.05332, 
            "40-44" : 0.058410000000000004, 
            "35-39" : 0.04662, 
            "30-34" : 0.06994, 
            "25-29" : 0.04796, 
            "22-24" : 0.03215, 
            "21" : 0.0072299999999999994, 
            "20" : 0.00991, 
            "18-19" : 0.024380000000000002, 
            "15-17" : 0.042069999999999996, 
            "10-14" : 0.07422, 
            "5-9" : 0.08253, 
            "0-4" : 0.06002
        }, 
        "household_types" : {
            "Married" : 0.52945619, 
            "Single Female" : 0.10196374999999999, 
            "Single Male" : 0.01208459, 
            "One-Person" : 0.29531722, 
            "Other Non-Family" : 0.061178249999999997
        }, 
        "marital_status" : {
            "Never Married" : {
                "female" : 0.22736419000000002, 
                "male" : 0.3023743
            }, 
            "Now Married" : {
                "female" : 0.481556, 
                "male" : 0.4853352
            }, 
            "Separated" : {
                "female" : 0.01609658, 
                "male" : 0.00907821
            }, 
            "Absent Spouse" : {
                "female" : 0.039570759999999996, 
                "male" : 0.026536309999999997
            }, 
            "Widowed" : {
                "female" : 0.09859155, 
                "male" : 0.02374302
            }, 
            "Divorced" : {
                "female" : 0.13682093, 
                "male" : 0.15293296
            }
        }, 
        "ancestry" : {
            "Unclassified" : 0.37379421, 
            "Irish" : 0.21516612999999998, 
            "German" : 0.17765273, 
            "English" : 0.14764201999999998, 
            "Other" : 0.11709539, 
            "American" : 0.06484459000000001, 
            "French" : 0.02491961, 
            "Swedish" : 0.02063237, 
            "Dutch" : 0.02009646, 
            "Norwegian" : 0.01554126, 
            "Scottish" : 0.01446945, 
            "Scotch-Irish" : 0.01232583, 
            "Welsh" : 0.01045016, 
            "European" : 0.01018221, 
            "Mexican" : 1.0, 
            "Thai" : 1.0
        }, 
        "employment_status" : {
            "Armed Forces" : 0.0, 
            "Employed" : 0.60968761, 
            "Unemployed" : 0.00912601, 
            "Other" : 0.38118638
        }, 
        "industries" : {
            "Oil & Gas, and Mining" : 0.20034542, 
            "Agriculture" : 0.14738054, 
            "Retail" : 0.14219919, 
            "Education" : 0.11456534, 
            "Construction" : 0.06505469, 
            "Healthcare" : 0.061024760000000004, 
            "Other Services" : 0.04893495, 
            "Government" : 0.046056419999999994, 
            "Transportation" : 0.02993667, 
            "Information" : 0.02360391, 
            "Hospitality" : 0.02360391, 
            "Manufacturing" : 0.02072539, 
            "Professional" : 0.01496834, 
            "Administrative" : 0.01439263, 
            "Utilities" : 0.01381693, 
            "Finance & Insurance" : 0.012089810000000001, 
            "Wholesalers" : 0.009211279999999999, 
            "Entertainment" : 0.00863558, 
            "Real estate" : 0.00345423, 
            "Management" : 0.0
        }, 
        "educational_attainment" : {
            "Doctorate" : 0.00200723, 
            "Professional" : 0.00481734, 
            "Master's" : 0.054997990000000004, 
            "Bachelor's" : 0.14973906, 
            "Associate's" : 0.06503412, 
            "Some College" : 0.25772782, 
            "High School" : 0.3845845, 
            "Some H.S." : 0.06382979, 
            "Less than H.S." : 0.01445203, 
            "None" : 0.0028101199999999997
        }
    }
}