{
    "name" : "Woodward County", 
	"state" : "Oklahoma", 
	"FIPS" : "40153",
    "population" : 21111, 
    "demographics" : {
        "race_and_ethnicity" : {
            "White" : 0.8101463699999999, 
            "Hispanic" : 0.11884798999999999, 
            "Black" : 0.00715267, 
            "Asian" : 0.00127895, 
            "Mixed" : 0.05087395, 
            "Other" : 0.011700060000000002
        }, 
        "age_and_sex" : {
            "85+" : 0.01468, 
            "80-84" : 0.01705, 
            "75-79" : 0.03008, 
            "70-74" : 0.03553, 
            "67-69" : 0.02563, 
            "65-66" : 0.01568, 
            "62-64" : 0.02842, 
            "60-61" : 0.023639999999999998, 
            "55-59" : 0.06584, 
            "50-54" : 0.07232999999999999, 
            "45-49" : 0.06291000000000001, 
            "40-44" : 0.05878, 
            "35-39" : 0.06665, 
            "30-34" : 0.06494, 
            "25-29" : 0.07266, 
            "22-24" : 0.04249, 
            "21" : 0.010280000000000001, 
            "20" : 0.0072, 
            "18-19" : 0.03306, 
            "15-17" : 0.03505, 
            "10-14" : 0.06561, 
            "5-9" : 0.08029, 
            "0-4" : 0.0712
        }, 
        "household_types" : {
            "Married" : 0.56978496, 
            "Single Female" : 0.11121764, 
            "Single Male" : 0.01890152, 
            "One-Person" : 0.24667853999999997, 
            "Other Non-Family" : 0.05341734
        }, 
        "marital_status" : {
            "Never Married" : {
                "female" : 0.17739833000000002, 
                "male" : 0.30950768
            }, 
            "Now Married" : {
                "female" : 0.54809698, 
                "male" : 0.4803523
            }, 
            "Separated" : {
                "female" : 0.0144682, 
                "male" : 0.01659892
            }, 
            "Absent Spouse" : {
                "female" : 0.028675700000000002, 
                "male" : 0.02563234
            }, 
            "Widowed" : {
                "female" : 0.10114703, 
                "male" : 0.02371274
            }, 
            "Divorced" : {
                "female" : 0.13021376, 
                "male" : 0.14419603
            }
        }, 
        "ancestry" : {
            "Other" : 0.25114869, 
            "Unclassified" : 0.24726446, 
            "American" : 0.24219601000000002, 
            "German" : 0.15683766999999998, 
            "Irish" : 0.09544786999999999, 
            "English" : 0.07460566, 
            "Dutch" : 0.02363697, 
            "French" : 0.015915870000000002, 
            "Scottish" : 0.015252710000000001, 
            "Scotch-Irish" : 0.01188954, 
            "Swedish" : 0.00810004, 
            "Italian" : 0.00582635, 
            "Canadian" : 0.00540003, 
            "Mexican" : 0.88162615, 
            "Central American" : 0.10478, 
            "Guatemalan" : 0.08051016000000001, 
            "Salvadoran" : 0.00957, 
            "South American" : 0.05181347, 
            "Venezuelan" : 0.00616, 
            "Other Hispanic" : 0.02072539, 
            "Honduran" : 0.00246, 
            "Korean" : 0.5555555600000001, 
            "Thai" : 0.0007099999999999999, 
            "Filipino" : 0.25925926
        }, 
        "employment_status" : {
            "Armed Forces" : 0.0004911, 
            "Employed" : 0.58360958, 
            "Unemployed" : 0.026212399999999997, 
            "Other" : 0.38968692
        }, 
        "industries" : {
            "Oil & Gas, and Mining" : 0.15346587, 
            "Retail" : 0.12811612, 
            "Healthcare" : 0.11139161, 
            "Construction" : 0.0777322, 
            "Hospitality" : 0.07121069000000001, 
            "Transportation" : 0.06710845, 
            "Other Services" : 0.06574103, 
            "Education" : 0.061743980000000004, 
            "Manufacturing" : 0.05069948, 
            "Government" : 0.03954981, 
            "Finance & Insurance" : 0.03124014, 
            "Agriculture" : 0.03092458, 
            "Wholesalers" : 0.02471863, 
            "Professional" : 0.01945935, 
            "Utilities" : 0.01893342, 
            "Information" : 0.01640896, 
            "Real estate" : 0.011780790000000001, 
            "Administrative" : 0.010623750000000001, 
            "Entertainment" : 0.00915115, 
            "Management" : 0.0
        }, 
        "educational_attainment" : {
            "Doctorate" : 0.00318287, 
            "Professional" : 0.007884839999999999, 
            "Master's" : 0.05613426, 
            "Bachelor's" : 0.14149306, 
            "Associate's" : 0.042534720000000005, 
            "Some College" : 0.24081308, 
            "High School" : 0.3822338, 
            "Some H.S." : 0.09100116, 
            "Less than H.S." : 0.0270544, 
            "None" : 0.00766782
        }
    }
}