{
    "name" : "Alfalfa County", 
	"state" : "Oklahoma", 
	"FIPS" : "40003",
    "population" : 5784, 
    "demographics" : {
        "race_and_ethnicity" : {
            "White" : 0.7477524200000001, 
            "Hispanic" : 0.049965419999999997, 
            "Black" : 0.02161134, 
            "Asian" : 0.0, 
            "Mixed" : 0.16787690000000002, 
            "Other" : 0.012793909999999999
        }, 
        "age_and_sex" : {
            "85+" : 0.0242, 
            "80-84" : 0.02282, 
            "75-79" : 0.03838, 
            "70-74" : 0.04478, 
            "67-69" : 0.034230000000000003, 
            "65-66" : 0.02023, 
            "62-64" : 0.03734, 
            "60-61" : 0.030600000000000002, 
            "55-59" : 0.07452, 
            "50-54" : 0.08524, 
            "45-49" : 0.07503, 
            "40-44" : 0.07503, 
            "35-39" : 0.07175, 
            "30-34" : 0.05273, 
            "25-29" : 0.05411, 
            "22-24" : 0.030430000000000002, 
            "21" : 0.0083, 
            "20" : 0.0083, 
            "18-19" : 0.01694, 
            "15-17" : 0.03164, 
            "10-14" : 0.05325, 
            "5-9" : 0.054290000000000005, 
            "0-4" : 0.055839999999999994
        }, 
        "household_types" : {
            "Married" : 0.54191321, 
            "Single Female" : 0.0739645, 
            "Single Male" : 0.055226819999999996, 
            "One-Person" : 0.27909269999999997, 
            "Other Non-Family" : 0.04980276
        }, 
        "marital_status" : {
            "Never Married" : {
                "female" : 0.14828694, 
                "male" : 0.25546954
            }, 
            "Now Married" : {
                "female" : 0.58297645, 
                "male" : 0.3833726
            }, 
            "Separated" : {
                "female" : 0.0117773, 
                "male" : 0.0259172
            }, 
            "Absent Spouse" : {
                "female" : 0.01231263, 
                "male" : 0.07270279
            }, 
            "Widowed" : {
                "female" : 0.14239829, 
                "male" : 0.03433187
            }, 
            "Divorced" : {
                "female" : 0.10224839, 
                "male" : 0.22820599000000003
            }
        }, 
        "employment_status" : {
            "Armed Forces" : 0.0, 
            "Employed" : 0.4648005, 
            "Unemployed" : 0.020263209999999997, 
            "Other" : 0.51493629
        }, 
        "industries" : {
            "Agriculture" : 0.16494382000000002, 
            "Oil & Gas, and Mining" : 0.13348315, 
            "Government" : 0.08764045, 
            "Retail" : 0.08224719, 
            "Construction" : 0.07505618, 
            "Healthcare" : 0.07101124, 
            "Education" : 0.060224719999999995, 
            "Hospitality" : 0.0458427, 
            "Other Services" : 0.0458427, 
            "Transportation" : 0.03640449, 
            "Wholesalers" : 0.03595506, 
            "Professional" : 0.032808989999999996, 
            "Utilities" : 0.029662920000000002, 
            "Finance & Insurance" : 0.02382022, 
            "Manufacturing" : 0.022471909999999998, 
            "Real estate" : 0.01977528, 
            "Entertainment" : 0.01258427, 
            "Administrative" : 0.010786519999999999, 
            "Information" : 0.0094382, 
            "Management" : 0.0
        }, 
        "educational_attainment" : {
            "Doctorate" : 0.00536631, 
            "Professional" : 0.00233318, 
            "Master's" : 0.049696689999999995, 
            "Bachelor's" : 0.15165656, 
            "Associate's" : 0.056229579999999994, 
            "Some College" : 0.21955203, 
            "High School" : 0.40060662999999996, 
            "Some H.S." : 0.08026132000000001, 
            "Less than H.S." : 0.02846477, 
            "None" : 0.00583294
        }
    }
}