{
    "name" : "Bryan County", 
	"state" : "Oklahoma", 
	"FIPS" : "40013",
    "population" : 44529, 
    "demographics" : {
        "race_and_ethnicity" : {
            "White" : 0.7233937400000001, 
            "Hispanic" : 0.05470592, 
            "Black" : 0.018886570000000002, 
            "Asian" : 0.00527746, 
            "Mixed" : 0.042489160000000005, 
            "Other" : 0.15524714
        }, 
        "age_and_sex" : {
            "85+" : 0.01754, 
            "80-84" : 0.02176, 
            "75-79" : 0.03068, 
            "70-74" : 0.04125, 
            "67-69" : 0.03519, 
            "65-66" : 0.02252, 
            "62-64" : 0.03458, 
            "60-61" : 0.02459, 
            "55-59" : 0.06117, 
            "50-54" : 0.06301999999999999, 
            "45-49" : 0.060899999999999996, 
            "40-44" : 0.06171, 
            "35-39" : 0.05239, 
            "30-34" : 0.06248, 
            "25-29" : 0.07242, 
            "22-24" : 0.03867, 
            "21" : 0.01846, 
            "20" : 0.01929, 
            "18-19" : 0.02713, 
            "15-17" : 0.03928, 
            "10-14" : 0.06558, 
            "5-9" : 0.06362, 
            "0-4" : 0.06575
        }, 
        "household_types" : {
            "Married" : 0.4751999, 
            "Single Female" : 0.12114471, 
            "Single Male" : 0.04370829, 
            "One-Person" : 0.30397403, 
            "Other Non-Family" : 0.05597307
        }, 
        "marital_status" : {
            "Never Married" : {
                "female" : 0.22538022000000002, 
                "male" : 0.29845140000000003
            }, 
            "Now Married" : {
                "female" : 0.45351095, 
                "male" : 0.46689010000000003
            }, 
            "Separated" : {
                "female" : 0.02470068, 
                "male" : 0.02814053
            }, 
            "Absent Spouse" : {
                "female" : 0.02955452, 
                "male" : 0.02669594
            }, 
            "Widowed" : {
                "female" : 0.11320245999999999, 
                "male" : 0.03495897
            }, 
            "Divorced" : {
                "female" : 0.15365117, 
                "male" : 0.14486305
            }
        }, 
        "ancestry" : {
            "Other" : 0.4099351, 
            "Unclassified" : 0.26946484000000004, 
            "Irish" : 0.10422421, 
            "German" : 0.09452267, 
            "American" : 0.08592153, 
            "English" : 0.07790429, 
            "Dutch" : 0.01412563, 
            "French" : 0.014080710000000001, 
            "Italian" : 0.01028543, 
            "Scotch-Irish" : 0.00873588, 
            "Scottish" : 0.00839902, 
            "West Indian" : 0.00821936, 
            "Dutch West Indian" : 0.00821936, 
            "European" : 0.0056816900000000005, 
            "Mexican" : 0.76035743, 
            "Other Hispanic" : 0.042039999999999994, 
            "Spanish" : 0.16043866999999998, 
            "Spaniard" : 0.00887, 
            "Central American" : 0.07717303, 
            "Puerto Rican" : 0.0042699999999999995, 
            "Salvadoran" : 0.06295695, 
            "Guatemalan" : 0.0034799999999999996, 
            "Honduran" : 0.043054430000000005, 
            "South American" : 0.0023799999999999997, 
            "Colombian" : 0.02843217, 
            "Chinese" : 0.35744681, 
            "Vietnamese" : 0.00189, 
            "Filipino" : 0.26808511, 
            "Cambodian" : 0.0014099999999999998, 
            "Not Specified" : 0.12765957, 
            "Laotian" : 0.00067, 
            "Pakistani" : 0.06808511, 
            "Thai" : 0.00035999999999999997, 
            "Korean" : 0.06382979
        }, 
        "employment_status" : {
            "Armed Forces" : 0.00028368, 
            "Employed" : 0.52066608, 
            "Unemployed" : 0.04062296, 
            "Other" : 0.43842728000000003
        }, 
        "industries" : {
            "Healthcare" : 0.12318841000000001, 
            "Retail" : 0.11643239, 
            "Manufacturing" : 0.10847772000000001, 
            "Education" : 0.1071701, 
            "Hospitality" : 0.07845701, 
            "Government" : 0.07600523, 
            "Construction" : 0.06320147999999999, 
            "Entertainment" : 0.05132396, 
            "Finance & Insurance" : 0.04565762, 
            "Other Services" : 0.044949329999999996, 
            "Transportation" : 0.03764847, 
            "Administrative" : 0.0358505, 
            "Wholesalers" : 0.025934400000000003, 
            "Professional" : 0.02380952, 
            "Agriculture" : 0.01738041, 
            "Information" : 0.01574589, 
            "Oil & Gas, and Mining" : 0.011441650000000001, 
            "Utilities" : 0.009916089999999999, 
            "Real estate" : 0.007409829999999999, 
            "Management" : 0.0
        }, 
        "educational_attainment" : {
            "Doctorate" : 0.00786761, 
            "Professional" : 0.008071080000000001, 
            "Master's" : 0.06239826, 
            "Bachelor's" : 0.14243081999999999, 
            "Associate's" : 0.05029164, 
            "Some College" : 0.24789745, 
            "High School" : 0.34159658, 
            "Some H.S." : 0.09739555, 
            "Less than H.S." : 0.03340342, 
            "None" : 0.00864759
        }
    }
}