{
    "name" : "Mccurtain County", 
	"state" : "Oklahoma", 
	"FIPS" : "40089",
    "population" : 33071, 
    "demographics" : {
        "race_and_ethnicity" : {
            "White" : 0.63442291, 
            "Hispanic" : 0.054942399999999995, 
            "Black" : 0.08191467, 
            "Asian" : 0.00517069, 
            "Mixed" : 0.08663179, 
            "Other" : 0.13691754
        }, 
        "age_and_sex" : {
            "85+" : 0.01433, 
            "80-84" : 0.0215, 
            "75-79" : 0.03505, 
            "70-74" : 0.03982, 
            "67-69" : 0.02957, 
            "65-66" : 0.02791, 
            "62-64" : 0.03465, 
            "60-61" : 0.02643, 
            "55-59" : 0.06924000000000001, 
            "50-54" : 0.06828000000000001, 
            "45-49" : 0.0632, 
            "40-44" : 0.05915, 
            "35-39" : 0.055970000000000006, 
            "30-34" : 0.05806, 
            "25-29" : 0.05394, 
            "22-24" : 0.03786, 
            "21" : 0.0121, 
            "20" : 0.01397, 
            "18-19" : 0.02368, 
            "15-17" : 0.04397, 
            "10-14" : 0.0736, 
            "5-9" : 0.06692000000000001, 
            "0-4" : 0.07082
        }, 
        "household_types" : {
            "Married" : 0.47930317, 
            "Single Female" : 0.15100594, 
            "Single Male" : 0.06945194, 
            "One-Person" : 0.2661682, 
            "Other Non-Family" : 0.03407076
        }, 
        "marital_status" : {
            "Never Married" : {
                "female" : 0.23122765, 
                "male" : 0.27903302
            }, 
            "Now Married" : {
                "female" : 0.45999702, 
                "male" : 0.5069521300000001
            }, 
            "Separated" : {
                "female" : 0.02517878, 
                "male" : 0.02164639
            }, 
            "Absent Spouse" : {
                "female" : 0.029722879999999997, 
                "male" : 0.0219624
            }, 
            "Widowed" : {
                "female" : 0.12060489, 
                "male" : 0.04763786
            }, 
            "Divorced" : {
                "female" : 0.13326877, 
                "male" : 0.12276821
            }
        }, 
        "ancestry" : {
            "Other" : 0.62544223, 
            "Unclassified" : 0.13440779, 
            "English" : 0.09410057, 
            "Irish" : 0.09379818999999999, 
            "German" : 0.04959028, 
            "American" : 0.04281697, 
            "French" : 0.01025067, 
            "Dutch" : 0.00855735, 
            "Scottish" : 0.00798282, 
            "West Indian" : 0.00535212, 
            "Dutch West Indian" : 0.00535212, 
            "Mexican" : 0.88816148, 
            "Puerto Rican" : 0.04923, 
            "Other Hispanic" : 0.05455537, 
            "Central American" : 0.00302, 
            "Panamanian" : 0.03600655, 
            "Filipino" : 0.48538012, 
            "Vietnamese" : 0.00251, 
            "Indian" : 0.32748538000000005, 
            "Laotian" : 0.00169
        }, 
        "employment_status" : {
            "Armed Forces" : 0.0, 
            "Employed" : 0.48549762, 
            "Unemployed" : 0.03416465, 
            "Other" : 0.48033774
        }, 
        "industries" : {
            "Manufacturing" : 0.18268921, 
            "Healthcare" : 0.14315619999999998, 
            "Retail" : 0.11771337000000001, 
            "Education" : 0.08470209000000001, 
            "Construction" : 0.07753623, 
            "Other Services" : 0.053140099999999996, 
            "Agriculture" : 0.04742351, 
            "Transportation" : 0.04251208, 
            "Hospitality" : 0.04235105, 
            "Government" : 0.03913043, 
            "Administrative" : 0.027536230000000002, 
            "Entertainment" : 0.027455720000000003, 
            "Wholesalers" : 0.02391304, 
            "Finance & Insurance" : 0.02302738, 
            "Professional" : 0.015861510000000002, 
            "Information" : 0.01417069, 
            "Oil & Gas, and Mining" : 0.01280193, 
            "Real estate" : 0.012479869999999999, 
            "Utilities" : 0.01183575, 
            "Management" : 0.00056361
        }, 
        "educational_attainment" : {
            "Doctorate" : 0.0026690000000000004, 
            "Professional" : 0.00579817, 
            "Master's" : 0.03161382, 
            "Bachelor's" : 0.09751047, 
            "Associate's" : 0.06483825, 
            "Some College" : 0.19580323, 
            "High School" : 0.41779025, 
            "Some H.S." : 0.12562698, 
            "Less than H.S." : 0.05158529, 
            "None" : 0.0067645299999999995
        }
    }
}