{
    "name" : "Okfuskee County", 
	"state" : "Oklahoma", 
	"FIPS" : "40107",
    "population" : 12212, 
    "demographics" : {
        "race_and_ethnicity" : {
            "White" : 0.61849001, 
            "Hispanic" : 0.03701277, 
            "Black" : 0.08000328, 
            "Asian" : 0.00180151, 
            "Mixed" : 0.12626924, 
            "Other" : 0.13642319
        }, 
        "age_and_sex" : {
            "85+" : 0.01539, 
            "80-84" : 0.02399, 
            "75-79" : 0.02989, 
            "70-74" : 0.04766, 
            "67-69" : 0.03595, 
            "65-66" : 0.01679, 
            "62-64" : 0.02661, 
            "60-61" : 0.02915, 
            "55-59" : 0.06747, 
            "50-54" : 0.07222, 
            "45-49" : 0.06543, 
            "40-44" : 0.0669, 
            "35-39" : 0.0592, 
            "30-34" : 0.06559, 
            "25-29" : 0.05495, 
            "22-24" : 0.0425, 
            "21" : 0.00999, 
            "20" : 0.0104, 
            "18-19" : 0.02334, 
            "15-17" : 0.042089999999999995, 
            "10-14" : 0.060759999999999995, 
            "5-9" : 0.07059, 
            "0-4" : 0.06312999999999999
        }, 
        "household_types" : {
            "Married" : 0.51199798, 
            "Single Female" : 0.12225309, 
            "Single Male" : 0.05607477, 
            "One-Person" : 0.27582723000000003, 
            "Other Non-Family" : 0.03384693
        }, 
        "marital_status" : {
            "Never Married" : {
                "female" : 0.20784659000000003, 
                "male" : 0.35735849000000003
            }, 
            "Now Married" : {
                "female" : 0.46131805, 
                "male" : 0.39716980999999996
            }, 
            "Separated" : {
                "female" : 0.02689002, 
                "male" : 0.02075472
            }, 
            "Absent Spouse" : {
                "female" : 0.04386158, 
                "male" : 0.04245283
            }, 
            "Widowed" : {
                "female" : 0.12916024, 
                "male" : 0.043396229999999994
            }, 
            "Divorced" : {
                "female" : 0.13092352, 
                "male" : 0.13886792
            }
        }, 
        "ancestry" : {
            "Other" : 0.38830658, 
            "American" : 0.30224369, 
            "Unclassified" : 0.15861448, 
            "Irish" : 0.07852932, 
            "German" : 0.07689158, 
            "English" : 0.053226329999999995, 
            "Dutch" : 0.019652799999999998, 
            "French" : 0.01359319, 
            "Scottish" : 0.01236489, 
            "Scotch-Irish" : 0.0074516899999999995, 
            "Italian" : 0.00589584, 
            "West Indian" : 0.00524075, 
            "Mexican" : 0.69017094, 
            "Other Hispanic" : 0.02645, 
            "Spaniard" : 0.15811966, 
            "Puerto Rican" : 0.006059999999999999, 
            "South American" : 0.12179487, 
            "Colombian" : 0.0046700000000000005, 
            "Central American" : 0.10897436, 
            "Salvadoran" : 0.00418, 
            "Venezuelan" : 0.027777780000000002, 
            "Indian" : 0.40909091, 
            "Japanese" : 0.00074, 
            "Korean" : 0.40909091
        }, 
        "employment_status" : {
            "Armed Forces" : 0.00010343, 
            "Employed" : 0.40618535, 
            "Unemployed" : 0.04706247, 
            "Other" : 0.54664874
        }, 
        "industries" : {
            "Healthcare" : 0.16246499, 
            "Retail" : 0.10618793, 
            "Government" : 0.09982175, 
            "Construction" : 0.09574738999999999, 
            "Manufacturing" : 0.08301502, 
            "Education" : 0.08046855000000001, 
            "Oil & Gas, and Mining" : 0.05347594, 
            "Other Services" : 0.04609116, 
            "Transportation" : 0.0425261, 
            "Hospitality" : 0.04074357, 
            "Entertainment" : 0.038197100000000005, 
            "Professional" : 0.0285205, 
            "Agriculture" : 0.02775656, 
            "Utilities" : 0.02419149, 
            "Administrative" : 0.022154319999999998, 
            "Wholesalers" : 0.01731602, 
            "Finance & Insurance" : 0.014769540000000001, 
            "Real estate" : 0.00993125, 
            "Information" : 0.0061115399999999995, 
            "Management" : 0.00050929
        }, 
        "educational_attainment" : {
            "Doctorate" : 0.00302297, 
            "Professional" : 0.00399033, 
            "Master's" : 0.03422007, 
            "Bachelor's" : 0.08004837000000001, 
            "Associate's" : 0.07762999, 
            "Some College" : 0.21559855, 
            "High School" : 0.3764208, 
            "Some H.S." : 0.15259976, 
            "Less than H.S." : 0.047763, 
            "None" : 0.00870617
        }
    }
}