{
    "name" : "Charlotte County", 
	"state" : "Florida", 
	"FIPS" : "12015",
    "population" : 169642, 
    "demographics" : {
        "race_and_ethnicity" : {
            "White" : 0.84643543, 
            "Hispanic" : 0.06401717, 
            "Black" : 0.057462189999999996, 
            "Asian" : 0.01157143, 
            "Mixed" : 0.01714198, 
            "Other" : 0.0033718100000000003
        }, 
        "age_and_sex" : {
            "85+" : 0.05087, 
            "80-84" : 0.05011, 
            "75-79" : 0.07211000000000001, 
            "70-74" : 0.09367, 
            "67-69" : 0.06271, 
            "65-66" : 0.04676, 
            "62-64" : 0.05159, 
            "60-61" : 0.0354, 
            "55-59" : 0.08058, 
            "50-54" : 0.06573000000000001, 
            "45-49" : 0.05328, 
            "40-44" : 0.0416, 
            "35-39" : 0.037290000000000004, 
            "30-34" : 0.034409999999999996, 
            "25-29" : 0.03648, 
            "22-24" : 0.0212, 
            "21" : 0.011430000000000001, 
            "20" : 0.00908, 
            "18-19" : 0.01485, 
            "15-17" : 0.02529, 
            "10-14" : 0.04069, 
            "5-9" : 0.03293, 
            "0-4" : 0.03193
        }, 
        "household_types" : {
            "Married" : 0.53560076, 
            "Single Female" : 0.07712247, 
            "Single Male" : 0.03156933, 
            "One-Person" : 0.2975484, 
            "Other Non-Family" : 0.05815905
        }, 
        "marital_status" : {
            "Never Married" : {
                "female" : 0.15961602, 
                "male" : 0.23180468
            }, 
            "Now Married" : {
                "female" : 0.50395721, 
                "male" : 0.55532848
            }, 
            "Separated" : {
                "female" : 0.015113989999999999, 
                "male" : 0.01549089
            }, 
            "Absent Spouse" : {
                "female" : 0.02313054, 
                "male" : 0.026185999999999997
            }, 
            "Widowed" : {
                "female" : 0.15393551, 
                "male" : 0.05317584
            }, 
            "Divorced" : {
                "female" : 0.14424673, 
                "male" : 0.11801411
            }
        }, 
        "ancestry" : {
            "American" : 0.17246319, 
            "German" : 0.1668219, 
            "Other" : 0.14619611000000002, 
            "Unclassified" : 0.13962934000000002, 
            "Irish" : 0.13488993999999999, 
            "English" : 0.11527216, 
            "Italian" : 0.08591033, 
            "Polish" : 0.04000778000000001, 
            "French" : 0.03894672, 
            "West Indian" : 0.027894040000000002, 
            "Scottish" : 0.023272539999999998, 
            "Dutch" : 0.017289350000000002, 
            "Swedish" : 0.01310407, 
            "Jamaican" : 0.012986169999999998, 
            "French Canadian" : 0.01252048, 
            "Norwegian" : 0.01169522, 
            "European" : 0.01095248, 
            "Scotch-Irish" : 0.010887629999999999, 
            "Hungarian" : 0.0085592, 
            "Russian" : 0.00786362, 
            "Puerto Rican" : 0.28201938, 
            "Mexican" : 0.0187, 
            "Cuban" : 0.19571594, 
            "Central American" : 0.01298, 
            "South American" : 0.18425028999999998, 
            "Other Hispanic" : 0.01222, 
            "Colombian" : 0.12354457, 
            "Dominican" : 0.00819, 
            "Peruvian" : 0.12114478999999999, 
            "Nicaraguan" : 0.00803, 
            "Costa Rican" : 0.05172874, 
            "Guatemalan" : 0.0034300000000000003, 
            "Salvadoran" : 0.04648475999999999, 
            "Ecuadorian" : 0.00308, 
            "Panamanian" : 0.0415963, 
            "Spaniard" : 0.0027600000000000003, 
            "Venezuelan" : 0.03155275, 
            "Indian" : 0.22771268, 
            "Chinese" : 0.00263, 
            "Vietnamese" : 0.20071318999999999, 
            "Filipino" : 0.00232, 
            "Thai" : 0.19510953, 
            "Japanese" : 0.00226, 
            "Korean" : 0.15028017999999999, 
            "Laotian" : 0.0017399999999999998, 
            "Not Specified" : 0.09169638000000001, 
            "Mixed" : 0.00106
        }, 
        "employment_status" : {
            "Armed Forces" : 0.00027984, 
            "Employed" : 0.38173859, 
            "Unemployed" : 0.04283516, 
            "Other" : 0.57514642
        }, 
        "industries" : {
            "Retail" : 0.17638845, 
            "Healthcare" : 0.14758963, 
            "Hospitality" : 0.0924006, 
            "Construction" : 0.0903585, 
            "Education" : 0.06571368999999999, 
            "Administrative" : 0.06318288, 
            "Other Services" : 0.05768492, 
            "Professional" : 0.05262331, 
            "Government" : 0.04078961, 
            "Manufacturing" : 0.03982965, 
            "Finance & Insurance" : 0.03396516, 
            "Transportation" : 0.0314169, 
            "Real estate" : 0.031085280000000003, 
            "Entertainment" : 0.02405138, 
            "Wholesalers" : 0.018867599999999998, 
            "Information" : 0.0182218, 
            "Utilities" : 0.00940762, 
            "Agriculture" : 0.00534087, 
            "Oil & Gas, and Mining" : 0.0008377800000000001, 
            "Management" : 0.00024435
        }, 
        "educational_attainment" : {
            "Doctorate" : 0.00713819, 
            "Professional" : 0.014646349999999999, 
            "Master's" : 0.05968081, 
            "Bachelor's" : 0.13457381, 
            "Associate's" : 0.09163584, 
            "Some College" : 0.24430903, 
            "High School" : 0.34222706, 
            "Some H.S." : 0.07552412, 
            "Less than H.S." : 0.021204209999999998, 
            "None" : 0.00906057
        }
    }
}