{
    "name" : "Escambia County", 
	"state" : "Florida", 
	"FIPS" : "12033",
    "population" : 309574, 
    "demographics" : {
        "race_and_ethnicity" : {
            "White" : 0.65219624, 
            "Hispanic" : 0.051186470000000005, 
            "Black" : 0.21749243, 
            "Asian" : 0.02916912, 
            "Mixed" : 0.04426082, 
            "Other" : 0.00569492
        }, 
        "age_and_sex" : {
            "85+" : 0.01905, 
            "80-84" : 0.01873, 
            "75-79" : 0.02989, 
            "70-74" : 0.039529999999999996, 
            "67-69" : 0.029449999999999997, 
            "65-66" : 0.021099999999999997, 
            "62-64" : 0.036610000000000004, 
            "60-61" : 0.02314, 
            "55-59" : 0.06999, 
            "50-54" : 0.06858, 
            "45-49" : 0.05942, 
            "40-44" : 0.05515, 
            "35-39" : 0.05266, 
            "30-34" : 0.06306, 
            "25-29" : 0.07565000000000001, 
            "22-24" : 0.05037, 
            "21" : 0.02008, 
            "20" : 0.01906, 
            "18-19" : 0.03899, 
            "15-17" : 0.03401, 
            "10-14" : 0.059059999999999994, 
            "5-9" : 0.05586, 
            "0-4" : 0.060570000000000006
        }, 
        "household_types" : {
            "Married" : 0.41261726000000004, 
            "Single Female" : 0.13022486, 
            "Single Male" : 0.05143813, 
            "One-Person" : 0.32826942000000003, 
            "Other Non-Family" : 0.07745034
        }, 
        "marital_status" : {
            "Never Married" : {
                "female" : 0.31023742, 
                "male" : 0.38907203
            }, 
            "Now Married" : {
                "female" : 0.37210203, 
                "male" : 0.39510261999999996
            }, 
            "Separated" : {
                "female" : 0.02490392, 
                "male" : 0.02024725
            }, 
            "Absent Spouse" : {
                "female" : 0.022215159999999998, 
                "male" : 0.027474440000000003
            }, 
            "Widowed" : {
                "female" : 0.11104482, 
                "male" : 0.04068468
            }, 
            "Divorced" : {
                "female" : 0.15949665, 
                "male" : 0.12741897
            }
        }, 
        "ancestry" : {
            "Other" : 0.35803717, 
            "Unclassified" : 0.18185959000000002, 
            "American" : 0.11803962999999999, 
            "English" : 0.11260959, 
            "German" : 0.10933089000000001, 
            "Irish" : 0.09066653000000001, 
            "Italian" : 0.04266508, 
            "European" : 0.02910451, 
            "French" : 0.02627482, 
            "Scottish" : 0.01890986, 
            "Polish" : 0.014878510000000001, 
            "Scotch-Irish" : 0.01481068, 
            "Norwegian" : 0.009257880000000001, 
            "Dutch" : 0.008993, 
            "Swedish" : 0.00618592, 
            "British" : 0.006173, 
            "West Indian" : 0.00584028, 
            "French Canadian" : 0.00548496, 
            "Canadian" : 0.005391280000000001, 
            "Mexican" : 0.43329738, 
            "Puerto Rican" : 0.02335, 
            "Other Hispanic" : 0.20304447, 
            "Central American" : 0.01094, 
            "South American" : 0.13220664, 
            "Spaniard" : 0.00713, 
            "Cuban" : 0.09349154999999999, 
            "Spanish" : 0.00504, 
            "Honduran" : 0.078449, 
            "Colombian" : 0.00423, 
            "Nicaraguan" : 0.055375759999999996, 
            "Panamanian" : 0.00298, 
            "Dominican" : 0.043449600000000005, 
            "Peruvian" : 0.00234, 
            "Salvadoran" : 0.032062810000000004, 
            "Ecuadorian" : 0.0017299999999999998, 
            "Argentinean" : 0.02996524, 
            "Venezuelan" : 0.0016200000000000001, 
            "Guatemalan" : 0.02756802, 
            "Filipino" : 0.396567, 
            "Vietnamese" : 0.01157, 
            "Chinese" : 0.22569213999999999, 
            "Indian" : 0.00658, 
            "Korean" : 0.12093023, 
            "Japanese" : 0.0035299999999999997, 
            "Thai" : 0.07397564, 
            "Mixed" : 0.00216, 
            "Taiwanese" : 0.06788483000000001, 
            "Cambodian" : 0.00198
        }, 
        "employment_status" : {
            "Armed Forces" : 0.040706400000000004, 
            "Employed" : 0.52179608, 
            "Unemployed" : 0.04721625, 
            "Other" : 0.39028126999999996
        }, 
        "industries" : {
            "Retail" : 0.16400414000000002, 
            "Healthcare" : 0.12643205999999999, 
            "Hospitality" : 0.09636070000000001, 
            "Education" : 0.09572929999999999, 
            "Government" : 0.060416569999999996, 
            "Finance & Insurance" : 0.058202870000000004, 
            "Other Services" : 0.056133699999999995, 
            "Construction" : 0.05442208, 
            "Professional" : 0.05426233, 
            "Administrative" : 0.04921113, 
            "Manufacturing" : 0.048982910000000005, 
            "Transportation" : 0.03713086, 
            "Real estate" : 0.024160539999999998, 
            "Entertainment" : 0.019459280000000002, 
            "Wholesalers" : 0.0190637, 
            "Information" : 0.01711625, 
            "Utilities" : 0.01012521, 
            "Agriculture" : 0.00651178, 
            "Oil & Gas, and Mining" : 0.00227456, 
            "Management" : 0.0
        }, 
        "educational_attainment" : {
            "Doctorate" : 0.008758700000000001, 
            "Professional" : 0.01401393, 
            "Master's" : 0.059725089999999995, 
            "Bachelor's" : 0.16633241999999998, 
            "Associate's" : 0.14164215, 
            "Some College" : 0.22747744, 
            "High School" : 0.28151304, 
            "Some H.S." : 0.07194336, 
            "Less than H.S." : 0.0191618, 
            "None" : 0.00943207
        }
    }
}