{
    "name" : "St Lucie County", 
	"state" : "Florida", 
	"FIPS" : "12111",
    "population" : 293136, 
    "demographics" : {
        "race_and_ethnicity" : {
            "White" : 0.5930046099999999, 
            "Hispanic" : 0.17354402, 
            "Black" : 0.19511762000000002, 
            "Asian" : 0.01819633, 
            "Mixed" : 0.016814720000000002, 
            "Other" : 0.0033226899999999997
        }, 
        "age_and_sex" : {
            "85+" : 0.03032, 
            "80-84" : 0.02993, 
            "75-79" : 0.04335, 
            "70-74" : 0.05431, 
            "67-69" : 0.03908, 
            "65-66" : 0.02858, 
            "62-64" : 0.038, 
            "60-61" : 0.02661, 
            "55-59" : 0.06888, 
            "50-54" : 0.06987, 
            "45-49" : 0.06325, 
            "40-44" : 0.05862, 
            "35-39" : 0.054939999999999996, 
            "30-34" : 0.05405, 
            "25-29" : 0.055279999999999996, 
            "22-24" : 0.032869999999999996, 
            "21" : 0.01054, 
            "20" : 0.01176, 
            "18-19" : 0.021330000000000002, 
            "15-17" : 0.03738, 
            "10-14" : 0.06191, 
            "5-9" : 0.05572, 
            "0-4" : 0.05341
        }, 
        "household_types" : {
            "Married" : 0.50155337, 
            "Single Female" : 0.12778043, 
            "Single Male" : 0.04125152, 
            "One-Person" : 0.27064414, 
            "Other Non-Family" : 0.05877054
        }, 
        "marital_status" : {
            "Never Married" : {
                "female" : 0.25126679, 
                "male" : 0.31182484
            }, 
            "Now Married" : {
                "female" : 0.44136949000000003, 
                "male" : 0.48865603
            }, 
            "Separated" : {
                "female" : 0.030339429999999997, 
                "male" : 0.018458989999999998
            }, 
            "Absent Spouse" : {
                "female" : 0.02197898, 
                "male" : 0.0325441
            }, 
            "Widowed" : {
                "female" : 0.11238476, 
                "male" : 0.03511898
            }, 
            "Divorced" : {
                "female" : 0.14266055, 
                "male" : 0.11339705
            }
        }, 
        "ancestry" : {
            "Other" : 0.33988318999999995, 
            "Unclassified" : 0.1377347, 
            "German" : 0.11245975, 
            "Irish" : 0.10666039, 
            "Italian" : 0.09545399, 
            "American" : 0.09142855000000001, 
            "West Indian" : 0.06936371000000001, 
            "English" : 0.06804691, 
            "Haitian" : 0.03531808, 
            "Polish" : 0.033796599999999996, 
            "French" : 0.029140060000000002, 
            "Jamaican" : 0.02718875, 
            "Scottish" : 0.01427665, 
            "Dutch" : 0.01058894, 
            "Russian" : 0.01015911, 
            "Swedish" : 0.00944954, 
            "Scotch-Irish" : 0.00822144, 
            "Hungarian" : 0.00772679, 
            "European" : 0.0075971599999999995, 
            "Arab" : 0.0066419700000000005, 
            "Mexican" : 0.29631204, 
            "Puerto Rican" : 0.052320000000000005, 
            "South American" : 0.25854375, 
            "Cuban" : 0.04565, 
            "Central American" : 0.14315244, 
            "Dominican" : 0.02528, 
            "Colombian" : 0.12161196, 
            "Peruvian" : 0.02147, 
            "Ecuadorian" : 0.09387014, 
            "Other Hispanic" : 0.016579999999999998, 
            "Honduran" : 0.058478060000000005, 
            "Guatemalan" : 0.010329999999999999, 
            "Salvadoran" : 0.04551514, 
            "Argentinean" : 0.00804, 
            "Nicaraguan" : 0.035990959999999995, 
            "Venezuelan" : 0.00636, 
            "Spaniard" : 0.02810888, 
            "Spanish" : 0.00496, 
            "Indian" : 0.29377578, 
            "Chinese" : 0.005350000000000001, 
            "Filipino" : 0.25946757000000004, 
            "Vietnamese" : 0.004719999999999999, 
            "Cambodian" : 0.16329209, 
            "Korean" : 0.00297, 
            "Pakistani" : 0.11604799, 
            "Thai" : 0.00211, 
            "Japanese" : 0.07555306, 
            "Bangladeshi" : 0.0013700000000000001, 
            "Not Specified" : 0.02755906
        }, 
        "employment_status" : {
            "Armed Forces" : 0.00012117, 
            "Employed" : 0.48818184000000003, 
            "Unemployed" : 0.0535442, 
            "Other" : 0.4581528
        }, 
        "industries" : {
            "Retail" : 0.16161556000000002, 
            "Healthcare" : 0.15882538999999998, 
            "Hospitality" : 0.08766765, 
            "Construction" : 0.08013591, 
            "Education" : 0.0788093, 
            "Administrative" : 0.06761441, 
            "Other Services" : 0.05173786, 
            "Professional" : 0.04809182, 
            "Manufacturing" : 0.04543004, 
            "Government" : 0.04399216, 
            "Finance & Insurance" : 0.03198418, 
            "Transportation" : 0.03145354, 
            "Wholesalers" : 0.02271502, 
            "Real estate" : 0.021705079999999998, 
            "Entertainment" : 0.021200109999999998, 
            "Information" : 0.01819598, 
            "Utilities" : 0.014464349999999999, 
            "Agriculture" : 0.01357423, 
            "Oil & Gas, and Mining" : 0.00064191, 
            "Management" : 0.0001455
        }, 
        "educational_attainment" : {
            "Doctorate" : 0.0051713900000000005, 
            "Professional" : 0.01136369, 
            "Master's" : 0.054280470000000004, 
            "Bachelor's" : 0.12750519000000002, 
            "Associate's" : 0.10777378, 
            "Some College" : 0.22011306, 
            "High School" : 0.33191327000000004, 
            "Some H.S." : 0.08715979000000001, 
            "Less than H.S." : 0.03607089, 
            "None" : 0.01864847
        }
    }
}