{
    "name" : "Hillsborough County", 
	"state" : "Florida", 
	"FIPS" : "12057",
    "population" : 1323059, 
    "demographics" : {
        "race_and_ethnicity" : {
            "White" : 0.5124669399999999, 
            "Hispanic" : 0.25567643, 
            "Black" : 0.16585049999999998, 
            "Asian" : 0.03796505, 
            "Mixed" : 0.02167326, 
            "Other" : 0.00636782
        }, 
        "age_and_sex" : {
            "85+" : 0.01647, 
            "80-84" : 0.01625, 
            "75-79" : 0.02283, 
            "70-74" : 0.031139999999999998, 
            "67-69" : 0.025310000000000003, 
            "65-66" : 0.01887, 
            "62-64" : 0.03058, 
            "60-61" : 0.02365, 
            "55-59" : 0.06332, 
            "50-54" : 0.07002, 
            "45-49" : 0.069, 
            "40-44" : 0.06963, 
            "35-39" : 0.06623, 
            "30-34" : 0.07183, 
            "25-29" : 0.07676, 
            "22-24" : 0.04086, 
            "21" : 0.01429, 
            "20" : 0.014879999999999999, 
            "18-19" : 0.02612, 
            "15-17" : 0.03919, 
            "10-14" : 0.06394, 
            "5-9" : 0.06483, 
            "0-4" : 0.06401
        }, 
        "household_types" : {
            "Married" : 0.4393606, 
            "Single Female" : 0.14242469, 
            "Single Male" : 0.05138946, 
            "One-Person" : 0.28777572, 
            "Other Non-Family" : 0.07904952999999999
        }, 
        "marital_status" : {
            "Never Married" : {
                "female" : 0.32014961, 
                "male" : 0.37683796999999997
            }, 
            "Now Married" : {
                "female" : 0.40008633000000005, 
                "male" : 0.44076298999999997
            }, 
            "Separated" : {
                "female" : 0.028003680000000003, 
                "male" : 0.02205565
            }, 
            "Absent Spouse" : {
                "female" : 0.02783391, 
                "male" : 0.03181279
            }, 
            "Widowed" : {
                "female" : 0.08176438, 
                "male" : 0.0238698
            }, 
            "Divorced" : {
                "female" : 0.14216209, 
                "male" : 0.10466079
            }
        }, 
        "ancestry" : {
            "Other" : 0.47769449, 
            "Unclassified" : 0.13026252, 
            "German" : 0.09977182000000001, 
            "Irish" : 0.08797416, 
            "American" : 0.07637980999999999, 
            "English" : 0.06631979, 
            "Italian" : 0.05812364, 
            "French" : 0.022060240000000002, 
            "West Indian" : 0.02174204, 
            "Polish" : 0.020582600000000003, 
            "Scottish" : 0.01559946, 
            "European" : 0.00887489, 
            "Dutch" : 0.00846221, 
            "Haitian" : 0.00830878, 
            "Arab" : 0.008178020000000001, 
            "Scotch-Irish" : 0.00806087, 
            "Subsaharan African" : 0.0077404, 
            "Jamaican" : 0.00768144, 
            "Russian" : 0.00711533, 
            "Swedish" : 0.00698306, 
            "Puerto Rican" : 0.30277466000000003, 
            "Cuban" : 0.08062, 
            "Mexican" : 0.23446826999999998, 
            "South American" : 0.062430000000000006, 
            "Central American" : 0.19661931, 
            "Other Hispanic" : 0.05235, 
            "Colombian" : 0.10496317, 
            "Dominican" : 0.02795, 
            "Spaniard" : 0.06716814, 
            "Honduran" : 0.01789, 
            "Peruvian" : 0.05170383, 
            "Venezuelan" : 0.01377, 
            "Guatemalan" : 0.05057125, 
            "Salvadoran" : 0.01347, 
            "Ecuadorian" : 0.04230262, 
            "Panamanian" : 0.01126, 
            "Spanish" : 0.02340652, 
            "Nicaraguan" : 0.00623, 
            "Costa Rican" : 0.021042019999999998, 
            "Indian" : 0.38172406999999997, 
            "Vietnamese" : 0.014490000000000001, 
            "Filipino" : 0.146088, 
            "Chinese" : 0.00555, 
            "Korean" : 0.1300219, 
            "Pakistani" : 0.00494, 
            "Thai" : 0.12241688, 
            "Mixed" : 0.0046500000000000005, 
            "Not Specified" : 0.0631097, 
            "Cambodian" : 0.0024, 
            "Japanese" : 0.033605420000000004, 
            "Hmong" : 0.00128, 
            "Sri Lankan" : 0.02367111, 
            "Taiwanese" : 0.0009, 
            "Bangladeshi" : 0.015448930000000001
        }, 
        "employment_status" : {
            "Armed Forces" : 0.0049341, 
            "Employed" : 0.59691638, 
            "Unemployed" : 0.05116176, 
            "Other" : 0.34698776000000003
        }, 
        "industries" : {
            "Healthcare" : 0.13301943, 
            "Retail" : 0.11924598, 
            "Education" : 0.08399758, 
            "Professional" : 0.08157551, 
            "Finance & Insurance" : 0.07921881, 
            "Hospitality" : 0.07545894, 
            "Construction" : 0.06706381, 
            "Administrative" : 0.05897323, 
            "Manufacturing" : 0.05046648, 
            "Other Services" : 0.04551230999999999, 
            "Government" : 0.04032375, 
            "Transportation" : 0.039228320000000004, 
            "Wholesalers" : 0.028761909999999998, 
            "Entertainment" : 0.026177190000000003, 
            "Real estate" : 0.02493506, 
            "Information" : 0.02453643, 
            "Agriculture" : 0.01252015, 
            "Utilities" : 0.00696166, 
            "Management" : 0.00123575, 
            "Oil & Gas, and Mining" : 0.0007876900000000001
        }, 
        "educational_attainment" : {
            "Doctorate" : 0.013291260000000001, 
            "Professional" : 0.02145276, 
            "Master's" : 0.07908947000000001, 
            "Bachelor's" : 0.20049948, 
            "Associate's" : 0.09353492, 
            "Some College" : 0.19825858, 
            "High School" : 0.27191117, 
            "Some H.S." : 0.07324199, 
            "Less than H.S." : 0.03534362, 
            "None" : 0.013376760000000001
        }
    }
}