{
    "name" : "Christian County", 
	"state" : "Illinois", 
	"FIPS" : "17021",
    "population" : 33888, 
    "demographics" : {
        "race_and_ethnicity" : {
            "White" : 0.9524315400000001, 
            "Hispanic" : 0.0148135, 
            "Black" : 0.015462700000000001, 
            "Asian" : 0.00528211, 
            "Mixed" : 0.00811497, 
            "Other" : 0.00389518
        }, 
        "age_and_sex" : {
            "85+" : 0.0311, 
            "80-84" : 0.02423, 
            "75-79" : 0.0334, 
            "70-74" : 0.04066, 
            "67-69" : 0.03093, 
            "65-66" : 0.024940000000000004, 
            "62-64" : 0.0365, 
            "60-61" : 0.0291, 
            "55-59" : 0.07386, 
            "50-54" : 0.07551000000000001, 
            "45-49" : 0.06905, 
            "40-44" : 0.057839999999999996, 
            "35-39" : 0.06371, 
            "30-34" : 0.05787, 
            "25-29" : 0.05875, 
            "22-24" : 0.03373, 
            "21" : 0.012190000000000001, 
            "20" : 0.0134, 
            "18-19" : 0.02113, 
            "15-17" : 0.03801, 
            "10-14" : 0.06046, 
            "5-9" : 0.06126, 
            "0-4" : 0.05238
        }, 
        "household_types" : {
            "Married" : 0.46881519, 
            "Single Female" : 0.1113589, 
            "Single Male" : 0.06373642, 
            "One-Person" : 0.30264009999999997, 
            "Other Non-Family" : 0.05344939
        }, 
        "marital_status" : {
            "Never Married" : {
                "female" : 0.21668606, 
                "male" : 0.29782303
            }, 
            "Now Married" : {
                "female" : 0.49447192, 
                "male" : 0.46165730000000005
            }, 
            "Separated" : {
                "female" : 0.011492579999999999, 
                "male" : 0.01804775
            }, 
            "Absent Spouse" : {
                "female" : 0.01665697, 
                "male" : 0.02963483
            }, 
            "Widowed" : {
                "female" : 0.12641839, 
                "male" : 0.03110955
            }, 
            "Divorced" : {
                "female" : 0.13427408, 
                "male" : 0.16172753
            }
        }, 
        "ancestry" : {
            "Unclassified" : 0.48506846000000003, 
            "German" : 0.16997167000000002, 
            "Other" : 0.10983238999999999, 
            "American" : 0.08731704000000001, 
            "Irish" : 0.08654980999999999, 
            "English" : 0.07409703000000001, 
            "Italian" : 0.04095845, 
            "Dutch" : 0.01929887, 
            "French" : 0.01637748, 
            "Scottish" : 0.013190509999999999, 
            "Polish" : 0.01127243, 
            "Scotch-Irish" : 0.00811497, 
            "European" : 0.007288719999999999, 
            "Swedish" : 0.00699363, 
            "British" : 0.00516407, 
            "Mexican" : 0.70117188, 
            "Central American" : 0.010589999999999999, 
            "Other Hispanic" : 0.125, 
            "Costa Rican" : 0.00189, 
            "Puerto Rican" : 0.11914063000000001, 
            "Guatemalan" : 0.0018, 
            "South American" : 0.09375, 
            "Colombian" : 0.0014199999999999998, 
            "Spaniard" : 0.03125, 
            "Japanese" : 0.67597765, 
            "Chinese" : 0.00357, 
            "Filipino" : 0.24581006, 
            "Korean" : 0.0013, 
            "Mixed" : 0.03910615
        }, 
        "employment_status" : {
            "Armed Forces" : 0.00010887, 
            "Employed" : 0.54951914, 
            "Unemployed" : 0.02899655, 
            "Other" : 0.42137543
        }, 
        "industries" : {
            "Healthcare" : 0.16563202, 
            "Manufacturing" : 0.11775195, 
            "Retail" : 0.09893013, 
            "Education" : 0.07614582, 
            "Construction" : 0.07601374, 
            "Hospitality" : 0.0673623, 
            "Transportation" : 0.05474838, 
            "Finance & Insurance" : 0.05217276, 
            "Government" : 0.052040680000000006, 
            "Other Services" : 0.047681940000000006, 
            "Administrative" : 0.04114384, 
            "Professional" : 0.039162590000000004, 
            "Agriculture" : 0.03803989, 
            "Wholesalers" : 0.02232202, 
            "Information" : 0.013208290000000001, 
            "Entertainment" : 0.01294413, 
            "Utilities" : 0.00990622, 
            "Oil & Gas, and Mining" : 0.00917976, 
            "Real estate" : 0.00561353, 
            "Management" : 0.0
        }, 
        "educational_attainment" : {
            "Doctorate" : 0.00483858, 
            "Professional" : 0.0059648, 
            "Master's" : 0.034328859999999996, 
            "Bachelor's" : 0.10565613000000001, 
            "Associate's" : 0.08100442, 
            "Some College" : 0.21485776, 
            "High School" : 0.43305247, 
            "Some H.S." : 0.08592642, 
            "Less than H.S." : 0.02277467, 
            "None" : 0.0115959
        }
    }
}