{
    "name" : "Edgar County", 
	"state" : "Illinois", 
	"FIPS" : "17045",
    "population" : 17828, 
    "demographics" : {
        "race_and_ethnicity" : {
            "White" : 0.9721225, 
            "Hispanic" : 0.010096480000000001, 
            "Black" : 0.00448732, 
            "Asian" : 0.00426296, 
            "Mixed" : 0.00790891, 
            "Other" : 0.00112183
        }, 
        "age_and_sex" : {
            "85+" : 0.03685, 
            "80-84" : 0.024460000000000003, 
            "75-79" : 0.032029999999999996, 
            "70-74" : 0.043019999999999996, 
            "67-69" : 0.036680000000000004, 
            "65-66" : 0.02911, 
            "62-64" : 0.05076, 
            "60-61" : 0.021030000000000004, 
            "55-59" : 0.07623, 
            "50-54" : 0.07561, 
            "45-49" : 0.05817, 
            "40-44" : 0.05856, 
            "35-39" : 0.05985, 
            "30-34" : 0.05766, 
            "25-29" : 0.05306, 
            "22-24" : 0.03971, 
            "21" : 0.00398, 
            "20" : 0.00791, 
            "18-19" : 0.02019, 
            "15-17" : 0.03769, 
            "10-14" : 0.0594, 
            "5-9" : 0.06277, 
            "0-4" : 0.05525
        }, 
        "household_types" : {
            "Married" : 0.52394035, 
            "Single Female" : 0.11839351000000001, 
            "Single Male" : 0.059785450000000004, 
            "One-Person" : 0.26596022999999996, 
            "Other Non-Family" : 0.03192046
        }, 
        "marital_status" : {
            "Never Married" : {
                "female" : 0.19498681, 
                "male" : 0.24276641000000002
            }, 
            "Now Married" : {
                "female" : 0.5131926099999999, 
                "male" : 0.5885674000000001
            }, 
            "Separated" : {
                "female" : 0.00686016, 
                "male" : 0.00776288
            }, 
            "Absent Spouse" : {
                "female" : 0.00778364, 
                "male" : 0.01439661
            }, 
            "Widowed" : {
                "female" : 0.14393140000000001, 
                "male" : 0.03316867
            }, 
            "Divorced" : {
                "female" : 0.13324538, 
                "male" : 0.11333804
            }
        }, 
        "ancestry" : {
            "Unclassified" : 0.36173435, 
            "German" : 0.18291452, 
            "Irish" : 0.14566973, 
            "American" : 0.12553287, 
            "Other" : 0.11734349999999999, 
            "English" : 0.10932241, 
            "Scottish" : 0.017668839999999998, 
            "Italian" : 0.01727619, 
            "Dutch" : 0.01688355, 
            "Polish" : 0.0139107, 
            "French" : 0.01363024, 
            "European" : 0.01351806, 
            "Swedish" : 0.00947947, 
            "Scotch-Irish" : 0.008694190000000001, 
            "British" : 0.0063383400000000005, 
            "Mexican" : 0.6969696999999999, 
            "Puerto Rican" : 0.00774, 
            "Other Hispanic" : 0.18181818, 
            "Dominican" : 0.00202, 
            "South American" : 0.08080807999999999, 
            "Chilean" : 0.0009, 
            "Central American" : 0.025252530000000002, 
            "Honduran" : 0.00028000000000000003, 
            "Chinese" : 0.39473684, 
            "Japanese" : 0.00168, 
            "Filipino" : 0.30263158, 
            "Vietnamese" : 0.0012900000000000001, 
            "Mixed" : 0.21052632
        }, 
        "employment_status" : {
            "Armed Forces" : 0.0, 
            "Employed" : 0.5409813299999999, 
            "Unemployed" : 0.05607606, 
            "Other" : 0.40294261
        }, 
        "industries" : {
            "Manufacturing" : 0.22514431999999998, 
            "Healthcare" : 0.14624758999999998, 
            "Education" : 0.09506094, 
            "Retail" : 0.08774856, 
            "Agriculture" : 0.07158435, 
            "Hospitality" : 0.0588839, 
            "Finance & Insurance" : 0.05542014, 
            "Construction" : 0.04939064, 
            "Other Services" : 0.044515719999999995, 
            "Government" : 0.04323284, 
            "Transportation" : 0.034252729999999995, 
            "Wholesalers" : 0.02475946, 
            "Professional" : 0.0212957, 
            "Administrative" : 0.01744708, 
            "Entertainment" : 0.00744067, 
            "Utilities" : 0.006670939999999999, 
            "Real estate" : 0.00538807, 
            "Information" : 0.00423348, 
            "Oil & Gas, and Mining" : 0.0012828700000000002, 
            "Management" : 0.0
        }, 
        "educational_attainment" : {
            "Doctorate" : 0.00110123, 
            "Professional" : 0.00377566, 
            "Master's" : 0.05325258, 
            "Bachelor's" : 0.12215842, 
            "Associate's" : 0.11783213999999999, 
            "Some College" : 0.21214505, 
            "High School" : 0.36726186, 
            "Some H.S." : 0.08078345, 
            "Less than H.S." : 0.02871077, 
            "None" : 0.01297884
        }
    }
}