{
    "name" : "Grundy County", 
	"state" : "Illinois", 
	"FIPS" : "17063",
    "population" : 50338, 
    "demographics" : {
        "race_and_ethnicity" : {
            "White" : 0.8743493999999999, 
            "Hispanic" : 0.08917716, 
            "Black" : 0.016051489999999998, 
            "Asian" : 0.00713179, 
            "Mixed" : 0.010548690000000001, 
            "Other" : 0.0027414699999999998
        }, 
        "age_and_sex" : {
            "85+" : 0.01607, 
            "80-84" : 0.01514, 
            "75-79" : 0.02098, 
            "70-74" : 0.03093, 
            "67-69" : 0.02559, 
            "65-66" : 0.019870000000000002, 
            "62-64" : 0.02783, 
            "60-61" : 0.023479999999999997, 
            "55-59" : 0.06901, 
            "50-54" : 0.07273, 
            "45-49" : 0.07056, 
            "40-44" : 0.07227, 
            "35-39" : 0.06826, 
            "30-34" : 0.06945, 
            "25-29" : 0.05566, 
            "22-24" : 0.0355, 
            "21" : 0.01257, 
            "20" : 0.01075, 
            "18-19" : 0.02445, 
            "15-17" : 0.045810000000000003, 
            "10-14" : 0.0736, 
            "5-9" : 0.07527, 
            "0-4" : 0.06421
        }, 
        "household_types" : {
            "Married" : 0.57858339, 
            "Single Female" : 0.10756929, 
            "Single Male" : 0.0394943, 
            "One-Person" : 0.22837538, 
            "Other Non-Family" : 0.04597763
        }, 
        "marital_status" : {
            "Never Married" : {
                "female" : 0.24529338, 
                "male" : 0.30989942
            }, 
            "Now Married" : {
                "female" : 0.53178527, 
                "male" : 0.55741053
            }, 
            "Separated" : {
                "female" : 0.01523096, 
                "male" : 0.00980242
            }, 
            "Absent Spouse" : {
                "female" : 0.012983769999999999, 
                "male" : 0.01475468
            }, 
            "Widowed" : {
                "female" : 0.08878901, 
                "male" : 0.018685860000000002
            }, 
            "Divorced" : {
                "female" : 0.1059176, 
                "male" : 0.08944708
            }
        }, 
        "ancestry" : {
            "German" : 0.24772538, 
            "Unclassified" : 0.1954587, 
            "Irish" : 0.16730899000000002, 
            "Other" : 0.14871468999999998, 
            "Italian" : 0.12435933, 
            "Polish" : 0.07856887, 
            "English" : 0.07388056999999999, 
            "Norwegian" : 0.07147682, 
            "American" : 0.043406570000000005, 
            "French" : 0.028070249999999998, 
            "Swedish" : 0.02367992, 
            "Dutch" : 0.021097380000000002, 
            "Scottish" : 0.01907108, 
            "Czech" : 0.013210699999999999, 
            "Danish" : 0.010111650000000002, 
            "Lithuanian" : 0.01003218, 
            "European" : 0.00838333, 
            "French Canadian" : 0.0064563599999999995, 
            "Scotch-Irish" : 0.00627756, 
            "Mexican" : 0.8385689399999999, 
            "Puerto Rican" : 0.07636, 
            "Other Hispanic" : 0.08136998000000001, 
            "Central American" : 0.00741, 
            "Nicaraguan" : 0.057591619999999996, 
            "Spanish" : 0.00524, 
            "Spaniard" : 0.020942409999999998, 
            "Honduran" : 0.00191, 
            "Filipino" : 0.41504178, 
            "Chinese" : 0.00296, 
            "Korean" : 0.21169916, 
            "Indian" : 0.00151, 
            "Japanese" : 0.21169916, 
            "Cambodian" : 0.00151
        }, 
        "employment_status" : {
            "Armed Forces" : 0.00067114, 
            "Employed" : 0.62632938, 
            "Unemployed" : 0.05043882, 
            "Other" : 0.32256065999999994
        }, 
        "industries" : {
            "Retail" : 0.12940983, 
            "Healthcare" : 0.11461423999999999, 
            "Manufacturing" : 0.11284207, 
            "Education" : 0.10208539, 
            "Construction" : 0.09825255999999999, 
            "Hospitality" : 0.06915595, 
            "Transportation" : 0.059841740000000004, 
            "Other Services" : 0.05081602, 
            "Professional" : 0.039606, 
            "Finance & Insurance" : 0.039070230000000004, 
            "Wholesalers" : 0.03350643, 
            "Government" : 0.03338279, 
            "Administrative" : 0.03086878, 
            "Utilities" : 0.030209359999999998, 
            "Entertainment" : 0.01434224, 
            "Real estate" : 0.01409496, 
            "Information" : 0.01244642, 
            "Agriculture" : 0.01232278, 
            "Oil & Gas, and Mining" : 0.00280251, 
            "Management" : 0.00032971
        }, 
        "educational_attainment" : {
            "Doctorate" : 0.0023555, 
            "Professional" : 0.0070665, 
            "Master's" : 0.06414205, 
            "Bachelor's" : 0.14416863, 
            "Associate's" : 0.08588512, 
            "Some College" : 0.26200399, 
            "High School" : 0.36380383, 
            "Some H.S." : 0.044663890000000005, 
            "Less than H.S." : 0.01929697, 
            "None" : 0.00661352
        }
    }
}