{
    "name" : "Perry County", 
	"state" : "Illinois", 
	"FIPS" : "17145",
    "population" : 21595, 
    "demographics" : {
        "race_and_ethnicity" : {
            "White" : 0.8647372099999999, 
            "Hispanic" : 0.029543879999999998, 
            "Black" : 0.08441769, 
            "Asian" : 0.005695759999999999, 
            "Mixed" : 0.01338273, 
            "Other" : 0.00222274
        }, 
        "age_and_sex" : {
            "85+" : 0.02565, 
            "80-84" : 0.023010000000000003, 
            "75-79" : 0.02681, 
            "70-74" : 0.046959999999999995, 
            "67-69" : 0.03042, 
            "65-66" : 0.01931, 
            "62-64" : 0.03404, 
            "60-61" : 0.02741, 
            "55-59" : 0.07224, 
            "50-54" : 0.07391, 
            "45-49" : 0.07034, 
            "40-44" : 0.07127, 
            "35-39" : 0.05969, 
            "30-34" : 0.060110000000000004, 
            "25-29" : 0.06515, 
            "22-24" : 0.04598, 
            "21" : 0.01042, 
            "20" : 0.017920000000000002, 
            "18-19" : 0.023940000000000003, 
            "15-17" : 0.03464, 
            "10-14" : 0.06187, 
            "5-9" : 0.05107999999999999, 
            "0-4" : 0.04784
        }, 
        "household_types" : {
            "Married" : 0.47669675, 
            "Single Female" : 0.11855606, 
            "Single Male" : 0.03820002, 
            "One-Person" : 0.32933614, 
            "Other Non-Family" : 0.03721103
        }, 
        "marital_status" : {
            "Never Married" : {
                "female" : 0.21093271000000002, 
                "male" : 0.39191088
            }, 
            "Now Married" : {
                "female" : 0.4461331, 
                "male" : 0.41951024
            }, 
            "Separated" : {
                "female" : 0.01850717, 
                "male" : 0.01625853
            }, 
            "Absent Spouse" : {
                "female" : 0.00857948, 
                "male" : 0.03823766
            }, 
            "Widowed" : {
                "female" : 0.14548352, 
                "male" : 0.03793657
            }, 
            "Divorced" : {
                "female" : 0.17036401999999998, 
                "male" : 0.09614613
            }
        }, 
        "ancestry" : {
            "German" : 0.26543181, 
            "Other" : 0.25890252, 
            "Unclassified" : 0.2528363, 
            "American" : 0.0897893, 
            "Irish" : 0.07844408, 
            "English" : 0.07835147, 
            "Polish" : 0.055938869999999995, 
            "Italian" : 0.038712659999999996, 
            "French" : 0.019263719999999998, 
            "Swedish" : 0.01222505, 
            "Scottish" : 0.01176198, 
            "Welsh" : 0.00889095, 
            "Scotch-Irish" : 0.00801111, 
            "Dutch" : 0.0076406600000000005, 
            "European" : 0.005973610000000001, 
            "Portuguese" : 0.00500116, 
            "Mexican" : 0.87147335, 
            "Other Hispanic" : 0.025750000000000002, 
            "Puerto Rican" : 0.03448276, 
            "Central American" : 0.0010199999999999999, 
            "Salvadoran" : 0.02978056, 
            "Cuban" : 0.0008799999999999999, 
            "South American" : 0.02664577, 
            "Ecuadorian" : 0.00079, 
            "Spanish" : 0.02664577, 
            "Filipino" : 0.78861789, 
            "Japanese" : 0.00449, 
            "Not Specified" : 0.10569106, 
            "Indian" : 0.0006
        }, 
        "employment_status" : {
            "Armed Forces" : 0.00078208, 
            "Employed" : 0.46516954, 
            "Unemployed" : 0.03301492, 
            "Other" : 0.50103346
        }, 
        "industries" : {
            "Manufacturing" : 0.16416477000000002, 
            "Healthcare" : 0.15503783000000002, 
            "Retail" : 0.1155278, 
            "Education" : 0.09919539000000001, 
            "Construction" : 0.06701093, 
            "Government" : 0.06581002, 
            "Hospitality" : 0.061847000000000006, 
            "Other Services" : 0.05356071, 
            "Transportation" : 0.04479404, 
            "Oil & Gas, and Mining" : 0.03254473, 
            "Agriculture" : 0.02846163, 
            "Administrative" : 0.021256149999999998, 
            "Professional" : 0.02029542, 
            "Utilities" : 0.01681278, 
            "Wholesalers" : 0.015611870000000002, 
            "Finance & Insurance" : 0.015611870000000002, 
            "Information" : 0.011648849999999999, 
            "Entertainment" : 0.00624475, 
            "Real estate" : 0.00456347, 
            "Management" : 0.0
        }, 
        "educational_attainment" : {
            "Doctorate" : 0.002688, 
            "Professional" : 0.00209795, 
            "Master's" : 0.03055137, 
            "Bachelor's" : 0.09847243, 
            "Associate's" : 0.11184685, 
            "Some College" : 0.22061234, 
            "High School" : 0.38280994, 
            "Some H.S." : 0.11794401, 
            "Less than H.S." : 0.027207759999999998, 
            "None" : 0.00576936
        }
    }
}