{
    "name" : "Pike County", 
	"state" : "Illinois", 
	"FIPS" : "17149",
    "population" : 16054, 
    "demographics" : {
        "race_and_ethnicity" : {
            "White" : 0.95589884, 
            "Hispanic" : 0.01189735, 
            "Black" : 0.01295627, 
            "Asian" : 0.0033013599999999997, 
            "Mixed" : 0.00921889, 
            "Other" : 0.0067273
        }, 
        "age_and_sex" : {
            "85+" : 0.03283, 
            "80-84" : 0.02566, 
            "75-79" : 0.037309999999999996, 
            "70-74" : 0.04616, 
            "67-69" : 0.03096, 
            "65-66" : 0.02535, 
            "62-64" : 0.041479999999999996, 
            "60-61" : 0.02398, 
            "55-59" : 0.0755, 
            "50-54" : 0.06839, 
            "45-49" : 0.06347, 
            "40-44" : 0.06136, 
            "35-39" : 0.0527, 
            "30-34" : 0.05513, 
            "25-29" : 0.05662, 
            "22-24" : 0.0375, 
            "21" : 0.010029999999999999, 
            "20" : 0.011770000000000001, 
            "18-19" : 0.021429999999999998, 
            "15-17" : 0.03787, 
            "10-14" : 0.06472, 
            "5-9" : 0.06061, 
            "0-4" : 0.05918
        }, 
        "household_types" : {
            "Married" : 0.52471655, 
            "Single Female" : 0.08117914000000001, 
            "Single Male" : 0.04580499, 
            "One-Person" : 0.31368103, 
            "Other Non-Family" : 0.034618289999999996
        }, 
        "marital_status" : {
            "Never Married" : {
                "female" : 0.19769207000000003, 
                "male" : 0.26636951
            }, 
            "Now Married" : {
                "female" : 0.52702703, 
                "male" : 0.53504457
            }, 
            "Separated" : {
                "female" : 0.00804737, 
                "male" : 0.011374120000000001
            }, 
            "Absent Spouse" : {
                "female" : 0.026267839999999997, 
                "male" : 0.0216723
            }, 
            "Widowed" : {
                "female" : 0.11402976000000001, 
                "male" : 0.03719643
            }, 
            "Divorced" : {
                "female" : 0.12693592, 
                "male" : 0.12834307
            }
        }, 
        "ancestry" : {
            "Unclassified" : 0.29556497, 
            "German" : 0.22150243, 
            "Other" : 0.17484739000000002, 
            "American" : 0.14588265, 
            "English" : 0.12563847, 
            "Irish" : 0.10365018, 
            "Scottish" : 0.02286035, 
            "French" : 0.0182509, 
            "Dutch" : 0.01295627, 
            "Italian" : 0.00959262, 
            "Scotch-Irish" : 0.00921889, 
            "Polish" : 0.00635356, 
            "European" : 0.006104399999999999, 
            "Swedish" : 0.005356919999999999, 
            "Mexican" : 0.88613861, 
            "Central American" : 0.01115, 
            "Salvadoran" : 0.03960396, 
            "Other Hispanic" : 0.0005, 
            "Puerto Rican" : 0.03960396, 
            "Chinese" : 0.43396226, 
            "Filipino" : 0.0014299999999999998, 
            "Nepalese" : 0.33962264, 
            "Japanese" : 0.0011200000000000001
        }, 
        "employment_status" : {
            "Armed Forces" : 0.0, 
            "Employed" : 0.54392755, 
            "Unemployed" : 0.03823825, 
            "Other" : 0.4178342
        }, 
        "industries" : {
            "Healthcare" : 0.14956596, 
            "Retail" : 0.11142735, 
            "Manufacturing" : 0.10288886, 
            "Education" : 0.08538494, 
            "Transportation" : 0.08040416, 
            "Agriculture" : 0.07741568, 
            "Construction" : 0.07542337, 
            "Government" : 0.06845026, 
            "Hospitality" : 0.048100189999999994, 
            "Wholesalers" : 0.04169631, 
            "Other Services" : 0.04041554, 
            "Finance & Insurance" : 0.03842322, 
            "Administrative" : 0.02746549, 
            "Professional" : 0.0155116, 
            "Entertainment" : 0.010103889999999999, 
            "Utilities" : 0.00768464, 
            "Real estate" : 0.0069730999999999994, 
            "Information" : 0.00626156, 
            "Oil & Gas, and Mining" : 0.00569233, 
            "Management" : 0.00071154
        }, 
        "educational_attainment" : {
            "Doctorate" : 0.0037540200000000003, 
            "Professional" : 0.0025920599999999998, 
            "Master's" : 0.03217733, 
            "Bachelor's" : 0.11494458, 
            "Associate's" : 0.06792992, 
            "Some College" : 0.24267071999999998, 
            "High School" : 0.41446192000000004, 
            "Some H.S." : 0.0796389, 
            "Less than H.S." : 0.03101537, 
            "None" : 0.010815159999999999
        }
    }
}