{
    "name" : "Washington County", 
	"state" : "Illinois", 
	"FIPS" : "17189",
    "population" : 14369, 
    "demographics" : {
        "race_and_ethnicity" : {
            "White" : 0.96262788, 
            "Hispanic" : 0.014127639999999999, 
            "Black" : 0.00800334, 
            "Asian" : 0.00501079, 
            "Mixed" : 0.00904725, 
            "Other" : 0.0011831
        }, 
        "age_and_sex" : {
            "85+" : 0.03417, 
            "80-84" : 0.02088, 
            "75-79" : 0.0348, 
            "70-74" : 0.045309999999999996, 
            "67-69" : 0.0316, 
            "65-66" : 0.01872, 
            "62-64" : 0.02895, 
            "60-61" : 0.03299, 
            "55-59" : 0.08567, 
            "50-54" : 0.08016999999999999, 
            "45-49" : 0.06402999999999999, 
            "40-44" : 0.0602, 
            "35-39" : 0.06131, 
            "30-34" : 0.05714, 
            "25-29" : 0.0579, 
            "22-24" : 0.03292, 
            "21" : 0.013009999999999999, 
            "20" : 0.00738, 
            "18-19" : 0.02053, 
            "15-17" : 0.03897, 
            "10-14" : 0.055119999999999995, 
            "5-9" : 0.06799000000000001, 
            "0-4" : 0.05025
        }, 
        "household_types" : {
            "Married" : 0.55568945, 
            "Single Female" : 0.0826304, 
            "Single Male" : 0.03804441, 
            "One-Person" : 0.27973834, 
            "Other Non-Family" : 0.043897399999999996
        }, 
        "marital_status" : {
            "Never Married" : {
                "female" : 0.20345295, 
                "male" : 0.27638191
            }, 
            "Now Married" : {
                "female" : 0.53639133, 
                "male" : 0.56130653
            }, 
            "Separated" : {
                "female" : 0.015572109999999998, 
                "male" : 0.01658291
            }, 
            "Absent Spouse" : {
                "female" : 0.01607989, 
                "male" : 0.009882750000000001
            }, 
            "Widowed" : {
                "female" : 0.13676370999999998, 
                "male" : 0.0278057
            }, 
            "Divorced" : {
                "female" : 0.09174001000000001, 
                "male" : 0.10804019999999999
            }
        }, 
        "ancestry" : {
            "German" : 0.45646878999999996, 
            "Unclassified" : 0.19959634999999998, 
            "Polish" : 0.12499129999999999, 
            "Other" : 0.10571369000000001, 
            "Irish" : 0.08615769999999999, 
            "American" : 0.06486186, 
            "English" : 0.06409632, 
            "Scottish" : 0.01913842, 
            "French" : 0.01844248, 
            "Italian" : 0.018094509999999998, 
            "Scotch-Irish" : 0.00904725, 
            "Dutch" : 0.00842091, 
            "Armenian" : 0.00626348, 
            "European" : 0.0061243, 
            "Swedish" : 0.005358760000000001, 
            "Mexican" : 0.61538462, 
            "Other Hispanic" : 0.00891, 
            "Puerto Rican" : 0.18269231000000002, 
            "South American" : 0.00264, 
            "Peruvian" : 0.17307692, 
            "Spaniard" : 0.00251, 
            "Bolivian" : 0.02884615, 
            "Filipino" : 0.70833333, 
            "Indian" : 0.0035499999999999998, 
            "Thai" : 0.19444444
        }, 
        "employment_status" : {
            "Armed Forces" : 0.0, 
            "Employed" : 0.6185372499999999, 
            "Unemployed" : 0.03532539, 
            "Other" : 0.34613736
        }, 
        "industries" : {
            "Manufacturing" : 0.15151095, 
            "Healthcare" : 0.12115331, 
            "Retail" : 0.1110341, 
            "Education" : 0.07540893, 
            "Agriculture" : 0.0730524, 
            "Hospitality" : 0.0723593, 
            "Construction" : 0.06321042, 
            "Transportation" : 0.05794289, 
            "Government" : 0.05018021, 
            "Professional" : 0.03784308, 
            "Finance & Insurance" : 0.0343776, 
            "Other Services" : 0.03299141, 
            "Wholesalers" : 0.0293873, 
            "Administrative" : 0.02301081, 
            "Oil & Gas, and Mining" : 0.020377040000000003, 
            "Utilities" : 0.016911560000000003, 
            "Real estate" : 0.01136679, 
            "Entertainment" : 0.009287499999999999, 
            "Information" : 0.00803992, 
            "Management" : 0.00055448
        }, 
        "educational_attainment" : {
            "Doctorate" : 0.00467973, 
            "Professional" : 0.0087745, 
            "Master's" : 0.05264697, 
            "Bachelor's" : 0.1426343, 
            "Associate's" : 0.12586525999999998, 
            "Some College" : 0.24656332, 
            "High School" : 0.32592376, 
            "Some H.S." : 0.05420688, 
            "Less than H.S." : 0.02944331, 
            "None" : 0.009261970000000001
        }
    }
}