{
    "name" : "Ogle County", 
	"state" : "Illinois", 
	"FIPS" : "17141",
    "population" : 52034, 
    "demographics" : {
        "race_and_ethnicity" : {
            "White" : 0.8769842800000001, 
            "Hispanic" : 0.09509167, 
            "Black" : 0.01037783, 
            "Asian" : 0.00417035, 
            "Mixed" : 0.012895410000000001, 
            "Other" : 0.00048046
        }, 
        "age_and_sex" : {
            "85+" : 0.02479, 
            "80-84" : 0.01974, 
            "75-79" : 0.03069, 
            "70-74" : 0.04118, 
            "67-69" : 0.03302, 
            "65-66" : 0.021179999999999997, 
            "62-64" : 0.03897, 
            "60-61" : 0.02416, 
            "55-59" : 0.07426, 
            "50-54" : 0.08108, 
            "45-49" : 0.07032, 
            "40-44" : 0.061500000000000006, 
            "35-39" : 0.061500000000000006, 
            "30-34" : 0.055389999999999995, 
            "25-29" : 0.05199, 
            "22-24" : 0.03471, 
            "21" : 0.00953, 
            "20" : 0.01274, 
            "18-19" : 0.0222, 
            "15-17" : 0.043179999999999996, 
            "10-14" : 0.06872, 
            "5-9" : 0.06663000000000001, 
            "0-4" : 0.05252
        }, 
        "household_types" : {
            "Married" : 0.53565586, 
            "Single Female" : 0.08887499, 
            "Single Male" : 0.041863149999999995, 
            "One-Person" : 0.27340968, 
            "Other Non-Family" : 0.06019632
        }, 
        "marital_status" : {
            "Never Married" : {
                "female" : 0.22317616999999998, 
                "male" : 0.28806761000000003
            }, 
            "Now Married" : {
                "female" : 0.5230119599999999, 
                "male" : 0.54562384
            }, 
            "Separated" : {
                "female" : 0.01177574, 
                "male" : 0.01112544
            }, 
            "Absent Spouse" : {
                "female" : 0.01520056, 
                "male" : 0.01804899
            }, 
            "Widowed" : {
                "female" : 0.10513723000000001, 
                "male" : 0.03442678
            }, 
            "Divorced" : {
                "female" : 0.12169833000000001, 
                "male" : 0.10270735
            }
        }, 
        "ancestry" : {
            "German" : 0.33007264, 
            "Unclassified" : 0.18768498, 
            "Other" : 0.16691009999999998, 
            "Irish" : 0.13593035, 
            "English" : 0.08767343999999999, 
            "American" : 0.0740093, 
            "Swedish" : 0.05444517, 
            "Italian" : 0.05096668, 
            "Polish" : 0.04174194, 
            "Norwegian" : 0.03924357, 
            "Dutch" : 0.02381135, 
            "French" : 0.0229081, 
            "Scottish" : 0.01368336, 
            "European" : 0.011108119999999999, 
            "Czech" : 0.00743744, 
            "Danish" : 0.00718761, 
            "Swiss" : 0.00668793, 
            "Welsh" : 0.0061113899999999995, 
            "Scotch-Irish" : 0.00511204, 
            "Mexican" : 0.91422846, 
            "South American" : 0.08767, 
            "Peruvian" : 0.028256510000000002, 
            "Puerto Rican" : 0.00271, 
            "Central American" : 0.0256513, 
            "Other Hispanic" : 0.00246, 
            "Guatemalan" : 0.0240481, 
            "Filipino" : 0.5898617500000001, 
            "Nepalese" : 0.00246, 
            "Japanese" : 0.14746544, 
            "Indian" : 0.00061, 
            "Vietnamese" : 0.10138249, 
            "Chinese" : 0.00042, 
            "Korean" : 0.06912442, 
            "Mongolian" : 0.00029
        }, 
        "employment_status" : {
            "Armed Forces" : 0.0, 
            "Employed" : 0.60048759, 
            "Unemployed" : 0.04202472, 
            "Other" : 0.35748769
        }, 
        "industries" : {
            "Manufacturing" : 0.18221651000000003, 
            "Healthcare" : 0.13594887, 
            "Retail" : 0.10435342, 
            "Education" : 0.0992483, 
            "Transportation" : 0.06274872000000001, 
            "Construction" : 0.06166338, 
            "Hospitality" : 0.05386502, 
            "Other Services" : 0.04498131, 
            "Professional" : 0.03690156, 
            "Finance & Insurance" : 0.03649958, 
            "Government" : 0.03465048, 
            "Administrative" : 0.030751300000000002, 
            "Agriculture" : 0.02821884, 
            "Wholesalers" : 0.02809824, 
            "Utilities" : 0.02034007, 
            "Information" : 0.01185834, 
            "Entertainment" : 0.01173775, 
            "Real estate" : 0.01137597, 
            "Oil & Gas, and Mining" : 0.00389918, 
            "Management" : 0.0006431599999999999
        }, 
        "educational_attainment" : {
            "Doctorate" : 0.0035942200000000004, 
            "Professional" : 0.00858154, 
            "Master's" : 0.05424758, 
            "Bachelor's" : 0.13195509, 
            "Associate's" : 0.09896630999999999, 
            "Some College" : 0.24738792, 
            "High School" : 0.33782842, 
            "Some H.S." : 0.07584074, 
            "Less than H.S." : 0.03346243, 
            "None" : 0.00813574
        }
    }
}