{
    "name" : "Peoria County", 
	"state" : "Illinois", 
	"FIPS" : "17143",
    "population" : 186818, 
    "demographics" : {
        "race_and_ethnicity" : {
            "White" : 0.70813305, 
            "Hispanic" : 0.04275819, 
            "Black" : 0.17413204000000002, 
            "Asian" : 0.03761415, 
            "Mixed" : 0.03200976, 
            "Other" : 0.0053528
        }, 
        "age_and_sex" : {
            "85+" : 0.02178, 
            "80-84" : 0.01778, 
            "75-79" : 0.02702, 
            "70-74" : 0.0353, 
            "67-69" : 0.02658, 
            "65-66" : 0.021099999999999997, 
            "62-64" : 0.03331, 
            "60-61" : 0.027360000000000002, 
            "55-59" : 0.06824, 
            "50-54" : 0.06532, 
            "45-49" : 0.060579999999999995, 
            "40-44" : 0.056580000000000005, 
            "35-39" : 0.06437, 
            "30-34" : 0.06817000000000001, 
            "25-29" : 0.0713, 
            "22-24" : 0.03743, 
            "21" : 0.01619, 
            "20" : 0.01606, 
            "18-19" : 0.02643, 
            "15-17" : 0.03848, 
            "10-14" : 0.06483, 
            "5-9" : 0.06659, 
            "0-4" : 0.06918
        }, 
        "household_types" : {
            "Married" : 0.43035037000000004, 
            "Single Female" : 0.13550646, 
            "Single Male" : 0.040659890000000004, 
            "One-Person" : 0.33559664, 
            "Other Non-Family" : 0.057886639999999996
        }, 
        "marital_status" : {
            "Never Married" : {
                "female" : 0.32405804000000005, 
                "male" : 0.37628339
            }, 
            "Now Married" : {
                "female" : 0.42164749, 
                "male" : 0.45997507
            }, 
            "Separated" : {
                "female" : 0.01277759, 
                "male" : 0.01134565
            }, 
            "Absent Spouse" : {
                "female" : 0.01574106, 
                "male" : 0.01895144
            }, 
            "Widowed" : {
                "female" : 0.09666577, 
                "male" : 0.026599249999999998
            }, 
            "Divorced" : {
                "female" : 0.12911006, 
                "male" : 0.10684521
            }
        }, 
        "ancestry" : {
            "Other" : 0.32034386, 
            "German" : 0.24815595999999998, 
            "Unclassified" : 0.16274128000000002, 
            "Irish" : 0.12505219, 
            "English" : 0.08475629, 
            "American" : 0.07854704, 
            "Italian" : 0.03769444, 
            "French" : 0.0218555, 
            "Polish" : 0.02012119, 
            "Swedish" : 0.01963408, 
            "Scottish" : 0.01538931, 
            "European" : 0.01518055, 
            "Dutch" : 0.012723610000000002, 
            "Arab" : 0.01147641, 
            "Norwegian" : 0.008270079999999999, 
            "Scotch-Irish" : 0.0070389400000000005, 
            "Swiss" : 0.0064715400000000005, 
            "Welsh" : 0.00587738, 
            "Subsaharan African" : 0.00583456, 
            "British" : 0.005149399999999999, 
            "Mexican" : 0.77800383, 
            "South American" : 0.0348, 
            "Colombian" : 0.10387745000000001, 
            "Puerto Rican" : 0.0046500000000000005, 
            "Central American" : 0.053374819999999996, 
            "Other Hispanic" : 0.0023899999999999998, 
            "Guatemalan" : 0.04798947, 
            "Bolivian" : 0.00215, 
            "Peruvian" : 0.03626137, 
            "Cuban" : 0.0016200000000000001, 
            "Spanish" : 0.0229775, 
            "Costa Rican" : 0.0010299999999999999, 
            "Spaniard" : 0.01675443, 
            "Ecuadorian" : 0.00075, 
            "Venezuelan" : 0.0122068, 
            "Argentinean" : 0.00055, 
            "Panamanian" : 0.011608430000000001, 
            "Uruguayan" : 0.00052, 
            "Indian" : 0.53479436, 
            "Vietnamese" : 0.02012, 
            "Filipino" : 0.12153124, 
            "Chinese" : 0.00457, 
            "Korean" : 0.08196955, 
            "Pakistani" : 0.00308, 
            "Japanese" : 0.07627722, 
            "Laotian" : 0.0028699999999999997, 
            "Mixed" : 0.053365590000000004, 
            "Not Specified" : 0.00201, 
            "Bangladeshi" : 0.02789241, 
            "Malaysian" : 0.00105, 
            "Thai" : 0.02732318
        }, 
        "employment_status" : {
            "Armed Forces" : 0.00092001, 
            "Employed" : 0.58360479, 
            "Unemployed" : 0.052297289999999996, 
            "Other" : 0.36317791
        }, 
        "industries" : {
            "Healthcare" : 0.1813702, 
            "Manufacturing" : 0.15626423, 
            "Retail" : 0.11102677999999999, 
            "Education" : 0.09111715999999999, 
            "Hospitality" : 0.07026169, 
            "Professional" : 0.052360550000000006, 
            "Construction" : 0.049814920000000006, 
            "Other Services" : 0.048542100000000005, 
            "Administrative" : 0.04452515, 
            "Finance & Insurance" : 0.03920035, 
            "Transportation" : 0.03483307, 
            "Government" : 0.03431928, 
            "Wholesalers" : 0.0219181, 
            "Entertainment" : 0.01699032, 
            "Information" : 0.01687355, 
            "Real estate" : 0.01613788, 
            "Agriculture" : 0.007706950000000001, 
            "Utilities" : 0.00521971, 
            "Management" : 0.00116772, 
            "Oil & Gas, and Mining" : 0.00035032
        }, 
        "educational_attainment" : {
            "Doctorate" : 0.010032369999999999, 
            "Professional" : 0.01888919, 
            "Master's" : 0.08273885, 
            "Bachelor's" : 0.18631540000000002, 
            "Associate's" : 0.09843154, 
            "Some College" : 0.22994734, 
            "High School" : 0.27622023, 
            "Some H.S." : 0.0727709, 
            "Less than H.S." : 0.01847051, 
            "None" : 0.00618367
        }
    }
}