{
    "name" : "Saline County", 
	"state" : "Illinois", 
	"FIPS" : "17165",
    "population" : 24659, 
    "demographics" : {
        "race_and_ethnicity" : {
            "White" : 0.9176365599999999, 
            "Hispanic" : 0.016099600000000002, 
            "Black" : 0.03369966, 
            "Asian" : 0.00669127, 
            "Mixed" : 0.02315585, 
            "Other" : 0.00271706
        }, 
        "age_and_sex" : {
            "85+" : 0.025310000000000003, 
            "80-84" : 0.02656, 
            "75-79" : 0.03475, 
            "70-74" : 0.045869999999999994, 
            "67-69" : 0.0292, 
            "65-66" : 0.02928, 
            "62-64" : 0.04514, 
            "60-61" : 0.02932, 
            "55-59" : 0.06484, 
            "50-54" : 0.07231, 
            "45-49" : 0.06671, 
            "40-44" : 0.05832, 
            "35-39" : 0.05053, 
            "30-34" : 0.057539999999999994, 
            "25-29" : 0.061399999999999996, 
            "22-24" : 0.033170000000000005, 
            "21" : 0.01626, 
            "20" : 0.01387, 
            "18-19" : 0.02137, 
            "15-17" : 0.04222000000000001, 
            "10-14" : 0.06038, 
            "5-9" : 0.056609999999999994, 
            "0-4" : 0.059050000000000005
        }, 
        "household_types" : {
            "Married" : 0.48241757999999996, 
            "Single Female" : 0.13346653, 
            "Single Male" : 0.053046949999999995, 
            "One-Person" : 0.3024975, 
            "Other Non-Family" : 0.028571430000000002
        }, 
        "marital_status" : {
            "Never Married" : {
                "female" : 0.20763155, 
                "male" : 0.29238454
            }, 
            "Now Married" : {
                "female" : 0.46807498000000003, 
                "male" : 0.49821592000000003
            }, 
            "Separated" : {
                "female" : 0.027785709999999998, 
                "male" : 0.01610766
            }, 
            "Absent Spouse" : {
                "female" : 0.01265582, 
                "male" : 0.02140891
            }, 
            "Widowed" : {
                "female" : 0.13359977, 
                "male" : 0.026506270000000002
            }, 
            "Divorced" : {
                "female" : 0.15025216, 
                "male" : 0.14537669
            }
        }, 
        "ancestry" : {
            "Unclassified" : 0.30978547, 
            "Other" : 0.20617218999999998, 
            "German" : 0.18102924, 
            "Irish" : 0.17977209, 
            "English" : 0.11131838, 
            "American" : 0.08499939, 
            "French" : 0.03041486, 
            "Dutch" : 0.02104708, 
            "Italian" : 0.020195470000000004, 
            "Scottish" : 0.01837057, 
            "Welsh" : 0.01626181, 
            "Hungarian" : 0.013463639999999999, 
            "Polish" : 0.01317977, 
            "Scotch-Irish" : 0.012530920000000001, 
            "Czechoslovakian" : 0.005677440000000001, 
            "Mexican" : 0.91358025, 
            "Other Hispanic" : 0.015, 
            "Puerto Rican" : 0.049382720000000005, 
            "Spanish" : 0.0008100000000000001, 
            "Spaniard" : 0.03209877, 
            "Filipino" : 0.38181818, 
            "Indian" : 0.00255, 
            "Burmese" : 0.32121212, 
            "Chinese" : 0.00215, 
            "Mixed" : 0.13939394
        }, 
        "employment_status" : {
            "Armed Forces" : 0.00085474, 
            "Employed" : 0.49273468000000004, 
            "Unemployed" : 0.0698376, 
            "Other" : 0.43657298
        }, 
        "industries" : {
            "Healthcare" : 0.17877551, 
            "Retail" : 0.13459184000000002, 
            "Education" : 0.09989796000000001, 
            "Manufacturing" : 0.07744898, 
            "Hospitality" : 0.06989796, 
            "Oil & Gas, and Mining" : 0.06653061, 
            "Government" : 0.05755102, 
            "Construction" : 0.05581633, 
            "Other Services" : 0.05, 
            "Transportation" : 0.03204082, 
            "Finance & Insurance" : 0.03, 
            "Agriculture" : 0.028571430000000002, 
            "Wholesalers" : 0.02785714, 
            "Administrative" : 0.027653059999999997, 
            "Professional" : 0.01959184, 
            "Utilities" : 0.01938776, 
            "Information" : 0.01510204, 
            "Real estate" : 0.00602041, 
            "Entertainment" : 0.00326531, 
            "Management" : 0.0
        }, 
        "educational_attainment" : {
            "Doctorate" : 0.00436326, 
            "Professional" : 0.0058176700000000005, 
            "Master's" : 0.04572692, 
            "Bachelor's" : 0.10390366000000001, 
            "Associate's" : 0.11809878, 
            "Some College" : 0.26854384, 
            "High School" : 0.31427075, 
            "Some H.S." : 0.09785328, 
            "Less than H.S." : 0.03310257, 
            "None" : 0.00831927
        }
    }
}