{
    "name" : "White County", 
	"state" : "Illinois", 
	"FIPS" : "17193",
    "population" : 14410, 
    "demographics" : {
        "race_and_ethnicity" : {
            "White" : 0.9682859100000001, 
            "Hispanic" : 0.0130465, 
            "Black" : 0.0032616200000000002, 
            "Asian" : 0.0028452499999999997, 
            "Mixed" : 0.01040944, 
            "Other" : 0.00215128
        }, 
        "age_and_sex" : {
            "85+" : 0.04087, 
            "80-84" : 0.03123, 
            "75-79" : 0.035179999999999996, 
            "70-74" : 0.05739, 
            "67-69" : 0.03359, 
            "65-66" : 0.01957, 
            "62-64" : 0.039, 
            "60-61" : 0.02283, 
            "55-59" : 0.0789, 
            "50-54" : 0.07453, 
            "45-49" : 0.06072, 
            "40-44" : 0.05142, 
            "35-39" : 0.053849999999999995, 
            "30-34" : 0.058289999999999995, 
            "25-29" : 0.05503, 
            "22-24" : 0.03435, 
            "21" : 0.00874, 
            "20" : 0.00819, 
            "18-19" : 0.01783, 
            "15-17" : 0.035390000000000005, 
            "10-14" : 0.06149, 
            "5-9" : 0.06114, 
            "0-4" : 0.060439999999999994
        }, 
        "household_types" : {
            "Married" : 0.51981239, 
            "Single Female" : 0.08555717, 
            "Single Male" : 0.04091865, 
            "One-Person" : 0.31182274, 
            "Other Non-Family" : 0.041889050000000004
        }, 
        "marital_status" : {
            "Never Married" : {
                "female" : 0.18031976, 
                "male" : 0.22962314
            }, 
            "Now Married" : {
                "female" : 0.53106972, 
                "male" : 0.56739702
            }, 
            "Separated" : {
                "female" : 0.017141919999999998, 
                "male" : 0.0219106
            }, 
            "Absent Spouse" : {
                "female" : 0.00873578, 
                "male" : 0.01945662
            }, 
            "Widowed" : {
                "female" : 0.13416845, 
                "male" : 0.0347064
            }, 
            "Divorced" : {
                "female" : 0.12856436000000002, 
                "male" : 0.12690622
            }
        }, 
        "ancestry" : {
            "Unclassified" : 0.26904927, 
            "German" : 0.26037474, 
            "Irish" : 0.15801527, 
            "American" : 0.14087439, 
            "Other" : 0.13240805, 
            "English" : 0.12886884, 
            "French" : 0.03011797, 
            "Scottish" : 0.02352533, 
            "Dutch" : 0.020957669999999998, 
            "Polish" : 0.01179736, 
            "Scotch-Irish" : 0.01054823, 
            "Italian" : 0.009576679999999999, 
            "Welsh" : 0.00693963, 
            "Norwegian" : 0.0061068699999999995, 
            "Mexican" : 0.82978723, 
            "Puerto Rican" : 0.01083, 
            "Cuban" : 0.13297872, 
            "Chinese" : 0.3902439, 
            "Filipino" : 0.00111, 
            "Vietnamese" : 0.24390244, 
            "Indian" : 0.0006900000000000001
        }, 
        "employment_status" : {
            "Armed Forces" : 0.0, 
            "Employed" : 0.51655858, 
            "Unemployed" : 0.047989620000000004, 
            "Other" : 0.43545178999999995
        }, 
        "industries" : {
            "Healthcare" : 0.13190492, 
            "Manufacturing" : 0.12068965999999999, 
            "Retail" : 0.09926348000000002, 
            "Oil & Gas, and Mining" : 0.0882156, 
            "Education" : 0.08151992, 
            "Other Services" : 0.06863073, 
            "Transportation" : 0.05858721, 
            "Agriculture" : 0.057415469999999996, 
            "Hospitality" : 0.055574149999999996, 
            "Construction" : 0.053063269999999996, 
            "Finance & Insurance" : 0.0356545, 
            "Government" : 0.03498493, 
            "Wholesalers" : 0.03230666, 
            "Professional" : 0.01975226, 
            "Administrative" : 0.01824573, 
            "Utilities" : 0.01623703, 
            "Information" : 0.015232669999999999, 
            "Entertainment" : 0.00987613, 
            "Real estate" : 0.00284566, 
            "Management" : 0.0
        }, 
        "educational_attainment" : {
            "Doctorate" : 0.0037015399999999997, 
            "Professional" : 0.00487045, 
            "Master's" : 0.038184300000000004, 
            "Bachelor's" : 0.09049288999999999, 
            "Associate's" : 0.1211767, 
            "Some College" : 0.25579583, 
            "High School" : 0.36255601, 
            "Some H.S." : 0.08221313000000001, 
            "Less than H.S." : 0.03584648, 
            "None" : 0.00516267
        }
    }
}