{
    "name" : "Clay County", 
	"state" : "South Dakota", 
	"FIPS" : "46027",
    "population" : 14029, 
    "demographics" : {
        "race_and_ethnicity" : {
            "White" : 0.88552285, 
            "Hispanic" : 0.026160100000000002, 
            "Black" : 0.01525412, 
            "Asian" : 0.02010122, 
            "Mixed" : 0.02295246, 
            "Other" : 0.030009269999999998
        }, 
        "age_and_sex" : {
            "85+" : 0.01718, 
            "80-84" : 0.01754, 
            "75-79" : 0.0149, 
            "70-74" : 0.02231, 
            "67-69" : 0.01754, 
            "65-66" : 0.01925, 
            "62-64" : 0.016890000000000002, 
            "60-61" : 0.02181, 
            "55-59" : 0.051109999999999996, 
            "50-54" : 0.04412, 
            "45-49" : 0.03935, 
            "40-44" : 0.050890000000000005, 
            "35-39" : 0.036070000000000005, 
            "30-34" : 0.05389, 
            "25-29" : 0.0742, 
            "22-24" : 0.09416000000000001, 
            "21" : 0.06451, 
            "20" : 0.06066, 
            "18-19" : 0.11455, 
            "15-17" : 0.02645, 
            "10-14" : 0.04505, 
            "5-9" : 0.046689999999999995, 
            "0-4" : 0.050890000000000005
        }, 
        "household_types" : {
            "Married" : 0.38217039999999997, 
            "Single Female" : 0.07240925, 
            "Single Male" : 0.02708294, 
            "One-Person" : 0.30167388, 
            "Other Non-Family" : 0.21666353000000002
        }, 
        "marital_status" : {
            "Never Married" : {
                "female" : 0.50484799, 
                "male" : 0.55207808
            }, 
            "Now Married" : {
                "female" : 0.34018076999999997, 
                "male" : 0.3446071
            }, 
            "Separated" : {
                "female" : 0.00920296, 
                "male" : 0.008076729999999999
            }, 
            "Absent Spouse" : {
                "female" : 0.021364010000000003, 
                "male" : 0.01463907
            }, 
            "Widowed" : {
                "female" : 0.05472473, 
                "male" : 0.00874979
            }, 
            "Divorced" : {
                "female" : 0.06967954, 
                "male" : 0.07184923
            }
        }, 
        "ancestry" : {
            "German" : 0.40779813, 
            "Norwegian" : 0.1583862, 
            "Irish" : 0.15510728000000001, 
            "Other" : 0.13992444, 
            "Unclassified" : 0.13750089, 
            "English" : 0.06208568, 
            "Swedish" : 0.05139354, 
            "Dutch" : 0.0433388, 
            "Danish" : 0.03114976, 
            "American" : 0.02623138, 
            "Italian" : 0.0246632, 
            "Czech" : 0.02323758, 
            "French" : 0.01853304, 
            "Scottish" : 0.01782023, 
            "Polish" : 0.01753511, 
            "French Canadian" : 0.01261672, 
            "Scotch-Irish" : 0.01147623, 
            "European" : 0.010692140000000001, 
            "Welsh" : 0.010335730000000001, 
            "Luxemburger" : 0.00684297, 
            "Mexican" : 0.7929155299999999, 
            "Central American" : 0.020739999999999998, 
            "Salvadoran" : 0.08446866, 
            "Other Hispanic" : 0.00221, 
            "Spanish" : 0.051771120000000004, 
            "Puerto Rican" : 0.00135, 
            "South American" : 0.051771120000000004, 
            "Colombian" : 0.00135, 
            "Guatemalan" : 0.051771120000000004, 
            "Panamanian" : 0.00135, 
            "Chinese" : 0.34397163, 
            "Indian" : 0.0069099999999999995, 
            "Bangladeshi" : 0.33687943, 
            "Korean" : 0.006770000000000001, 
            "Sri Lankan" : 0.12056737999999999, 
            "Mixed" : 0.00242, 
            "Japanese" : 0.07801418, 
            "Hmong" : 0.00157
        }, 
        "employment_status" : {
            "Armed Forces" : 0.00142737, 
            "Employed" : 0.64147775, 
            "Unemployed" : 0.042149450000000005, 
            "Other" : 0.31494542
        }, 
        "industries" : {
            "Education" : 0.25314136000000004, 
            "Hospitality" : 0.12814135999999998, 
            "Retail" : 0.12434555, 
            "Healthcare" : 0.11976440000000001, 
            "Manufacturing" : 0.05719895, 
            "Agriculture" : 0.04384817, 
            "Other Services" : 0.03848168, 
            "Construction" : 0.03612565, 
            "Entertainment" : 0.03311518, 
            "Government" : 0.03102094, 
            "Professional" : 0.02198953, 
            "Finance & Insurance" : 0.02185864, 
            "Information" : 0.018324609999999998, 
            "Administrative" : 0.01780105, 
            "Real estate" : 0.0171466, 
            "Wholesalers" : 0.01413613, 
            "Utilities" : 0.01112565, 
            "Transportation" : 0.009554970000000001, 
            "Oil & Gas, and Mining" : 0.00196335, 
            "Management" : 0.00091623
        }, 
        "educational_attainment" : {
            "Doctorate" : 0.07729815000000001, 
            "Professional" : 0.03155027, 
            "Master's" : 0.10813136, 
            "Bachelor's" : 0.26129356000000004, 
            "Associate's" : 0.06152302, 
            "Some College" : 0.17080166, 
            "High School" : 0.23777426999999998, 
            "Some H.S." : 0.029972750000000003, 
            "Less than H.S." : 0.01520149, 
            "None" : 0.006453459999999999
        }
    }
}