{
    "name" : "Hanson County", 
	"state" : "South Dakota", 
	"FIPS" : "46061",
    "population" : 3390, 
    "demographics" : {
        "race_and_ethnicity" : {
            "White" : 0.93274336, 
            "Hispanic" : 0.00589971, 
            "Black" : 0.03746313, 
            "Asian" : 0.0, 
            "Mixed" : 0.0026548699999999997, 
            "Other" : 0.021238939999999998
        }, 
        "age_and_sex" : {
            "85+" : 0.00796, 
            "80-84" : 0.01799, 
            "75-79" : 0.012390000000000002, 
            "70-74" : 0.041299999999999996, 
            "67-69" : 0.025070000000000002, 
            "65-66" : 0.03304, 
            "62-64" : 0.04808, 
            "60-61" : 0.023889999999999998, 
            "55-59" : 0.05782, 
            "50-54" : 0.05929, 
            "45-49" : 0.06254, 
            "40-44" : 0.06431, 
            "35-39" : 0.058410000000000004, 
            "30-34" : 0.05457, 
            "25-29" : 0.040119999999999996, 
            "22-24" : 0.02035, 
            "21" : 0.00383, 
            "20" : 0.02802, 
            "18-19" : 0.016220000000000002, 
            "15-17" : 0.05192, 
            "10-14" : 0.09499, 
            "5-9" : 0.08673, 
            "0-4" : 0.09115000000000001
        }, 
        "household_types" : {
            "Married" : 0.6783018900000001, 
            "Single Female" : 0.04716981, 
            "Single Male" : 0.01132075, 
            "One-Person" : 0.24905660000000002, 
            "Other Non-Family" : 0.01415094
        }, 
        "marital_status" : {
            "Never Married" : {
                "female" : 0.22817132999999998, 
                "male" : 0.32454037
            }, 
            "Now Married" : {
                "female" : 0.62602965, 
                "male" : 0.53956835
            }, 
            "Separated" : {
                "female" : 0.00576606, 
                "male" : 0.01039169
            }, 
            "Absent Spouse" : {
                "female" : 0.01400329, 
                "male" : 0.0031974399999999997
            }, 
            "Widowed" : {
                "female" : 0.06177924, 
                "male" : 0.030375700000000002
            }, 
            "Divorced" : {
                "female" : 0.06425041000000001, 
                "male" : 0.09192646
            }
        }, 
        "employment_status" : {
            "Armed Forces" : 0.00124069, 
            "Employed" : 0.7117452400000001, 
            "Unemployed" : 0.00248139, 
            "Other" : 0.28453267
        }, 
        "industries" : {
            "Healthcare" : 0.15398024, 
            "Construction" : 0.11563045000000001, 
            "Manufacturing" : 0.11563045000000001, 
            "Education" : 0.11040093000000001, 
            "Agriculture" : 0.10400930000000001, 
            "Retail" : 0.07902382000000001, 
            "Finance & Insurance" : 0.05461941000000001, 
            "Hospitality" : 0.049389890000000006, 
            "Other Services" : 0.04067403, 
            "Government" : 0.04067403, 
            "Professional" : 0.03370134, 
            "Transportation" : 0.02498547, 
            "Wholesalers" : 0.02440442, 
            "Administrative" : 0.01801278, 
            "Information" : 0.01336432, 
            "Utilities" : 0.00929692, 
            "Real estate" : 0.005810579999999999, 
            "Oil & Gas, and Mining" : 0.0040674, 
            "Entertainment" : 0.00232423, 
            "Management" : 0.0
        }, 
        "educational_attainment" : {
            "Doctorate" : 0.00048614, 
            "Professional" : 0.00534759, 
            "Master's" : 0.04326689, 
            "Bachelor's" : 0.16480311, 
            "Associate's" : 0.14973262, 
            "Some College" : 0.1939718, 
            "High School" : 0.36412250999999995, 
            "Some H.S." : 0.03646087, 
            "Less than H.S." : 0.04180846, 
            "None" : 0.0
        }
    }
}