{
    "name" : "Bon Homme County", 
	"state" : "South Dakota", 
	"FIPS" : "46009",
    "population" : 7001, 
    "demographics" : {
        "race_and_ethnicity" : {
            "White" : 0.8764462199999999, 
            "Hispanic" : 0.03128125, 
            "Black" : 0.01356949, 
            "Asian" : 0.01256963, 
            "Mixed" : 0.02171118, 
            "Other" : 0.04442223
        }, 
        "age_and_sex" : {
            "85+" : 0.03571, 
            "80-84" : 0.029140000000000003, 
            "75-79" : 0.04999, 
            "70-74" : 0.043710000000000006, 
            "67-69" : 0.03185, 
            "65-66" : 0.01757, 
            "62-64" : 0.042140000000000004, 
            "60-61" : 0.02414, 
            "55-59" : 0.07599, 
            "50-54" : 0.07885, 
            "45-49" : 0.05971, 
            "40-44" : 0.05685, 
            "35-39" : 0.06099, 
            "30-34" : 0.06513, 
            "25-29" : 0.06328, 
            "22-24" : 0.03971, 
            "21" : 0.00757, 
            "20" : 0.01657, 
            "18-19" : 0.021, 
            "15-17" : 0.03771, 
            "10-14" : 0.049710000000000004, 
            "5-9" : 0.047850000000000004, 
            "0-4" : 0.04485
        }, 
        "household_types" : {
            "Married" : 0.5524531300000001, 
            "Single Female" : 0.04507379, 
            "Single Male" : 0.039888309999999996, 
            "One-Person" : 0.31272437, 
            "Other Non-Family" : 0.04986039
        }, 
        "marital_status" : {
            "Never Married" : {
                "female" : 0.16356877, 
                "male" : 0.38626849
            }, 
            "Now Married" : {
                "female" : 0.61007848, 
                "male" : 0.36896455000000006
            }, 
            "Separated" : {
                "female" : 0.00165221, 
                "male" : 0.02232766
            }, 
            "Absent Spouse" : {
                "female" : 0.012391570000000001, 
                "male" : 0.04270165000000001
            }, 
            "Widowed" : {
                "female" : 0.13837257, 
                "male" : 0.03070053
            }, 
            "Divorced" : {
                "female" : 0.07393639, 
                "male" : 0.14903712
            }
        }, 
        "ancestry" : {
            "German" : 0.44236538000000003, 
            "Czech" : 0.17097557, 
            "Other" : 0.14126553, 
            "Irish" : 0.11584059, 
            "Unclassified" : 0.10827025000000001, 
            "Dutch" : 0.08698757, 
            "English" : 0.05613484, 
            "Norwegian" : 0.049850019999999995, 
            "American" : 0.03113841, 
            "Russian" : 0.0167119, 
            "French" : 0.015997710000000002, 
            "Polish" : 0.01299814, 
            "Czechoslovakian" : 0.01214112, 
            "Swedish" : 0.01214112, 
            "Italian" : 0.011284099999999998, 
            "Danish" : 0.00842737, 
            "Scotch-Irish" : 0.00728467, 
            "Scottish" : 0.00671333, 
            "Swiss" : 0.00557063, 
            "Mexican" : 0.7260274, 
            "Puerto Rican" : 0.022709999999999998, 
            "Other Hispanic" : 0.15068493, 
            "Spaniard" : 0.00471, 
            "Filipino" : 0.875, 
            "Indian" : 0.011000000000000001
        }, 
        "employment_status" : {
            "Armed Forces" : 0.0, 
            "Employed" : 0.48690215000000003, 
            "Unemployed" : 0.004225110000000001, 
            "Other" : 0.5088727399999999
        }, 
        "industries" : {
            "Healthcare" : 0.17493925999999999, 
            "Agriculture" : 0.14855953, 
            "Manufacturing" : 0.12356821, 
            "Retail" : 0.08746962999999999, 
            "Education" : 0.07601527, 
            "Government" : 0.07323845999999999, 
            "Construction" : 0.05102395, 
            "Other Services" : 0.05067685, 
            "Finance & Insurance" : 0.04824714, 
            "Transportation" : 0.03852829, 
            "Hospitality" : 0.03297466, 
            "Wholesalers" : 0.02429712, 
            "Professional" : 0.02256161, 
            "Administrative" : 0.01804929, 
            "Entertainment" : 0.00971885, 
            "Information" : 0.00798334, 
            "Utilities" : 0.00763624, 
            "Real estate" : 0.00381812, 
            "Management" : 0.0006942, 
            "Oil & Gas, and Mining" : 0.0
        }, 
        "educational_attainment" : {
            "Doctorate" : 0.01029926, 
            "Professional" : 0.00719005, 
            "Master's" : 0.03264672, 
            "Bachelor's" : 0.1331131, 
            "Associate's" : 0.11232025, 
            "Some College" : 0.20792849, 
            "High School" : 0.38631946999999994, 
            "Some H.S." : 0.05130198, 
            "Less than H.S." : 0.05654878, 
            "None" : 0.00233191
        }
    }
}