{
    "name" : "Charles Mix County", 
	"state" : "South Dakota", 
	"FIPS" : "46023",
    "population" : 9277, 
    "demographics" : {
        "race_and_ethnicity" : {
            "White" : 0.6319931, 
            "Hispanic" : 0.02867306, 
            "Black" : 0.00053897, 
            "Asian" : 0.00204808, 
            "Mixed" : 0.02716395, 
            "Other" : 0.30958283999999997
        }, 
        "age_and_sex" : {
            "85+" : 0.03331, 
            "80-84" : 0.02997, 
            "75-79" : 0.02932, 
            "70-74" : 0.04107, 
            "67-69" : 0.023929999999999996, 
            "65-66" : 0.021240000000000002, 
            "62-64" : 0.03687, 
            "60-61" : 0.01552, 
            "55-59" : 0.07222, 
            "50-54" : 0.06468, 
            "45-49" : 0.05379, 
            "40-44" : 0.045599999999999995, 
            "35-39" : 0.05077, 
            "30-34" : 0.05088, 
            "25-29" : 0.04915, 
            "22-24" : 0.03298, 
            "21" : 0.013260000000000001, 
            "20" : 0.01229, 
            "18-19" : 0.02749, 
            "15-17" : 0.04915, 
            "10-14" : 0.08439999999999999, 
            "5-9" : 0.07923, 
            "0-4" : 0.08288999999999999
        }, 
        "household_types" : {
            "Married" : 0.48632691, 
            "Single Female" : 0.12461156000000001, 
            "Single Male" : 0.05127408, 
            "One-Person" : 0.30329397, 
            "Other Non-Family" : 0.03449347
        }, 
        "marital_status" : {
            "Never Married" : {
                "female" : 0.28940642, 
                "male" : 0.35370424
            }, 
            "Now Married" : {
                "female" : 0.43311559000000005, 
                "male" : 0.46699337
            }, 
            "Separated" : {
                "female" : 0.0139165, 
                "male" : 0.014125110000000001
            }, 
            "Absent Spouse" : {
                "female" : 0.030389089999999997, 
                "male" : 0.02507927
            }, 
            "Widowed" : {
                "female" : 0.14768532, 
                "male" : 0.03343903
            }, 
            "Divorced" : {
                "female" : 0.08548708, 
                "male" : 0.10665898
            }
        }, 
        "ancestry" : {
            "Other" : 0.36639000000000005, 
            "German" : 0.25622507, 
            "Dutch" : 0.11167403000000001, 
            "Unclassified" : 0.10736229, 
            "Czech" : 0.09722971, 
            "Irish" : 0.07394632, 
            "Norwegian" : 0.05195645, 
            "American" : 0.043764149999999995, 
            "English" : 0.042470629999999995, 
            "Swedish" : 0.02996658, 
            "French" : 0.01606123, 
            "Polish" : 0.01034817, 
            "Danish" : 0.00851568, 
            "Russian" : 0.00592864, 
            "Scottish" : 0.00517409, 
            "Czechoslovakian" : 0.00506629, 
            "Mexican" : 0.63533835, 
            "Other Hispanic" : 0.01822, 
            "Spaniard" : 0.17293233, 
            "Cuban" : 0.00496, 
            "Puerto Rican" : 0.16917293, 
            "Central American" : 0.00485, 
            "Honduran" : 0.12030075, 
            "Guatemalan" : 0.00345, 
            "Chinese" : 0.5263157900000001, 
            "Filipino" : 0.00108, 
            "Korean" : 0.31578947
        }, 
        "employment_status" : {
            "Armed Forces" : 0.0014566599999999998, 
            "Employed" : 0.56562272, 
            "Unemployed" : 0.032337950000000004, 
            "Other" : 0.40058267000000003
        }, 
        "industries" : {
            "Healthcare" : 0.14112799, 
            "Agriculture" : 0.11820757, 
            "Education" : 0.11795004, 
            "Retail" : 0.11691991, 
            "Hospitality" : 0.07288179, 
            "Government" : 0.06695854, 
            "Construction" : 0.06335308, 
            "Entertainment" : 0.04738604, 
            "Other Services" : 0.04712851, 
            "Manufacturing" : 0.042492919999999997, 
            "Transportation" : 0.03322174, 
            "Professional" : 0.02729848, 
            "Wholesalers" : 0.02420809, 
            "Finance & Insurance" : 0.02395055, 
            "Administrative" : 0.02214782, 
            "Utilities" : 0.01287664, 
            "Information" : 0.01158898, 
            "Real estate" : 0.01030131, 
            "Oil & Gas, and Mining" : 0.0, 
            "Management" : 0.0
        }, 
        "educational_attainment" : {
            "Doctorate" : 0.01028591, 
            "Professional" : 0.01290098, 
            "Master's" : 0.029114369999999997, 
            "Bachelor's" : 0.12900976, 
            "Associate's" : 0.10721757, 
            "Some College" : 0.21495816, 
            "High School" : 0.38023013, 
            "Some H.S." : 0.07723152, 
            "Less than H.S." : 0.03870293, 
            "None" : 0.00034868000000000003
        }
    }
}