{
    "name" : "Bennington County", 
	"state" : "Vermont", 
	"FIPS" : "50003",
    "population" : 36503, 
    "demographics" : {
        "race_and_ethnicity" : {
            "White" : 0.9483604099999999, 
            "Hispanic" : 0.01613566, 
            "Black" : 0.006465220000000001, 
            "Asian" : 0.00578035, 
            "Mixed" : 0.02136811, 
            "Other" : 0.00189026
        }, 
        "age_and_sex" : {
            "85+" : 0.03449, 
            "80-84" : 0.024, 
            "75-79" : 0.03816, 
            "70-74" : 0.05298, 
            "67-69" : 0.03794, 
            "65-66" : 0.024329999999999997, 
            "62-64" : 0.04109, 
            "60-61" : 0.03055, 
            "55-59" : 0.08616, 
            "50-54" : 0.08123, 
            "45-49" : 0.06684, 
            "40-44" : 0.04868, 
            "35-39" : 0.051230000000000005, 
            "30-34" : 0.0463, 
            "25-29" : 0.04657, 
            "22-24" : 0.04002, 
            "21" : 0.01329, 
            "20" : 0.012270000000000001, 
            "18-19" : 0.02871, 
            "15-17" : 0.03781, 
            "10-14" : 0.051559999999999995, 
            "5-9" : 0.05846, 
            "0-4" : 0.04734
        }, 
        "household_types" : {
            "Married" : 0.48951231, 
            "Single Female" : 0.10831872000000001, 
            "Single Male" : 0.04065199, 
            "One-Person" : 0.2929411, 
            "Other Non-Family" : 0.06857587999999999
        }, 
        "marital_status" : {
            "Never Married" : {
                "female" : 0.24878323000000002, 
                "male" : 0.30740514
            }, 
            "Now Married" : {
                "female" : 0.4688007, 
                "male" : 0.5146949
            }, 
            "Separated" : {
                "female" : 0.011418939999999999, 
                "male" : 0.0204982
            }, 
            "Absent Spouse" : {
                "female" : 0.01310371, 
                "male" : 0.01377859
            }, 
            "Widowed" : {
                "female" : 0.11007113, 
                "male" : 0.03794203
            }, 
            "Divorced" : {
                "female" : 0.14782229, 
                "male" : 0.10568111999999999
            }
        }, 
        "ancestry" : {
            "Irish" : 0.21376325000000002, 
            "Unclassified" : 0.17765663, 
            "English" : 0.14453607, 
            "Other" : 0.14122127, 
            "German" : 0.13930362000000002, 
            "French" : 0.12793469, 
            "Italian" : 0.10519683, 
            "American" : 0.06183053, 
            "French Canadian" : 0.05914582, 
            "Scottish" : 0.04243487, 
            "Polish" : 0.03947621, 
            "Russian" : 0.02380626, 
            "Dutch" : 0.01791634, 
            "Welsh" : 0.015423389999999999, 
            "Swedish" : 0.01449196, 
            "European" : 0.01388927, 
            "Greek" : 0.01109498, 
            "Scotch-Irish" : 0.008903379999999999, 
            "Norwegian" : 0.0063830399999999995, 
            "Canadian" : 0.00613648, 
            "Puerto Rican" : 0.42113565000000003, 
            "Other Hispanic" : 0.00731, 
            "Mexican" : 0.17665614999999998, 
            "Spanish" : 0.00307, 
            "South American" : 0.14511041, 
            "Central American" : 0.00252, 
            "Guatemalan" : 0.10410095, 
            "Cuban" : 0.00181, 
            "Argentinean" : 0.09936909, 
            "Peruvian" : 0.0017299999999999998, 
            "Spaniard" : 0.09463722000000001, 
            "Honduran" : 0.00164, 
            "Dominican" : 0.05993691, 
            "Colombian" : 0.00104, 
            "Ecuadorian" : 0.03785489, 
            "Japanese" : 0.36018957, 
            "Indian" : 0.00208, 
            "Chinese" : 0.25592417, 
            "Korean" : 0.00148, 
            "Vietnamese" : 0.14218009, 
            "Filipino" : 0.00082, 
            "Pakistani" : 0.09952607000000001, 
            "Thai" : 0.00058
        }, 
        "employment_status" : {
            "Armed Forces" : 6.616e-05, 
            "Employed" : 0.58784611, 
            "Unemployed" : 0.03361011, 
            "Other" : 0.37847762
        }, 
        "industries" : {
            "Healthcare" : 0.15160383, 
            "Manufacturing" : 0.14040518000000002, 
            "Retail" : 0.13505909000000002, 
            "Education" : 0.11637591, 
            "Construction" : 0.07945976, 
            "Hospitality" : 0.07315701, 
            "Professional" : 0.04929657, 
            "Other Services" : 0.043725379999999994, 
            "Finance & Insurance" : 0.03128869, 
            "Entertainment" : 0.02915025, 
            "Transportation" : 0.02712437, 
            "Administrative" : 0.0266179, 
            "Government" : 0.02453573, 
            "Agriculture" : 0.02166573, 
            "Information" : 0.02121553, 
            "Real estate" : 0.01266179, 
            "Wholesalers" : 0.01159257, 
            "Utilities" : 0.0031513799999999996, 
            "Management" : 0.0015756899999999998, 
            "Oil & Gas, and Mining" : 0.00033765000000000005
        }, 
        "educational_attainment" : {
            "Doctorate" : 0.01472799, 
            "Professional" : 0.02267032, 
            "Master's" : 0.08755831, 
            "Bachelor's" : 0.21097274, 
            "Associate's" : 0.08358715, 
            "Some College" : 0.18348306, 
            "High School" : 0.3027721, 
            "Some H.S." : 0.07047847, 
            "Less than H.S." : 0.01657863, 
            "None" : 0.007171220000000001
        }
    }
}