{
    "name" : "Texas", 
	"FIPS" : "48",
    "population" : 26956435, 
    "demographics" : {
        "race_and_ethnicity" : {
            "White" : 0.43424451, 
            "Hispanic" : 0.38259132, 
            "Black" : 0.11949403, 
            "Asian" : 0.04360454, 
            "Mixed" : 0.01569429, 
            "Other" : 0.00437131
        }, 
        "age_and_sex" : {
            "85+" : 0.01307, 
            "80-84" : 0.0141, 
            "75-79" : 0.01988, 
            "70-74" : 0.02803, 
            "67-69" : 0.022320000000000003, 
            "65-66" : 0.01748, 
            "62-64" : 0.028929999999999997, 
            "60-61" : 0.02147, 
            "55-59" : 0.059359999999999996, 
            "50-54" : 0.06473, 
            "45-49" : 0.06405999999999999, 
            "40-44" : 0.06748, 
            "35-39" : 0.06765, 
            "30-34" : 0.07223, 
            "25-29" : 0.07303, 
            "22-24" : 0.043, 
            "21" : 0.014950000000000001, 
            "20" : 0.01542, 
            "18-19" : 0.028239999999999998, 
            "15-17" : 0.043230000000000005, 
            "10-14" : 0.07361, 
            "5-9" : 0.07465, 
            "0-4" : 0.07311
        }, 
        "household_types" : {
            "Married" : 0.50139834, 
            "Single Female" : 0.14175008, 
            "Single Male" : 0.05118513, 
            "One-Person" : 0.25068286, 
            "Other Non-Family" : 0.05498359
        }, 
        "marital_status" : {
            "Never Married" : {
                "female" : 0.29147652, 
                "male" : 0.35405046
            }, 
            "Now Married" : {
                "female" : 0.44730515, 
                "male" : 0.47323168000000004
            }, 
            "Separated" : {
                "female" : 0.030404620000000004, 
                "male" : 0.020925020000000003
            }, 
            "Absent Spouse" : {
                "female" : 0.02929039, 
                "male" : 0.03612582
            }, 
            "Widowed" : {
                "female" : 0.07942427, 
                "male" : 0.022633269999999997
            }, 
            "Divorced" : {
                "female" : 0.12209904999999999, 
                "male" : 0.09303375000000001
            }
        }, 
        "ancestry" : {
            "Other" : 0.5701194199999999, 
            "Unclassified" : 0.13338771, 
            "German" : 0.0963623, 
            "Irish" : 0.06773574, 
            "English" : 0.06176544, 
            "American" : 0.05717154, 
            "French" : 0.02009594, 
            "Italian" : 0.01898374, 
            "Scottish" : 0.014051119999999999, 
            "Subsaharan African" : 0.011236459999999998, 
            "Polish" : 0.01073232, 
            "Scotch-Irish" : 0.009876939999999999, 
            "European" : 0.00953457, 
            "Dutch" : 0.00763499, 
            "Czech" : 0.00747016, 
            "African" : 0.00619733, 
            "Swedish" : 0.00565635, 
            "Norwegian" : 0.00514771, 
            "Mexican" : 0.87006103, 
            "Central American" : 0.3361, 
            "Other Hispanic" : 0.05266178, 
            "Salvadoran" : 0.020339999999999997, 
            "Puerto Rican" : 0.0359168, 
            "South American" : 0.01387, 
            "Honduran" : 0.027564190000000002, 
            "Guatemalan" : 0.01065, 
            "Spaniard" : 0.016745080000000002, 
            "Cuban" : 0.00647, 
            "Colombian" : 0.01640599, 
            "Indian" : 0.28203464, 
            "Vietnamese" : 0.0123, 
            "Chinese" : 0.20632912999999997, 
            "Filipino" : 0.009000000000000001, 
            "Korean" : 0.15582646, 
            "Pakistani" : 0.006790000000000001, 
            "Japanese" : 0.10462021, 
            "Mixed" : 0.00456, 
            "Burmese" : 0.060304250000000004, 
            "Nepalese" : 0.00263, 
            "Laotian" : 0.05504912, 
            "Cambodian" : 0.0024, 
            "Thai" : 0.01804542, 
            "Taiwanese" : 0.00079, 
            "Not Specified" : 0.01610739, 
            "Bangladeshi" : 0.0007000000000000001
        }, 
        "employment_status" : {
            "Armed Forces" : 0.00450279, 
            "Employed" : 0.6005756600000001, 
            "Unemployed" : 0.041172959999999995, 
            "Other" : 0.35374859000000003
        }, 
        "industries" : {
            "Healthcare" : 0.12033875999999999, 
            "Retail" : 0.11520458, 
            "Education" : 0.09602452, 
            "Manufacturing" : 0.08939398000000001, 
            "Construction" : 0.08010578, 
            "Hospitality" : 0.07513754, 
            "Professional" : 0.06463113, 
            "Other Services" : 0.052724219999999995, 
            "Administrative" : 0.04629511, 
            "Finance & Insurance" : 0.04625389, 
            "Transportation" : 0.045800669999999995, 
            "Government" : 0.04178317, 
            "Wholesalers" : 0.030014159999999998, 
            "Oil & Gas, and Mining" : 0.02449555, 
            "Real estate" : 0.01990083, 
            "Information" : 0.01794414, 
            "Entertainment" : 0.015064349999999999, 
            "Utilities" : 0.008934649999999999, 
            "Agriculture" : 0.00883021, 
            "Management" : 0.00112275
        }, 
        "educational_attainment" : {
            "Doctorate" : 0.01079635, 
            "Professional" : 0.0154813, 
            "Master's" : 0.06984156, 
            "Bachelor's" : 0.18486650999999998, 
            "Associate's" : 0.06793394, 
            "Some College" : 0.22368653, 
            "High School" : 0.25086883, 
            "Some H.S." : 0.08757229999999999, 
            "Less than H.S." : 0.06941657, 
            "None" : 0.01953611
        }
    }
}