{
    "name" : "Lake County", 
	"state" : "Oregon", 
	"FIPS" : "41037",
    "population" : 7799, 
    "demographics" : {
        "race_and_ethnicity" : {
            "White" : 0.85639185, 
            "Hispanic" : 0.07270163, 
            "Black" : 0.00564175, 
            "Asian" : 0.01218105, 
            "Mixed" : 0.04026157, 
            "Other" : 0.01282216
        }, 
        "age_and_sex" : {
            "85+" : 0.028210000000000002, 
            "80-84" : 0.03077, 
            "75-79" : 0.03129, 
            "70-74" : 0.05474999999999999, 
            "67-69" : 0.04629, 
            "65-66" : 0.03911, 
            "62-64" : 0.049240000000000006, 
            "60-61" : 0.034620000000000005, 
            "55-59" : 0.08603999999999999, 
            "50-54" : 0.07527, 
            "45-49" : 0.06655, 
            "40-44" : 0.05283, 
            "35-39" : 0.05474999999999999, 
            "30-34" : 0.04885, 
            "25-29" : 0.04988000000000001, 
            "22-24" : 0.02705, 
            "21" : 0.00923, 
            "20" : 0.0034599999999999995, 
            "18-19" : 0.02705, 
            "15-17" : 0.03282, 
            "10-14" : 0.04629, 
            "5-9" : 0.056929999999999994, 
            "0-4" : 0.04872
        }, 
        "household_types" : {
            "Married" : 0.47227926, 
            "Single Female" : 0.0712819, 
            "Single Male" : 0.01613376, 
            "One-Person" : 0.3763567, 
            "Other Non-Family" : 0.06394837
        }, 
        "marital_status" : {
            "Never Married" : {
                "female" : 0.17616241, 
                "male" : 0.24410112
            }, 
            "Now Married" : {
                "female" : 0.52848723, 
                "male" : 0.45533707999999995
            }, 
            "Separated" : {
                "female" : 0.02095612, 
                "male" : 0.02668539
            }, 
            "Absent Spouse" : {
                "female" : 0.016044529999999998, 
                "male" : 0.03398876
            }, 
            "Widowed" : {
                "female" : 0.0913556, 
                "male" : 0.04213483
            }, 
            "Divorced" : {
                "female" : 0.16699411, 
                "male" : 0.19775281
            }
        }, 
        "ancestry" : {
            "Other" : 0.26593153, 
            "German" : 0.21053981, 
            "Irish" : 0.18463906000000002, 
            "Unclassified" : 0.15489165, 
            "English" : 0.12706757, 
            "American" : 0.07129119, 
            "Norwegian" : 0.05000641, 
            "French" : 0.03987691, 
            "Dutch" : 0.03667137, 
            "Scottish" : 0.0362867, 
            "Swedish" : 0.03064495, 
            "Italian" : 0.02859341, 
            "Scotch-Irish" : 0.01577125, 
            "Welsh" : 0.01115528, 
            "Czech" : 0.01051417, 
            "Portuguese" : 0.00987306, 
            "European" : 0.009488400000000001, 
            "Russian" : 0.00730863, 
            "Swiss" : 0.00679574, 
            "Danish" : 0.00615464, 
            "Mexican" : 0.8006756799999999, 
            "Other Hispanic" : 0.06078, 
            "Puerto Rican" : 0.125, 
            "Spaniard" : 0.00949, 
            "Spanish" : 0.04560811, 
            "Central American" : 0.0034599999999999995, 
            "Salvadoran" : 0.04222972999999999, 
            "Filipino" : 0.48421053000000003, 
            "Japanese" : 0.0059, 
            "Chinese" : 0.38947368, 
            "Korean" : 0.004739999999999999
        }, 
        "employment_status" : {
            "Armed Forces" : 0.0, 
            "Employed" : 0.44439352, 
            "Unemployed" : 0.04323251, 
            "Other" : 0.5123739700000001
        }, 
        "industries" : {
            "Agriculture" : 0.24441389000000002, 
            "Government" : 0.10897216, 
            "Healthcare" : 0.10209694000000001, 
            "Retail" : 0.09625301, 
            "Hospitality" : 0.07081471, 
            "Education" : 0.06497078, 
            "Manufacturing" : 0.061533170000000005, 
            "Construction" : 0.058783089999999996, 
            "Other Services" : 0.04984531, 
            "Administrative" : 0.04537642, 
            "Wholesalers" : 0.02062564, 
            "Finance & Insurance" : 0.01615675, 
            "Professional" : 0.01546923, 
            "Utilities" : 0.013750430000000001, 
            "Information" : 0.01340667, 
            "Transportation" : 0.011000339999999999, 
            "Oil & Gas, and Mining" : 0.00446889, 
            "Entertainment" : 0.0020625599999999997, 
            "Real estate" : 0.0, 
            "Management" : 0.0
        }, 
        "educational_attainment" : {
            "Doctorate" : 0.00256981, 
            "Professional" : 0.01199246, 
            "Master's" : 0.03512078, 
            "Bachelor's" : 0.12352236, 
            "Associate's" : 0.08788760999999999, 
            "Some College" : 0.24430358, 
            "High School" : 0.3339044, 
            "Some H.S." : 0.13088916, 
            "Less than H.S." : 0.02861059, 
            "None" : 0.00119925
        }
    }
}