{
    "name" : "Clackamas County", 
	"state" : "Oregon", 
	"FIPS" : "41005",
    "population" : 394967, 
    "demographics" : {
        "race_and_ethnicity" : {
            "White" : 0.8323733400000001, 
            "Hispanic" : 0.08063205, 
            "Black" : 0.00912481, 
            "Asian" : 0.04051478, 
            "Mixed" : 0.02931131, 
            "Other" : 0.008043709999999999
        }, 
        "age_and_sex" : {
            "85+" : 0.02001, 
            "80-84" : 0.018420000000000002, 
            "75-79" : 0.025990000000000003, 
            "70-74" : 0.03934, 
            "67-69" : 0.03129, 
            "65-66" : 0.02644, 
            "62-64" : 0.041929999999999995, 
            "60-61" : 0.02923, 
            "55-59" : 0.07586999999999999, 
            "50-54" : 0.07478, 
            "45-49" : 0.06849999999999999, 
            "40-44" : 0.06621, 
            "35-39" : 0.06194, 
            "30-34" : 0.059660000000000005, 
            "25-29" : 0.057640000000000004, 
            "22-24" : 0.03488, 
            "21" : 0.010509999999999999, 
            "20" : 0.012, 
            "18-19" : 0.02251, 
            "15-17" : 0.042350000000000006, 
            "10-14" : 0.06537, 
            "5-9" : 0.060579999999999995, 
            "0-4" : 0.05455
        }, 
        "household_types" : {
            "Married" : 0.54648363, 
            "Single Female" : 0.09533576, 
            "Single Male" : 0.04465101, 
            "One-Person" : 0.24362554, 
            "Other Non-Family" : 0.06990407
        }, 
        "marital_status" : {
            "Never Married" : {
                "female" : 0.23179814, 
                "male" : 0.28865731
            }, 
            "Now Married" : {
                "female" : 0.50654018, 
                "male" : 0.5392226999999999
            }, 
            "Separated" : {
                "female" : 0.01863455, 
                "male" : 0.015254509999999999
            }, 
            "Absent Spouse" : {
                "female" : 0.02170413, 
                "male" : 0.02421843
            }, 
            "Widowed" : {
                "female" : 0.08112362, 
                "male" : 0.02127269
            }, 
            "Divorced" : {
                "female" : 0.14019937000000002, 
                "male" : 0.11137435999999999
            }
        }, 
        "ancestry" : {
            "Other" : 0.23596149, 
            "German" : 0.21263295, 
            "Unclassified" : 0.1685913, 
            "English" : 0.12401036, 
            "Irish" : 0.11651353, 
            "American" : 0.06303058, 
            "Norwegian" : 0.04501136, 
            "Italian" : 0.04231746, 
            "Scottish" : 0.03615998, 
            "French" : 0.03278755, 
            "Swedish" : 0.03161783, 
            "European" : 0.02710353, 
            "Dutch" : 0.018854740000000002, 
            "Polish" : 0.01788251, 
            "Russian" : 0.01409991, 
            "Scotch-Irish" : 0.014029020000000001, 
            "Welsh" : 0.01012743, 
            "Danish" : 0.00992741, 
            "Ukrainian" : 0.00923621, 
            "British" : 0.00833487, 
            "Mexican" : 0.8037411899999999, 
            "Other Hispanic" : 0.06614, 
            "Central American" : 0.06584008, 
            "South American" : 0.00542, 
            "Puerto Rican" : 0.051133740000000004, 
            "Spaniard" : 0.00421, 
            "Salvadoran" : 0.03415069, 
            "Guatemalan" : 0.0028100000000000004, 
            "Spanish" : 0.03122789, 
            "Cuban" : 0.0025700000000000002, 
            "Colombian" : 0.03113559, 
            "Peruvian" : 0.00256, 
            "Chinese" : 0.25196850000000004, 
            "Vietnamese" : 0.010209999999999999, 
            "Filipino" : 0.12648419, 
            "Indian" : 0.00512, 
            "Korean" : 0.11179853, 
            "Japanese" : 0.00453, 
            "Cambodian" : 0.0951756, 
            "Mixed" : 0.00386, 
            "Laotian" : 0.08836395, 
            "Hmong" : 0.00358, 
            "Burmese" : 0.0832396, 
            "Mongolian" : 0.00337, 
            "Pakistani" : 0.054868139999999996, 
            "Taiwanese" : 0.00222, 
            "Thai" : 0.03712036, 
            "Nepalese" : 0.0015
        }, 
        "employment_status" : {
            "Armed Forces" : 0.0003109, 
            "Employed" : 0.60442732, 
            "Unemployed" : 0.04334991, 
            "Other" : 0.35191187
        }, 
        "industries" : {
            "Healthcare" : 0.13724808, 
            "Retail" : 0.12836353, 
            "Manufacturing" : 0.12211317, 
            "Construction" : 0.07035419, 
            "Professional" : 0.06966317, 
            "Education" : 0.06895136, 
            "Hospitality" : 0.06181775, 
            "Other Services" : 0.0500756, 
            "Finance & Insurance" : 0.04945732, 
            "Transportation" : 0.04084294, 
            "Wholesalers" : 0.04019349, 
            "Government" : 0.037829470000000004, 
            "Administrative" : 0.0352888, 
            "Real estate" : 0.02401945, 
            "Entertainment" : 0.019904500000000002, 
            "Agriculture" : 0.01734825, 
            "Information" : 0.01673516, 
            "Utilities" : 0.00891053, 
            "Management" : 0.00063387, 
            "Oil & Gas, and Mining" : 0.00024939
        }, 
        "educational_attainment" : {
            "Doctorate" : 0.01244408, 
            "Professional" : 0.024426999999999997, 
            "Master's" : 0.08373155, 
            "Bachelor's" : 0.22003544000000003, 
            "Associate's" : 0.09345587, 
            "Some College" : 0.27436527, 
            "High School" : 0.2242803, 
            "Some H.S." : 0.04392284, 
            "Less than H.S." : 0.01688139, 
            "None" : 0.00645625
        }
    }
}