{
    "name" : "Linn County", 
	"state" : "Oregon", 
	"FIPS" : "41043",
    "population" : 119862, 
    "demographics" : {
        "race_and_ethnicity" : {
            "White" : 0.8613906, 
            "Hispanic" : 0.08379637000000001, 
            "Black" : 0.00493067, 
            "Asian" : 0.011454839999999999, 
            "Mixed" : 0.023343509999999998, 
            "Other" : 0.015084010000000002
        }, 
        "age_and_sex" : {
            "85+" : 0.021179999999999997, 
            "80-84" : 0.01965, 
            "75-79" : 0.03008, 
            "70-74" : 0.043710000000000006, 
            "67-69" : 0.03727, 
            "65-66" : 0.020550000000000002, 
            "62-64" : 0.04085, 
            "60-61" : 0.02947, 
            "55-59" : 0.06805, 
            "50-54" : 0.06808, 
            "45-49" : 0.060540000000000004, 
            "40-44" : 0.05395, 
            "35-39" : 0.06530999999999999, 
            "30-34" : 0.06116, 
            "25-29" : 0.06642, 
            "22-24" : 0.03243, 
            "21" : 0.01169, 
            "20" : 0.01646, 
            "18-19" : 0.02073, 
            "15-17" : 0.040350000000000004, 
            "10-14" : 0.06331, 
            "5-9" : 0.06774, 
            "0-4" : 0.06105000000000001
        }, 
        "household_types" : {
            "Married" : 0.51959099, 
            "Single Female" : 0.11291815, 
            "Single Male" : 0.04687293000000001, 
            "One-Person" : 0.24974657, 
            "Other Non-Family" : 0.07087135
        }, 
        "marital_status" : {
            "Never Married" : {
                "female" : 0.22614647999999998, 
                "male" : 0.29169837
            }, 
            "Now Married" : {
                "female" : 0.48765169999999997, 
                "male" : 0.52094429
            }, 
            "Separated" : {
                "female" : 0.0222128, 
                "male" : 0.01175078
            }, 
            "Absent Spouse" : {
                "female" : 0.022192609999999998, 
                "male" : 0.025593880000000003
            }, 
            "Widowed" : {
                "female" : 0.09240524, 
                "male" : 0.030475949999999998
            }, 
            "Divorced" : {
                "female" : 0.14939117, 
                "male" : 0.11953673000000001
            }
        }, 
        "ancestry" : {
            "Unclassified" : 0.26847540999999997, 
            "Other" : 0.23037326, 
            "German" : 0.1993626, 
            "Irish" : 0.10396122000000001, 
            "English" : 0.10186714999999999, 
            "American" : 0.06587576, 
            "Norwegian" : 0.03800204, 
            "French" : 0.027865380000000002, 
            "Italian" : 0.02733143, 
            "Scottish" : 0.02561279, 
            "Swedish" : 0.02467004, 
            "European" : 0.024044319999999998, 
            "Dutch" : 0.022993109999999997, 
            "Polish" : 0.01516744, 
            "Scotch-Irish" : 0.010445349999999999, 
            "Danish" : 0.0103202, 
            "Welsh" : 0.009561, 
            "Swiss" : 0.00633228, 
            "Czech" : 0.006073650000000001, 
            "Portuguese" : 0.00563982, 
            "Mexican" : 0.8250447599999999, 
            "Other Hispanic" : 0.0692, 
            "Central American" : 0.06455142, 
            "Puerto Rican" : 0.005410000000000001, 
            "Spanish" : 0.04465884, 
            "Spaniard" : 0.00375, 
            "Salvadoran" : 0.03998409, 
            "Guatemalan" : 0.00335, 
            "Cuban" : 0.02446787, 
            "South American" : 0.0020499999999999997, 
            "Panamanian" : 0.02138452, 
            "Indian" : 0.18645302, 
            "Japanese" : 0.00214, 
            "Filipino" : 0.17552804, 
            "Korean" : 0.00201, 
            "Vietnamese" : 0.15731973999999999, 
            "Cambodian" : 0.0018, 
            "Chinese" : 0.14202476, 
            "Mixed" : 0.0016300000000000002, 
            "Laotian" : 0.10560816, 
            "Not Specified" : 0.00121, 
            "Thai" : 0.05972323
        }, 
        "employment_status" : {
            "Armed Forces" : 0.00038813, 
            "Employed" : 0.51933829, 
            "Unemployed" : 0.056687890000000005, 
            "Other" : 0.42358569
        }, 
        "industries" : {
            "Healthcare" : 0.15369233, 
            "Manufacturing" : 0.14737012, 
            "Retail" : 0.13207966000000002, 
            "Education" : 0.08295629, 
            "Construction" : 0.07023107, 
            "Hospitality" : 0.06184859, 
            "Government" : 0.050496889999999996, 
            "Other Services" : 0.048658799999999995, 
            "Agriculture" : 0.04330613, 
            "Administrative" : 0.03870082, 
            "Transportation" : 0.03742829, 
            "Professional" : 0.03262099, 
            "Wholesalers" : 0.02823786, 
            "Finance & Insurance" : 0.01977458, 
            "Real estate" : 0.0178355, 
            "Entertainment" : 0.01323019, 
            "Information" : 0.012846409999999999, 
            "Utilities" : 0.00799871, 
            "Oil & Gas, and Mining" : 0.00068676, 
            "Management" : 0.0
        }, 
        "educational_attainment" : {
            "Doctorate" : 0.0061759200000000005, 
            "Professional" : 0.009215250000000001, 
            "Master's" : 0.04167528, 
            "Bachelor's" : 0.12422345, 
            "Associate's" : 0.10086925000000001, 
            "Some College" : 0.31003586, 
            "High School" : 0.30434624, 
            "Some H.S." : 0.07640873, 
            "Less than H.S." : 0.02064312, 
            "None" : 0.00640691
        }
    }
}