{
    "name" : "Carbon County", 
	"state" : "Montana", 
	"FIPS" : "30009",
    "population" : 10340, 
    "demographics" : {
        "race_and_ethnicity" : {
            "White" : 0.94787234, 
            "Hispanic" : 0.0237911, 
            "Black" : 9.671000000000001e-05, 
            "Asian" : 0.00232108, 
            "Mixed" : 0.0139265, 
            "Other" : 0.01199226
        }, 
        "age_and_sex" : {
            "85+" : 0.03143, 
            "80-84" : 0.02408, 
            "75-79" : 0.028919999999999998, 
            "70-74" : 0.0501, 
            "67-69" : 0.05416000000000001, 
            "65-66" : 0.03878, 
            "62-64" : 0.05793, 
            "60-61" : 0.043129999999999995, 
            "55-59" : 0.08471999999999999, 
            "50-54" : 0.0794, 
            "45-49" : 0.06557, 
            "40-44" : 0.04729, 
            "35-39" : 0.0677, 
            "30-34" : 0.04536, 
            "25-29" : 0.04188, 
            "22-24" : 0.02321, 
            "21" : 0.00822, 
            "20" : 0.00522, 
            "18-19" : 0.017410000000000002, 
            "15-17" : 0.03752, 
            "10-14" : 0.05918999999999999, 
            "5-9" : 0.04884, 
            "0-4" : 0.03994
        }, 
        "household_types" : {
            "Married" : 0.51790194, 
            "Single Female" : 0.0613455, 
            "Single Male" : 0.044925879999999994, 
            "One-Person" : 0.33523375, 
            "Other Non-Family" : 0.04059293
        }, 
        "marital_status" : {
            "Never Married" : {
                "female" : 0.18776800000000002, 
                "male" : 0.23909568
            }, 
            "Now Married" : {
                "female" : 0.52380952, 
                "male" : 0.53756565
            }, 
            "Separated" : {
                "female" : 0.00993004, 
                "male" : 0.00890614
            }, 
            "Absent Spouse" : {
                "female" : 0.018505979999999998, 
                "male" : 0.028088600000000002
            }, 
            "Widowed" : {
                "female" : 0.0990747, 
                "male" : 0.044530709999999994
            }, 
            "Divorced" : {
                "female" : 0.16091176000000001, 
                "male" : 0.1418132
            }
        }, 
        "ancestry" : {
            "German" : 0.28617021000000004, 
            "American" : 0.19932302, 
            "Irish" : 0.12388781, 
            "Unclassified" : 0.1040619, 
            "English" : 0.09516441, 
            "Other" : 0.09158607, 
            "Norwegian" : 0.09139265, 
            "French" : 0.037234039999999996, 
            "Italian" : 0.03655706, 
            "Scottish" : 0.02882012, 
            "Swedish" : 0.022340429999999998, 
            "Finnish" : 0.02088975, 
            "Dutch" : 0.01847195, 
            "Danish" : 0.01740812, 
            "Polish" : 0.013346229999999999, 
            "European" : 0.01276596, 
            "Czech" : 0.00918762, 
            "Scotch-Irish" : 0.00880077, 
            "Russian" : 0.00831721, 
            "Welsh" : 0.008123789999999999, 
            "Mexican" : 0.82113821, 
            "Other Hispanic" : 0.01954, 
            "Spanish" : 0.07723577, 
            "Central American" : 0.00184, 
            "Costa Rican" : 0.07723577, 
            "Puerto Rican" : 0.00184, 
            "Chinese" : 0.41666666999999996, 
            "Japanese" : 0.00097, 
            "Filipino" : 0.29166667, 
            "Korean" : 0.00068
        }, 
        "employment_status" : {
            "Armed Forces" : 0.0018376, 
            "Employed" : 0.58183071, 
            "Unemployed" : 0.02262547, 
            "Other" : 0.39370621
        }, 
        "industries" : {
            "Healthcare" : 0.12376629, 
            "Retail" : 0.10975127999999999, 
            "Hospitality" : 0.08665613999999999, 
            "Agriculture" : 0.08566917, 
            "Construction" : 0.08369522, 
            "Education" : 0.0740229, 
            "Transportation" : 0.056257400000000006, 
            "Oil & Gas, and Mining" : 0.05586261000000001, 
            "Manufacturing" : 0.04559811, 
            "Government" : 0.04559811, 
            "Other Services" : 0.045400710000000004, 
            "Finance & Insurance" : 0.038294510000000004, 
            "Professional" : 0.03572839, 
            "Administrative" : 0.024871690000000002, 
            "Entertainment" : 0.02171338, 
            "Utilities" : 0.01914726, 
            "Real estate" : 0.01894986, 
            "Wholesalers" : 0.0177655, 
            "Information" : 0.011251480000000001, 
            "Management" : 0.0
        }, 
        "educational_attainment" : {
            "Doctorate" : 0.01411675, 
            "Professional" : 0.015388530000000001, 
            "Master's" : 0.06638688, 
            "Bachelor's" : 0.19572682, 
            "Associate's" : 0.07846878, 
            "Some College" : 0.27228793, 
            "High School" : 0.29619738, 
            "Some H.S." : 0.040569759999999996, 
            "Less than H.S." : 0.015388530000000001, 
            "None" : 0.00546865
        }
    }
}