{
    "name" : "Prairie County", 
	"state" : "Montana", 
	"FIPS" : "30079",
    "population" : 1414, 
    "demographics" : {
        "race_and_ethnicity" : {
            "White" : 0.95898161, 
            "Hispanic" : 0.01485149, 
            "Black" : 0.0, 
            "Asian" : 0.0, 
            "Mixed" : 0.02545969, 
            "Other" : 0.0007072100000000001
        }, 
        "age_and_sex" : {
            "85+" : 0.03182, 
            "80-84" : 0.03819, 
            "75-79" : 0.02475, 
            "70-74" : 0.05728, 
            "67-69" : 0.06506, 
            "65-66" : 0.04173, 
            "62-64" : 0.05021, 
            "60-61" : 0.04314, 
            "55-59" : 0.11173999999999999, 
            "50-54" : 0.04173, 
            "45-49" : 0.04173, 
            "40-44" : 0.07779, 
            "35-39" : 0.03819, 
            "30-34" : 0.02405, 
            "25-29" : 0.028290000000000003, 
            "22-24" : 0.01627, 
            "21" : 0.0, 
            "20" : 0.01414, 
            "18-19" : 0.00919, 
            "15-17" : 0.03324, 
            "10-14" : 0.09477000000000001, 
            "5-9" : 0.054459999999999995, 
            "0-4" : 0.06223
        }, 
        "household_types" : {
            "Married" : 0.63586957, 
            "Single Female" : 0.05615942, 
            "Single Male" : 0.00724638, 
            "One-Person" : 0.24275362, 
            "Other Non-Family" : 0.057971009999999996
        }, 
        "marital_status" : {
            "Never Married" : {
                "female" : 0.11531191, 
                "male" : 0.22866894
            }, 
            "Now Married" : {
                "female" : 0.65217391, 
                "male" : 0.61262799
            }, 
            "Separated" : {
                "female" : 0.0, 
                "male" : 0.0
            }, 
            "Absent Spouse" : {
                "female" : 0.03402647, 
                "male" : 0.01535836
            }, 
            "Widowed" : {
                "female" : 0.13799622, 
                "male" : 0.06143345
            }, 
            "Divorced" : {
                "female" : 0.06049149, 
                "male" : 0.08191126
            }
        }, 
        "employment_status" : {
            "Armed Forces" : 0.0, 
            "Employed" : 0.51356239, 
            "Unemployed" : 0.03797468, 
            "Other" : 0.44846293000000004
        }, 
        "industries" : {
            "Agriculture" : 0.28697183, 
            "Healthcare" : 0.14612676, 
            "Government" : 0.125, 
            "Retail" : 0.11795775000000001, 
            "Construction" : 0.08450704, 
            "Education" : 0.04401408, 
            "Other Services" : 0.0334507, 
            "Administrative" : 0.02640845, 
            "Oil & Gas, and Mining" : 0.024647890000000002, 
            "Professional" : 0.02288732, 
            "Hospitality" : 0.0193662, 
            "Manufacturing" : 0.01760563, 
            "Transportation" : 0.01760563, 
            "Entertainment" : 0.01232394, 
            "Utilities" : 0.01056338, 
            "Information" : 0.00704225, 
            "Wholesalers" : 0.00352113, 
            "Finance & Insurance" : 0.0, 
            "Real estate" : 0.0, 
            "Management" : 0.0
        }, 
        "educational_attainment" : {
            "Doctorate" : 0.00494071, 
            "Professional" : 0.0187747, 
            "Master's" : 0.03162055, 
            "Bachelor's" : 0.13636364, 
            "Associate's" : 0.13833992, 
            "Some College" : 0.18379447, 
            "High School" : 0.41699605, 
            "Some H.S." : 0.03359684, 
            "Less than H.S." : 0.03162055, 
            "None" : 0.00395257
        }
    }
}