{
    "name" : "Blaine County", 
	"state" : "Montana", 
	"FIPS" : "30005",
    "population" : 6609, 
    "demographics" : {
        "race_and_ethnicity" : {
            "White" : 0.46693902000000004, 
            "Hispanic" : 0.02390679, 
            "Black" : 0.00226963, 
            "Asian" : 0.0, 
            "Mixed" : 0.02209109, 
            "Other" : 0.48479346
        }, 
        "age_and_sex" : {
            "85+" : 0.02497, 
            "80-84" : 0.011049999999999999, 
            "75-79" : 0.02527, 
            "70-74" : 0.0342, 
            "67-69" : 0.0236, 
            "65-66" : 0.022850000000000002, 
            "62-64" : 0.03011, 
            "60-61" : 0.02481, 
            "55-59" : 0.06839, 
            "50-54" : 0.06915, 
            "45-49" : 0.054619999999999995, 
            "40-44" : 0.04872, 
            "35-39" : 0.05266, 
            "30-34" : 0.058710000000000005, 
            "25-29" : 0.05901, 
            "22-24" : 0.03223, 
            "21" : 0.01574, 
            "20" : 0.01195, 
            "18-19" : 0.03041, 
            "15-17" : 0.04827, 
            "10-14" : 0.08034000000000001, 
            "5-9" : 0.08927, 
            "0-4" : 0.08367000000000001
        }, 
        "household_types" : {
            "Married" : 0.45754509, 
            "Single Female" : 0.16234052, 
            "Single Male" : 0.05543335, 
            "One-Person" : 0.27056753, 
            "Other Non-Family" : 0.05411351
        }, 
        "marital_status" : {
            "Never Married" : {
                "female" : 0.27955714, 
                "male" : 0.36658354000000004
            }, 
            "Now Married" : {
                "female" : 0.44365361999999997, 
                "male" : 0.42477139999999997
            }, 
            "Separated" : {
                "female" : 0.020956899999999997, 
                "male" : 0.010806320000000001
            }, 
            "Absent Spouse" : {
                "female" : 0.041518389999999995, 
                "male" : 0.05236908
            }, 
            "Widowed" : {
                "female" : 0.13681297, 
                "male" : 0.03449709
            }, 
            "Divorced" : {
                "female" : 0.07750098999999999, 
                "male" : 0.11097257
            }
        }, 
        "employment_status" : {
            "Armed Forces" : 0.0, 
            "Employed" : 0.5382383399999999, 
            "Unemployed" : 0.08911917000000001, 
            "Other" : 0.37264249
        }, 
        "industries" : {
            "Agriculture" : 0.18367346999999998, 
            "Government" : 0.13785137, 
            "Education" : 0.12167886, 
            "Healthcare" : 0.10627647, 
            "Retail" : 0.09857528, 
            "Construction" : 0.08586831, 
            "Hospitality" : 0.035810550000000003, 
            "Finance & Insurance" : 0.03311513, 
            "Other Services" : 0.03003466, 
            "Entertainment" : 0.02810936, 
            "Professional" : 0.02695418, 
            "Administrative" : 0.02695418, 
            "Transportation" : 0.0219484, 
            "Wholesalers" : 0.021178279999999997, 
            "Real estate" : 0.01193685, 
            "Utilities" : 0.01078167, 
            "Manufacturing" : 0.00924143, 
            "Oil & Gas, and Mining" : 0.006160949999999999, 
            "Information" : 0.0038506, 
            "Management" : 0.0
        }, 
        "educational_attainment" : {
            "Doctorate" : 0.00572282, 
            "Professional" : 0.00298582, 
            "Master's" : 0.03831799, 
            "Bachelor's" : 0.14879323, 
            "Associate's" : 0.11520279, 
            "Some College" : 0.29136601, 
            "High School" : 0.29161483, 
            "Some H.S." : 0.07340134, 
            "Less than H.S." : 0.02736999, 
            "None" : 0.00522518
        }
    }
}