{
    "name" : "Wibaux County", 
	"state" : "Montana", 
	"FIPS" : "30109",
    "population" : 1143, 
    "demographics" : {
        "race_and_ethnicity" : {
            "White" : 0.98512686, 
            "Hispanic" : 0.01487314, 
            "Black" : 0.0, 
            "Asian" : 0.0, 
            "Mixed" : 0.0, 
            "Other" : 0.0
        }, 
        "age_and_sex" : {
            "85+" : 0.04462, 
            "80-84" : 0.05074, 
            "75-79" : 0.05337, 
            "70-74" : 0.06037, 
            "67-69" : 0.03237, 
            "65-66" : 0.046369999999999995, 
            "62-64" : 0.04549, 
            "60-61" : 0.03762, 
            "55-59" : 0.04199, 
            "50-54" : 0.09624, 
            "45-49" : 0.08399, 
            "40-44" : 0.030619999999999998, 
            "35-39" : 0.021, 
            "30-34" : 0.04899, 
            "25-29" : 0.03587, 
            "22-24" : 0.04199, 
            "21" : 0.0, 
            "20" : 0.0, 
            "18-19" : 0.00787, 
            "15-17" : 0.04899, 
            "10-14" : 0.04812, 
            "5-9" : 0.055990000000000005, 
            "0-4" : 0.06737
        }, 
        "household_types" : {
            "Married" : 0.56653226, 
            "Single Female" : 0.06451613, 
            "Single Male" : 0.0625, 
            "One-Person" : 0.28225806, 
            "Other Non-Family" : 0.024193549999999998
        }, 
        "marital_status" : {
            "Never Married" : {
                "female" : 0.14285714, 
                "male" : 0.18350515
            }, 
            "Now Married" : {
                "female" : 0.62337662, 
                "male" : 0.5690721599999999
            }, 
            "Separated" : {
                "female" : 0.004329, 
                "male" : 0.01030928
            }, 
            "Absent Spouse" : {
                "female" : 0.0, 
                "male" : 0.02680412
            }, 
            "Widowed" : {
                "female" : 0.12554113, 
                "male" : 0.06597938
            }, 
            "Divorced" : {
                "female" : 0.10389609999999999, 
                "male" : 0.1443299
            }
        }, 
        "employment_status" : {
            "Armed Forces" : 0.0, 
            "Employed" : 0.57081545, 
            "Unemployed" : 0.01609442, 
            "Other" : 0.41309013
        }, 
        "industries" : {
            "Agriculture" : 0.16917293, 
            "Education" : 0.14849624, 
            "Government" : 0.10902255999999999, 
            "Transportation" : 0.10526316, 
            "Healthcare" : 0.09586465999999999, 
            "Retail" : 0.08082706999999999, 
            "Oil & Gas, and Mining" : 0.06954887, 
            "Finance & Insurance" : 0.033834590000000005, 
            "Construction" : 0.03195489, 
            "Real estate" : 0.03195489, 
            "Information" : 0.02067669, 
            "Entertainment" : 0.02067669, 
            "Hospitality" : 0.01879699, 
            "Manufacturing" : 0.01691729, 
            "Administrative" : 0.01691729, 
            "Professional" : 0.01503759, 
            "Utilities" : 0.009398499999999999, 
            "Other Services" : 0.0056391, 
            "Wholesalers" : 0.0, 
            "Management" : 0.0
        }, 
        "educational_attainment" : {
            "Doctorate" : 0.00239808, 
            "Professional" : 0.00239808, 
            "Master's" : 0.01558753, 
            "Bachelor's" : 0.18105516000000002, 
            "Associate's" : 0.08872901999999999, 
            "Some College" : 0.21342925999999998, 
            "High School" : 0.37529976, 
            "Some H.S." : 0.07673861, 
            "Less than H.S." : 0.044364509999999996, 
            "None" : 0.0
        }
    }
}