{
    "name" : "Calhoun County", 
	"state" : "Alabama", 
	"FIPS" : "01015",
    "population" : 115883, 
    "demographics" : {
        "race_and_ethnicity" : {
            "White" : 0.72997765, 
            "Hispanic" : 0.03237748, 
            "Black" : 0.2053019, 
            "Asian" : 0.00931112, 
            "Mixed" : 0.02077095, 
            "Other" : 0.0022609
        }, 
        "age_and_sex" : {
            "85+" : 0.01701, 
            "80-84" : 0.02037, 
            "75-79" : 0.02859, 
            "70-74" : 0.03932, 
            "67-69" : 0.03186, 
            "65-66" : 0.022170000000000002, 
            "62-64" : 0.03811, 
            "60-61" : 0.0288, 
            "55-59" : 0.07011, 
            "50-54" : 0.07007, 
            "45-49" : 0.06387999999999999, 
            "40-44" : 0.060309999999999996, 
            "35-39" : 0.06079, 
            "30-34" : 0.06079, 
            "25-29" : 0.06663000000000001, 
            "22-24" : 0.04066, 
            "21" : 0.01582, 
            "20" : 0.01602, 
            "18-19" : 0.027440000000000003, 
            "15-17" : 0.03994, 
            "10-14" : 0.060700000000000004, 
            "5-9" : 0.06429, 
            "0-4" : 0.05634
        }, 
        "household_types" : {
            "Married" : 0.47686983, 
            "Single Female" : 0.16422977, 
            "Single Male" : 0.04004792, 
            "One-Person" : 0.27205964, 
            "Other Non-Family" : 0.04679284
        }, 
        "marital_status" : {
            "Never Married" : {
                "female" : 0.24639687999999998, 
                "male" : 0.30542484000000003
            }, 
            "Now Married" : {
                "female" : 0.45076077, 
                "male" : 0.48708159
            }, 
            "Separated" : {
                "female" : 0.03193625, 
                "male" : 0.02643612
            }, 
            "Absent Spouse" : {
                "female" : 0.017403349999999998, 
                "male" : 0.017668470000000002
            }, 
            "Widowed" : {
                "female" : 0.11481794000000001, 
                "male" : 0.030253930000000002
            }, 
            "Divorced" : {
                "female" : 0.13868481, 
                "male" : 0.13313504
            }
        }, 
        "ancestry" : {
            "Unclassified" : 0.33829811, 
            "Other" : 0.29301105, 
            "American" : 0.14166874999999998, 
            "Irish" : 0.10208572, 
            "German" : 0.08273862, 
            "English" : 0.07040721999999999, 
            "Scottish" : 0.0178197, 
            "Italian" : 0.01632681, 
            "French" : 0.014238500000000001, 
            "Scotch-Irish" : 0.01267658, 
            "Subsaharan African" : 0.01152887, 
            "Dutch" : 0.01108877, 
            "African" : 0.00931974, 
            "European" : 0.007498939999999999, 
            "Welsh" : 0.0065238200000000005, 
            "Mexican" : 0.65745856, 
            "Puerto Rican" : 0.02259, 
            "Other Hispanic" : 0.14816675, 
            "Central American" : 0.00509, 
            "South American" : 0.0693119, 
            "Guatemalan" : 0.0023799999999999997, 
            "Spaniard" : 0.05399297, 
            "Cuban" : 0.0018599999999999999, 
            "Peruvian" : 0.04721246, 
            "Colombian" : 0.0016200000000000001, 
            "Salvadoran" : 0.0359116, 
            "Panamanian" : 0.00123, 
            "Ecuadorian" : 0.03038674, 
            "Korean" : 0.26506024, 
            "Filipino" : 0.00247, 
            "Thai" : 0.15940685999999998, 
            "Vietnamese" : 0.00148, 
            "Indian" : 0.14272475, 
            "Chinese" : 0.00133, 
            "Japanese" : 0.13438369, 
            "Pakistani" : 0.00125, 
            "Cambodian" : 0.11770158
        }, 
        "employment_status" : {
            "Armed Forces" : 0.0033358700000000003, 
            "Employed" : 0.5042422400000001, 
            "Unemployed" : 0.06669599, 
            "Other" : 0.4257259
        }, 
        "industries" : {
            "Manufacturing" : 0.16860243, 
            "Healthcare" : 0.12582429, 
            "Retail" : 0.12137843, 
            "Education" : 0.10027654, 
            "Government" : 0.07923846, 
            "Hospitality" : 0.07900447, 
            "Construction" : 0.058264199999999995, 
            "Other Services" : 0.04307594, 
            "Transportation" : 0.03773665, 
            "Administrative" : 0.03722612, 
            "Professional" : 0.03195065, 
            "Finance & Insurance" : 0.03097213, 
            "Wholesalers" : 0.025569030000000003, 
            "Entertainment" : 0.01554988, 
            "Information" : 0.014571369999999998, 
            "Real estate" : 0.010125509999999999, 
            "Utilities" : 0.01010423, 
            "Agriculture" : 0.00952989, 
            "Oil & Gas, and Mining" : 0.00099979, 
            "Management" : 0.0
        }, 
        "educational_attainment" : {
            "Doctorate" : 0.008148889999999999, 
            "Professional" : 0.01093299, 
            "Master's" : 0.05260548, 
            "Bachelor's" : 0.1048423, 
            "Associate's" : 0.07336545, 
            "Some College" : 0.25275549999999997, 
            "High School" : 0.32071802, 
            "Some H.S." : 0.12186470999999999, 
            "Less than H.S." : 0.042803930000000004, 
            "None" : 0.01196273
        }
    }
}