{
    "name" : "Dekalb County", 
	"state" : "Alabama", 
	"FIPS" : "01049",
    "population" : 70937, 
    "demographics" : {
        "race_and_ethnicity" : {
            "White" : 0.81015549, 
            "Hispanic" : 0.13967323, 
            "Black" : 0.01525297, 
            "Asian" : 0.00301676, 
            "Mixed" : 0.0179455, 
            "Other" : 0.01395605
        }, 
        "age_and_sex" : {
            "85+" : 0.01359, 
            "80-84" : 0.01996, 
            "75-79" : 0.028220000000000002, 
            "70-74" : 0.04474, 
            "67-69" : 0.027080000000000003, 
            "65-66" : 0.021720000000000003, 
            "62-64" : 0.04092, 
            "60-61" : 0.02408, 
            "55-59" : 0.06256, 
            "50-54" : 0.06593, 
            "45-49" : 0.06785000000000001, 
            "40-44" : 0.07153999999999999, 
            "35-39" : 0.060250000000000005, 
            "30-34" : 0.061079999999999995, 
            "25-29" : 0.059219999999999995, 
            "22-24" : 0.03294, 
            "21" : 0.014750000000000001, 
            "20" : 0.013839999999999998, 
            "18-19" : 0.0223, 
            "15-17" : 0.04309, 
            "10-14" : 0.07335, 
            "5-9" : 0.06979, 
            "0-4" : 0.06117
        }, 
        "household_types" : {
            "Married" : 0.54181613, 
            "Single Female" : 0.11353835, 
            "Single Male" : 0.04977631, 
            "One-Person" : 0.26975938, 
            "Other Non-Family" : 0.02510983
        }, 
        "marital_status" : {
            "Never Married" : {
                "female" : 0.21162040999999998, 
                "male" : 0.29440557
            }, 
            "Now Married" : {
                "female" : 0.46952846000000004, 
                "male" : 0.5056379400000001
            }, 
            "Separated" : {
                "female" : 0.032775530000000004, 
                "male" : 0.015082850000000002
            }, 
            "Absent Spouse" : {
                "female" : 0.03478502, 
                "male" : 0.03020195
            }, 
            "Widowed" : {
                "female" : 0.1253508, 
                "male" : 0.03143468
            }, 
            "Divorced" : {
                "female" : 0.12593978, 
                "male" : 0.12323701
            }
        }, 
        "ancestry" : {
            "Other" : 0.41689104, 
            "Unclassified" : 0.30178891, 
            "American" : 0.13630404000000002, 
            "Irish" : 0.08057854, 
            "English" : 0.048677, 
            "German" : 0.04509635, 
            "Scottish" : 0.01399834, 
            "Italian" : 0.01161594, 
            "Dutch" : 0.011052059999999999, 
            "Scotch-Irish" : 0.01058686, 
            "French" : 0.00819037, 
            "European" : 0.00608991, 
            "Mexican" : 0.5696036999999999, 
            "Central American" : 0.07983, 
            "Guatemalan" : 0.37960169, 
            "Salvadoran" : 0.053200000000000004, 
            "Other Hispanic" : 0.34037417, 
            "Puerto Rican" : 0.04769999999999999, 
            "Dominican" : 0.03067793, 
            "Honduran" : 0.0043, 
            "Korean" : 0.41121495, 
            "Filipino" : 0.00124, 
            "Thai" : 0.29439252, 
            "Vietnamese" : 0.00089, 
            "Chinese" : 0.12149533, 
            "Not Specified" : 0.00037
        }, 
        "employment_status" : {
            "Armed Forces" : 0.00012602999999999998, 
            "Employed" : 0.50376292, 
            "Unemployed" : 0.03410032, 
            "Other" : 0.46201073000000004
        }, 
        "industries" : {
            "Manufacturing" : 0.28234453, 
            "Retail" : 0.13012866, 
            "Healthcare" : 0.09949964, 
            "Construction" : 0.07319513999999999, 
            "Education" : 0.06493924, 
            "Hospitality" : 0.05607577, 
            "Other Services" : 0.04803431, 
            "Government" : 0.04052895, 
            "Transportation" : 0.03917084, 
            "Agriculture" : 0.03702645, 
            "Finance & Insurance" : 0.025411009999999998, 
            "Wholesalers" : 0.025160830000000002, 
            "Administrative" : 0.024088630000000003, 
            "Professional" : 0.01922802, 
            "Utilities" : 0.0117584, 
            "Entertainment" : 0.00936383, 
            "Information" : 0.007290919999999999, 
            "Real estate" : 0.00518227, 
            "Oil & Gas, and Mining" : 0.00157255, 
            "Management" : 0.0
        }, 
        "educational_attainment" : {
            "Doctorate" : 0.00499578, 
            "Professional" : 0.0078204, 
            "Master's" : 0.034359190000000005, 
            "Bachelor's" : 0.06648398, 
            "Associate's" : 0.09198988, 
            "Some College" : 0.17799325, 
            "High School" : 0.34272766, 
            "Some H.S." : 0.15067454, 
            "Less than H.S." : 0.08901771, 
            "None" : 0.03393761
        }
    }
}