{
    "name" : "Macon County", 
	"state" : "Alabama", 
	"FIPS" : "01087",
    "population" : 19684, 
    "demographics" : {
        "race_and_ethnicity" : {
            "White" : 0.15423694, 
            "Hispanic" : 0.010719369999999999, 
            "Black" : 0.8210729499999999, 
            "Asian" : 0.0022353200000000003, 
            "Mixed" : 0.005588300000000001, 
            "Other" : 0.006147120000000001
        }, 
        "age_and_sex" : {
            "85+" : 0.02276, 
            "80-84" : 0.018340000000000002, 
            "75-79" : 0.027690000000000003, 
            "70-74" : 0.043179999999999996, 
            "67-69" : 0.03195, 
            "65-66" : 0.02357, 
            "62-64" : 0.038759999999999996, 
            "60-61" : 0.03419, 
            "55-59" : 0.06695999999999999, 
            "50-54" : 0.06599000000000001, 
            "45-49" : 0.05567999999999999, 
            "40-44" : 0.053239999999999996, 
            "35-39" : 0.04582, 
            "30-34" : 0.046029999999999995, 
            "25-29" : 0.05649, 
            "22-24" : 0.04938, 
            "21" : 0.03546, 
            "20" : 0.02972, 
            "18-19" : 0.07483, 
            "15-17" : 0.03541, 
            "10-14" : 0.04623, 
            "5-9" : 0.04999, 
            "0-4" : 0.048310000000000006
        }, 
        "household_types" : {
            "Married" : 0.29425142, 
            "Single Female" : 0.23790272, 
            "Single Male" : 0.05041061, 
            "One-Person" : 0.36651927, 
            "Other Non-Family" : 0.05091598
        }, 
        "marital_status" : {
            "Never Married" : {
                "female" : 0.4570185, 
                "male" : 0.47718656000000004
            }, 
            "Now Married" : {
                "female" : 0.25342764, 
                "male" : 0.30945222
            }, 
            "Separated" : {
                "female" : 0.04406964, 
                "male" : 0.03856713
            }, 
            "Absent Spouse" : {
                "female" : 0.02339499, 
                "male" : 0.02850046
            }, 
            "Widowed" : {
                "female" : 0.11577802, 
                "male" : 0.026408680000000004
            }, 
            "Divorced" : {
                "female" : 0.10631121, 
                "male" : 0.11988495
            }
        }, 
        "ancestry" : {
            "Other" : 0.78286934, 
            "Unclassified" : 0.09703312, 
            "American" : 0.051513920000000005, 
            "Irish" : 0.042572650000000004, 
            "English" : 0.02977037, 
            "Subsaharan African" : 0.013767529999999998, 
            "German" : 0.011329, 
            "African" : 0.010160540000000001, 
            "West Indian" : 0.00970331, 
            "French" : 0.0057407, 
            "Mexican" : 0.63271605, 
            "Puerto Rican" : 0.010409999999999999, 
            "Other Hispanic" : 0.16358025, 
            "Cuban" : 0.00269, 
            "Spaniard" : 0.11419753, 
            "Central American" : 0.00188, 
            "Salvadoran" : 0.049382720000000005, 
            "Nepalese" : 0.5, 
            "Bangladeshi" : 0.0011200000000000001, 
            "Filipino" : 0.25
        }, 
        "employment_status" : {
            "Armed Forces" : 0.0, 
            "Employed" : 0.45821517, 
            "Unemployed" : 0.08109576, 
            "Other" : 0.46068907000000003
        }, 
        "industries" : {
            "Education" : 0.21912036000000001, 
            "Manufacturing" : 0.15722939, 
            "Healthcare" : 0.12904925, 
            "Retail" : 0.10258098, 
            "Hospitality" : 0.07637609000000001, 
            "Government" : 0.07611272, 
            "Other Services" : 0.05886226, 
            "Construction" : 0.046879119999999996, 
            "Administrative" : 0.02436134, 
            "Transportation" : 0.021991049999999998, 
            "Finance & Insurance" : 0.016328679999999998, 
            "Professional" : 0.01553858, 
            "Entertainment" : 0.01211483, 
            "Wholesalers" : 0.011456409999999998, 
            "Agriculture" : 0.01119305, 
            "Real estate" : 0.0100079, 
            "Utilities" : 0.006715830000000001, 
            "Information" : 0.00395049, 
            "Oil & Gas, and Mining" : 0.00013167999999999999, 
            "Management" : 0.0
        }, 
        "educational_attainment" : {
            "Doctorate" : 0.01216369, 
            "Professional" : 0.01409699, 
            "Master's" : 0.06387949, 
            "Bachelor's" : 0.11027872, 
            "Associate's" : 0.06073788, 
            "Some College" : 0.23143225, 
            "High School" : 0.31206702, 
            "Some H.S." : 0.13468664, 
            "Less than H.S." : 0.04366038, 
            "None" : 0.016996940000000002
        }
    }
}