{
    "name" : "Mobile County", 
	"state" : "Alabama", 
	"FIPS" : "01097",
    "population" : 414291, 
    "demographics" : {
        "race_and_ethnicity" : {
            "White" : 0.5785088300000001, 
            "Hispanic" : 0.02510554, 
            "Black" : 0.35314791, 
            "Asian" : 0.01964803, 
            "Mixed" : 0.01609979, 
            "Other" : 0.007489900000000001
        }, 
        "age_and_sex" : {
            "85+" : 0.01694, 
            "80-84" : 0.017070000000000002, 
            "75-79" : 0.025619999999999997, 
            "70-74" : 0.0352, 
            "67-69" : 0.028159999999999998, 
            "65-66" : 0.02245, 
            "62-64" : 0.0371, 
            "60-61" : 0.02481, 
            "55-59" : 0.06758, 
            "50-54" : 0.07012, 
            "45-49" : 0.06226, 
            "40-44" : 0.05968, 
            "35-39" : 0.06095, 
            "30-34" : 0.06498999999999999, 
            "25-29" : 0.0706, 
            "22-24" : 0.04202, 
            "21" : 0.014750000000000001, 
            "20" : 0.01447, 
            "18-19" : 0.02532, 
            "15-17" : 0.04128999999999999, 
            "10-14" : 0.06835, 
            "5-9" : 0.06447, 
            "0-4" : 0.0658
        }, 
        "household_types" : {
            "Married" : 0.44444156, 
            "Single Female" : 0.18199026, 
            "Single Male" : 0.040405550000000005, 
            "One-Person" : 0.28987236, 
            "Other Non-Family" : 0.04329027
        }, 
        "marital_status" : {
            "Never Married" : {
                "female" : 0.29492712, 
                "male" : 0.35337434
            }, 
            "Now Married" : {
                "female" : 0.39987344999999996, 
                "male" : 0.44948556000000006
            }, 
            "Separated" : {
                "female" : 0.03590749, 
                "male" : 0.02292772
            }, 
            "Absent Spouse" : {
                "female" : 0.02307565, 
                "male" : 0.02488839
            }, 
            "Widowed" : {
                "female" : 0.10532826, 
                "male" : 0.032086039999999996
            }, 
            "Divorced" : {
                "female" : 0.14088802, 
                "male" : 0.11723794
            }
        }, 
        "ancestry" : {
            "Other" : 0.48405348, 
            "Unclassified" : 0.18676003000000002, 
            "American" : 0.11035963, 
            "Irish" : 0.08328445000000001, 
            "German" : 0.06924119000000001, 
            "English" : 0.06381022, 
            "French" : 0.0304834, 
            "Italian" : 0.01897217, 
            "Scottish" : 0.016645300000000002, 
            "Scotch-Irish" : 0.015182560000000001, 
            "European" : 0.00826955, 
            "Arab" : 0.00634095, 
            "Subsaharan African" : 0.00615027, 
            "Polish" : 0.00557338, 
            "British" : 0.0050230399999999994, 
            "Mexican" : 0.37419002, 
            "Central American" : 0.009899999999999999, 
            "Puerto Rican" : 0.19476133999999998, 
            "South American" : 0.00515, 
            "Cuban" : 0.1542393, 
            "Other Hispanic" : 0.004079999999999999, 
            "Honduran" : 0.12339143999999999, 
            "Guatemalan" : 0.0032600000000000003, 
            "Nicaraguan" : 0.08359953, 
            "Colombian" : 0.00221, 
            "Venezuelan" : 0.06196951999999999, 
            "Panamanian" : 0.00164, 
            "Spaniard" : 0.059961669999999995, 
            "Peruvian" : 0.00159, 
            "Salvadoran" : 0.05311673, 
            "Ecuadorian" : 0.0014000000000000002, 
            "Argentinean" : 0.03614128, 
            "Spanish" : 0.00096, 
            "Chilean" : 0.032673179999999996, 
            "Dominican" : 0.00086, 
            "Vietnamese" : 0.34496314, 
            "Indian" : 0.0067800000000000004, 
            "Laotian" : 0.13390663, 
            "Filipino" : 0.00263, 
            "Chinese" : 0.12690418, 
            "Japanese" : 0.00249, 
            "Cambodian" : 0.11044226, 
            "Mixed" : 0.00217, 
            "Thai" : 0.10356265, 
            "Korean" : 0.00203, 
            "Pakistani" : 0.03710074, 
            "Nepalese" : 0.00073
        }, 
        "employment_status" : {
            "Armed Forces" : 0.0024101, 
            "Employed" : 0.5265815899999999, 
            "Unemployed" : 0.05015822, 
            "Other" : 0.42085009999999995
        }, 
        "industries" : {
            "Healthcare" : 0.15370371, 
            "Retail" : 0.12633565000000002, 
            "Manufacturing" : 0.1226264, 
            "Education" : 0.08905685, 
            "Hospitality" : 0.07909371, 
            "Construction" : 0.06793103, 
            "Other Services" : 0.052866949999999996, 
            "Professional" : 0.05098612, 
            "Transportation" : 0.04520389, 
            "Administrative" : 0.0438879, 
            "Government" : 0.038082370000000004, 
            "Finance & Insurance" : 0.032614580000000004, 
            "Wholesalers" : 0.02980208, 
            "Real estate" : 0.01834243, 
            "Information" : 0.016933260000000002, 
            "Entertainment" : 0.01214094, 
            "Utilities" : 0.00885677, 
            "Agriculture" : 0.006102499999999999, 
            "Oil & Gas, and Mining" : 0.00469916, 
            "Management" : 0.0007337
        }, 
        "educational_attainment" : {
            "Doctorate" : 0.0072755599999999995, 
            "Professional" : 0.012332069999999999, 
            "Master's" : 0.05501049, 
            "Bachelor's" : 0.15050583, 
            "Associate's" : 0.08036218, 
            "Some College" : 0.22672822, 
            "High School" : 0.3255594, 
            "Some H.S." : 0.10318924000000002, 
            "Less than H.S." : 0.02523527, 
            "None" : 0.013801730000000002
        }
    }
}