{
    "name" : "St Clair County", 
	"state" : "Alabama", 
	"FIPS" : "01115",
    "population" : 86576, 
    "demographics" : {
        "race_and_ethnicity" : {
            "White" : 0.86303364, 
            "Hispanic" : 0.02141471, 
            "Black" : 0.09420624999999999, 
            "Asian" : 0.00855895, 
            "Mixed" : 0.00973711, 
            "Other" : 0.0030493399999999998
        }, 
        "age_and_sex" : {
            "85+" : 0.01282, 
            "80-84" : 0.01837, 
            "75-79" : 0.02844, 
            "70-74" : 0.03424, 
            "67-69" : 0.034249999999999996, 
            "65-66" : 0.02435, 
            "62-64" : 0.0361, 
            "60-61" : 0.024780000000000003, 
            "55-59" : 0.0695, 
            "50-54" : 0.07228, 
            "45-49" : 0.07303, 
            "40-44" : 0.07254, 
            "35-39" : 0.06442, 
            "30-34" : 0.06532, 
            "25-29" : 0.06324, 
            "22-24" : 0.03853, 
            "21" : 0.00958, 
            "20" : 0.00992, 
            "18-19" : 0.01798, 
            "15-17" : 0.039529999999999996, 
            "10-14" : 0.07273, 
            "5-9" : 0.05843, 
            "0-4" : 0.059640000000000006
        }, 
        "household_types" : {
            "Married" : 0.58447474, 
            "Single Female" : 0.10574265000000001, 
            "Single Male" : 0.04360392, 
            "One-Person" : 0.22879491999999998, 
            "Other Non-Family" : 0.03738376
        }, 
        "marital_status" : {
            "Never Married" : {
                "female" : 0.18221794, 
                "male" : 0.25499885
            }, 
            "Now Married" : {
                "female" : 0.5376039, 
                "male" : 0.5368880699999999
            }, 
            "Separated" : {
                "female" : 0.02391557, 
                "male" : 0.02654562
            }, 
            "Absent Spouse" : {
                "female" : 0.01622741, 
                "male" : 0.0204838
            }, 
            "Widowed" : {
                "female" : 0.10119436, 
                "male" : 0.027120199999999997
            }, 
            "Divorced" : {
                "female" : 0.13884082, 
                "male" : 0.13396346
            }
        }, 
        "ancestry" : {
            "American" : 0.26930096, 
            "Unclassified" : 0.25383478, 
            "Other" : 0.24233044, 
            "Irish" : 0.09938089, 
            "English" : 0.08422658, 
            "German" : 0.0763722, 
            "Italian" : 0.01717566, 
            "European" : 0.0169793, 
            "Scottish" : 0.01680604, 
            "Scotch-Irish" : 0.016286270000000002, 
            "French" : 0.012925059999999999, 
            "Polish" : 0.00930974, 
            "Dutch" : 0.00827019, 
            "Greek" : 0.00535945, 
            "Mexican" : 0.44263131, 
            "Central American" : 0.010029999999999999, 
            "Puerto Rican" : 0.23763386, 
            "Panamanian" : 0.00538, 
            "Honduran" : 0.19581846, 
            "South American" : 0.00444, 
            "Other Hispanic" : 0.14074452, 
            "Peruvian" : 0.00319, 
            "Colombian" : 0.09688933999999999, 
            "Spaniard" : 0.00219, 
            "Cuban" : 0.06425293, 
            "Chilean" : 0.00146, 
            "Dominican" : 0.03620602, 
            "Chinese" : 0.32388664, 
            "Filipino" : 0.0027700000000000003, 
            "Indian" : 0.28070174999999997, 
            "Japanese" : 0.0024, 
            "Pakistani" : 0.26180837, 
            "Korean" : 0.0022400000000000002, 
            "Vietnamese" : 0.05128205, 
            "Not Specified" : 0.00043999999999999996
        }, 
        "employment_status" : {
            "Armed Forces" : 0.00063942, 
            "Employed" : 0.55802767, 
            "Unemployed" : 0.03816195, 
            "Other" : 0.40317095999999997
        }, 
        "industries" : {
            "Manufacturing" : 0.15372796, 
            "Retail" : 0.12568036, 
            "Healthcare" : 0.11976874, 
            "Construction" : 0.10122659, 
            "Hospitality" : 0.06768405, 
            "Finance & Insurance" : 0.0530743, 
            "Education" : 0.051980519999999995, 
            "Professional" : 0.047449149999999995, 
            "Other Services" : 0.045391810000000005, 
            "Wholesalers" : 0.04445428, 
            "Transportation" : 0.0433605, 
            "Administrative" : 0.04231881, 
            "Government" : 0.03968853, 
            "Utilities" : 0.02411521, 
            "Information" : 0.01507852, 
            "Real estate" : 0.01130238, 
            "Agriculture" : 0.0048959599999999995, 
            "Entertainment" : 0.0046095, 
            "Oil & Gas, and Mining" : 0.00419282, 
            "Management" : 0.0
        }, 
        "educational_attainment" : {
            "Doctorate" : 0.00654411, 
            "Professional" : 0.00784294, 
            "Master's" : 0.04151264, 
            "Bachelor's" : 0.10513871, 
            "Associate's" : 0.08542312, 
            "Some College" : 0.22711227, 
            "High School" : 0.3612582, 
            "Some H.S." : 0.11862657, 
            "Less than H.S." : 0.03738302, 
            "None" : 0.00915842
        }
    }
}