{
    "name" : "Wilcox County", 
	"state" : "Alabama", 
	"FIPS" : "01131",
    "population" : 11119, 
    "demographics" : {
        "race_and_ethnicity" : {
            "White" : 0.27430524, 
            "Hispanic" : 0.00557604, 
            "Black" : 0.71948916, 
            "Asian" : 0.0, 
            "Mixed" : 0.0, 
            "Other" : 0.00062955
        }, 
        "age_and_sex" : {
            "85+" : 0.02347, 
            "80-84" : 0.026619999999999998, 
            "75-79" : 0.025179999999999998, 
            "70-74" : 0.03831, 
            "67-69" : 0.04335, 
            "65-66" : 0.0206, 
            "62-64" : 0.047850000000000004, 
            "60-61" : 0.02275, 
            "55-59" : 0.06988, 
            "50-54" : 0.06682, 
            "45-49" : 0.058550000000000005, 
            "40-44" : 0.061340000000000006, 
            "35-39" : 0.05576, 
            "30-34" : 0.04776, 
            "25-29" : 0.06098, 
            "22-24" : 0.0197, 
            "21" : 0.02078, 
            "20" : 0.02392, 
            "18-19" : 0.03274, 
            "15-17" : 0.06511, 
            "10-14" : 0.06412, 
            "5-9" : 0.06673, 
            "0-4" : 0.03768
        }, 
        "household_types" : {
            "Married" : 0.36023207, 
            "Single Female" : 0.22257384, 
            "Single Male" : 0.03744726, 
            "One-Person" : 0.35179325, 
            "Other Non-Family" : 0.02795359
        }, 
        "marital_status" : {
            "Never Married" : {
                "female" : 0.40538873000000003, 
                "male" : 0.47091034
            }, 
            "Now Married" : {
                "female" : 0.29164953, 
                "male" : 0.31143053
            }, 
            "Separated" : {
                "female" : 0.051007819999999995, 
                "male" : 0.02760666
            }, 
            "Absent Spouse" : {
                "female" : 0.03064582, 
                "male" : 0.026922199999999997
            }, 
            "Widowed" : {
                "female" : 0.11723570999999999, 
                "male" : 0.05863564
            }, 
            "Divorced" : {
                "female" : 0.1040724, 
                "male" : 0.10449464000000001
            }
        }, 
        "employment_status" : {
            "Armed Forces" : 0.00243094, 
            "Employed" : 0.32895028000000004, 
            "Unemployed" : 0.08430939, 
            "Other" : 0.58430939
        }, 
        "industries" : {
            "Manufacturing" : 0.16022842, 
            "Healthcare" : 0.11219348, 
            "Education" : 0.10077259, 
            "Retail" : 0.09875714000000001, 
            "Government" : 0.09271077999999999, 
            "Construction" : 0.06348672999999999, 
            "Other Services" : 0.06113537, 
            "Transportation" : 0.048034929999999997, 
            "Administrative" : 0.04501176, 
            "Hospitality" : 0.04501176, 
            "Agriculture" : 0.03392677, 
            "Finance & Insurance" : 0.03325495, 
            "Utilities" : 0.03291905, 
            "Professional" : 0.03291905, 
            "Information" : 0.01612361, 
            "Real estate" : 0.01578771, 
            "Entertainment" : 0.00638226, 
            "Wholesalers" : 0.0013436300000000002, 
            "Oil & Gas, and Mining" : 0.0, 
            "Management" : 0.0
        }, 
        "educational_attainment" : {
            "Doctorate" : 0.00416611, 
            "Professional" : 0.01088563, 
            "Master's" : 0.02472786, 
            "Bachelor's" : 0.07324283999999999, 
            "Associate's" : 0.06276038, 
            "Some College" : 0.17363257999999998, 
            "High School" : 0.44913317999999997, 
            "Some H.S." : 0.13815347, 
            "Less than H.S." : 0.03332885, 
            "None" : 0.02996909
        }
    }
}