{
    "name" : "Blount County", 
	"state" : "Alabama", 
	"FIPS" : "01009",
    "population" : 57704, 
    "demographics" : {
        "race_and_ethnicity" : {
            "White" : 0.87657701, 
            "Hispanic" : 0.08716900000000001, 
            "Black" : 0.01568349, 
            "Asian" : 0.0015943399999999999, 
            "Mixed" : 0.01375988, 
            "Other" : 0.00521628
        }, 
        "age_and_sex" : {
            "85+" : 0.01385, 
            "80-84" : 0.02357, 
            "75-79" : 0.029759999999999998, 
            "70-74" : 0.04455, 
            "67-69" : 0.03093, 
            "65-66" : 0.02927, 
            "62-64" : 0.04, 
            "60-61" : 0.02556, 
            "55-59" : 0.0626, 
            "50-54" : 0.07029, 
            "45-49" : 0.07074, 
            "40-44" : 0.07239, 
            "35-39" : 0.05492, 
            "30-34" : 0.05918, 
            "25-29" : 0.056440000000000004, 
            "22-24" : 0.02962, 
            "21" : 0.01397, 
            "20" : 0.010549999999999999, 
            "18-19" : 0.02612, 
            "15-17" : 0.04152, 
            "10-14" : 0.06781, 
            "5-9" : 0.06551, 
            "0-4" : 0.060860000000000004
        }, 
        "household_types" : {
            "Married" : 0.59721616, 
            "Single Female" : 0.09908336999999999, 
            "Single Male" : 0.05247587, 
            "One-Person" : 0.22915757, 
            "Other Non-Family" : 0.02206703
        }, 
        "marital_status" : {
            "Never Married" : {
                "female" : 0.16432203, 
                "male" : 0.23289227
            }, 
            "Now Married" : {
                "female" : 0.54741525, 
                "male" : 0.55146513
            }, 
            "Separated" : {
                "female" : 0.020635590000000002, 
                "male" : 0.01445478
            }, 
            "Absent Spouse" : {
                "female" : 0.03978814, 
                "male" : 0.045504170000000004
            }, 
            "Widowed" : {
                "female" : 0.11682203, 
                "male" : 0.04476178
            }, 
            "Divorced" : {
                "female" : 0.11101694999999999, 
                "male" : 0.11092186999999999
            }
        }, 
        "ancestry" : {
            "Other" : 0.23786912999999998, 
            "Irish" : 0.22828573, 
            "Unclassified" : 0.18724872, 
            "American" : 0.14156731, 
            "English" : 0.10399626, 
            "German" : 0.07496881, 
            "European" : 0.04325523, 
            "Scottish" : 0.021818240000000003, 
            "French" : 0.01691391, 
            "Italian" : 0.01187093, 
            "Scotch-Irish" : 0.00890753, 
            "Dutch" : 0.00736517, 
            "Polish" : 0.0052856000000000005, 
            "Swedish" : 0.00519895, 
            "Mexican" : 0.92394758, 
            "Central American" : 0.08064, 
            "Puerto Rican" : 0.026409850000000002, 
            "Guatemalan" : 0.0023, 
            "Other Hispanic" : 0.02581414, 
            "Cuban" : 0.0022500000000000003, 
            "Korean" : 0.31521739, 
            "Chinese" : 0.0005, 
            "Filipino" : 0.27173913, 
            "Nepalese" : 0.00043, 
            "Indian" : 0.20652173999999998, 
            "Not Specified" : 0.00033, 
            "Thai" : 0.15217391
        }, 
        "employment_status" : {
            "Armed Forces" : 0.00019562, 
            "Employed" : 0.46934162, 
            "Unemployed" : 0.02971287, 
            "Other" : 0.50074989
        }, 
        "industries" : {
            "Manufacturing" : 0.15569861, 
            "Healthcare" : 0.13856342, 
            "Retail" : 0.11193441999999999, 
            "Construction" : 0.09521604, 
            "Other Services" : 0.06214977, 
            "Transportation" : 0.05839856, 
            "Education" : 0.058166999999999996, 
            "Government" : 0.05441578, 
            "Hospitality" : 0.04496828, 
            "Professional" : 0.04469041, 
            "Wholesalers" : 0.03746585, 
            "Finance & Insurance" : 0.03297365, 
            "Administrative" : 0.02741629, 
            "Agriculture" : 0.02195156, 
            "Utilities" : 0.016718379999999998, 
            "Real estate" : 0.01491224, 
            "Information" : 0.01102209, 
            "Oil & Gas, and Mining" : 0.00680776, 
            "Entertainment" : 0.00652989, 
            "Management" : 0.0
        }, 
        "educational_attainment" : {
            "Doctorate" : 0.00326814, 
            "Professional" : 0.006054929999999999, 
            "Master's" : 0.0319467, 
            "Bachelor's" : 0.08922781, 
            "Associate's" : 0.11570227, 
            "Some College" : 0.22469092, 
            "High School" : 0.32942339, 
            "Some H.S." : 0.13024422, 
            "Less than H.S." : 0.05158087, 
            "None" : 0.01786076
        }
    }
}