{
    "name" : "Coffee County", 
	"state" : "Alabama", 
	"FIPS" : "01031",
    "population" : 50991, 
    "demographics" : {
        "race_and_ethnicity" : {
            "White" : 0.7137141800000001, 
            "Hispanic" : 0.06371713, 
            "Black" : 0.17191268999999998, 
            "Asian" : 0.01221784, 
            "Mixed" : 0.030083739999999998, 
            "Other" : 0.00835442
        }, 
        "age_and_sex" : {
            "85+" : 0.01567, 
            "80-84" : 0.02242, 
            "75-79" : 0.02987, 
            "70-74" : 0.037610000000000005, 
            "67-69" : 0.02775, 
            "65-66" : 0.02451, 
            "62-64" : 0.0301, 
            "60-61" : 0.02628, 
            "55-59" : 0.06756000000000001, 
            "50-54" : 0.06829, 
            "45-49" : 0.06805, 
            "40-44" : 0.07021, 
            "35-39" : 0.06462, 
            "30-34" : 0.06225, 
            "25-29" : 0.06364, 
            "22-24" : 0.03712, 
            "21" : 0.012470000000000002, 
            "20" : 0.01083, 
            "18-19" : 0.02302, 
            "15-17" : 0.04269, 
            "10-14" : 0.06809, 
            "5-9" : 0.06482, 
            "0-4" : 0.06213
        }, 
        "household_types" : {
            "Married" : 0.49739355, 
            "Single Female" : 0.13651612999999999, 
            "Single Male" : 0.04624516, 
            "One-Person" : 0.28366452, 
            "Other Non-Family" : 0.03618065
        }, 
        "marital_status" : {
            "Never Married" : {
                "female" : 0.21787469999999998, 
                "male" : 0.29538553
            }, 
            "Now Married" : {
                "female" : 0.46476118, 
                "male" : 0.49285679000000004
            }, 
            "Separated" : {
                "female" : 0.02519445, 
                "male" : 0.026880380000000002
            }, 
            "Absent Spouse" : {
                "female" : 0.03015699, 
                "male" : 0.03524317
            }, 
            "Widowed" : {
                "female" : 0.10736269999999999, 
                "male" : 0.034596049999999996
            }, 
            "Divorced" : {
                "female" : 0.15465, 
                "male" : 0.11503807999999999
            }
        }, 
        "ancestry" : {
            "Unclassified" : 0.33056814, 
            "Other" : 0.25671197, 
            "American" : 0.11864838999999999, 
            "English" : 0.0775431, 
            "Irish" : 0.07344433, 
            "German" : 0.07342472, 
            "Subsaharan African" : 0.06969857, 
            "African" : 0.06969857, 
            "Italian" : 0.0211606, 
            "Scottish" : 0.012590460000000001, 
            "French" : 0.01151184, 
            "Scotch-Irish" : 0.00980565, 
            "Polish" : 0.00760919, 
            "Dutch" : 0.0074326800000000005, 
            "Welsh" : 0.006707070000000001, 
            "Norwegian" : 0.00645212, 
            "European" : 0.00633445, 
            "Mexican" : 0.45753589, 
            "Central American" : 0.03001, 
            "Puerto Rican" : 0.22129187000000003, 
            "Guatemalan" : 0.01451, 
            "Nicaraguan" : 0.19467703, 
            "Panamanian" : 0.012769999999999998, 
            "Salvadoran" : 0.07027512, 
            "Cuban" : 0.00461, 
            "Other Hispanic" : 0.04754785, 
            "South American" : 0.00312, 
            "Ecuadorian" : 0.0451555, 
            "Honduran" : 0.00296, 
            "Dominican" : 0.04425837, 
            "Bolivian" : 0.0029, 
            "Spaniard" : 0.04246411, 
            "Korean" : 0.54414125, 
            "Chinese" : 0.0066500000000000005, 
            "Filipino" : 0.14285714, 
            "Indian" : 0.0017499999999999998, 
            "Okinawan" : 0.10433387, 
            "Vietnamese" : 0.00127, 
            "Mixed" : 0.07544141, 
            "Cambodian" : 0.00092, 
            "Japanese" : 0.04654896
        }, 
        "employment_status" : {
            "Armed Forces" : 0.03162624, 
            "Employed" : 0.53007472, 
            "Unemployed" : 0.03500236, 
            "Other" : 0.40329667999999996
        }, 
        "industries" : {
            "Retail" : 0.13702993, 
            "Manufacturing" : 0.12625861, 
            "Healthcare" : 0.12101343999999999, 
            "Education" : 0.10387299, 
            "Government" : 0.09193087999999999, 
            "Hospitality" : 0.06767199, 
            "Transportation" : 0.0610687, 
            "Other Services" : 0.051046690000000006, 
            "Construction" : 0.049079750000000005, 
            "Professional" : 0.042195479999999994, 
            "Administrative" : 0.032267130000000005, 
            "Finance & Insurance" : 0.02542968, 
            "Agriculture" : 0.02519552, 
            "Entertainment" : 0.01681263, 
            "Wholesalers" : 0.01611015, 
            "Information" : 0.01217627, 
            "Real estate" : 0.010583990000000001, 
            "Utilities" : 0.006509620000000001, 
            "Oil & Gas, and Mining" : 0.00365288, 
            "Management" : 9.366e-05
        }, 
        "educational_attainment" : {
            "Doctorate" : 0.007309179999999999, 
            "Professional" : 0.01259606, 
            "Master's" : 0.06506038, 
            "Bachelor's" : 0.15170161999999998, 
            "Associate's" : 0.09571272, 
            "Some College" : 0.22554458, 
            "High School" : 0.29343618, 
            "Some H.S." : 0.10010400000000001, 
            "Less than H.S." : 0.03565031, 
            "None" : 0.01288496
        }
    }
}