{
    "name" : "Crenshaw County", 
	"state" : "Alabama", 
	"FIPS" : "01041",
    "population" : 13896, 
    "demographics" : {
        "race_and_ethnicity" : {
            "White" : 0.70869315, 
            "Hispanic" : 0.015256190000000001, 
            "Black" : 0.23834197, 
            "Asian" : 0.01669545, 
            "Mixed" : 0.0082038, 
            "Other" : 0.01280944
        }, 
        "age_and_sex" : {
            "85+" : 0.02145, 
            "80-84" : 0.021589999999999998, 
            "75-79" : 0.02879, 
            "70-74" : 0.043680000000000004, 
            "67-69" : 0.04224, 
            "65-66" : 0.01734, 
            "62-64" : 0.03692, 
            "60-61" : 0.0226, 
            "55-59" : 0.08132, 
            "50-54" : 0.07556, 
            "45-49" : 0.06426, 
            "40-44" : 0.061239999999999996, 
            "35-39" : 0.06333, 
            "30-34" : 0.050730000000000004, 
            "25-29" : 0.056280000000000004, 
            "22-24" : 0.02742, 
            "21" : 0.010289999999999999, 
            "20" : 0.014539999999999999, 
            "18-19" : 0.03174, 
            "15-17" : 0.03965, 
            "10-14" : 0.06527, 
            "5-9" : 0.06419, 
            "0-4" : 0.05959
        }, 
        "household_types" : {
            "Married" : 0.4745669, 
            "Single Female" : 0.16402506, 
            "Single Male" : 0.0337265, 
            "One-Person" : 0.29856248, 
            "Other Non-Family" : 0.029119060000000002
        }, 
        "marital_status" : {
            "Never Married" : {
                "female" : 0.25565068, 
                "male" : 0.30208141
            }, 
            "Now Married" : {
                "female" : 0.44143836000000003, 
                "male" : 0.48535642
            }, 
            "Separated" : {
                "female" : 0.01815068, 
                "male" : 0.03020814
            }, 
            "Absent Spouse" : {
                "female" : 0.02636986, 
                "male" : 0.0276294
            }, 
            "Widowed" : {
                "female" : 0.14075342, 
                "male" : 0.024129670000000002
            }, 
            "Divorced" : {
                "female" : 0.11763699000000001, 
                "male" : 0.13059495
            }
        }, 
        "ancestry" : {
            "Other" : 0.39723661, 
            "Unclassified" : 0.27151698, 
            "American" : 0.15220207, 
            "Irish" : 0.07325849, 
            "English" : 0.06527058000000001, 
            "Subsaharan African" : 0.02554692, 
            "African" : 0.02554692, 
            "German" : 0.02511514, 
            "Scotch-Irish" : 0.01252159, 
            "Scottish" : 0.0109384, 
            "Italian" : 0.010578579999999999, 
            "Welsh" : 0.00770006, 
            "Dutch" : 0.00568509, 
            "Mexican" : 0.74358974, 
            "Other Hispanic" : 0.01252, 
            "Puerto Rican" : 0.09401709, 
            "South American" : 0.00158, 
            "Ecuadorian" : 0.07264957, 
            "Cuban" : 0.00122, 
            "Korean" : 0.5818965500000001, 
            "Vietnamese" : 0.00972, 
            "Indian" : 0.29741379, 
            "Filipino" : 0.00497
        }, 
        "employment_status" : {
            "Armed Forces" : 0.00252003, 
            "Employed" : 0.5123751200000001, 
            "Unemployed" : 0.04068041, 
            "Other" : 0.44442444000000003
        }, 
        "industries" : {
            "Manufacturing" : 0.1953276, 
            "Healthcare" : 0.11347269, 
            "Retail" : 0.11101353, 
            "Education" : 0.08132795, 
            "Construction" : 0.07570700999999999, 
            "Government" : 0.07500439, 
            "Agriculture" : 0.047777969999999996, 
            "Other Services" : 0.04408923, 
            "Wholesalers" : 0.04285965, 
            "Administrative" : 0.042157030000000005, 
            "Transportation" : 0.03636044, 
            "Finance & Insurance" : 0.03425259, 
            "Hospitality" : 0.03354997, 
            "Professional" : 0.0265238, 
            "Real estate" : 0.015281929999999999, 
            "Information" : 0.01317407, 
            "Utilities" : 0.00895837, 
            "Oil & Gas, and Mining" : 0.0031617800000000003, 
            "Management" : 0.0, 
            "Entertainment" : 0.0
        }, 
        "educational_attainment" : {
            "Doctorate" : 0.00157052, 
            "Professional" : 0.00219872, 
            "Master's" : 0.03329494, 
            "Bachelor's" : 0.10941263, 
            "Associate's" : 0.0682651, 
            "Some College" : 0.18312219, 
            "High School" : 0.38529997, 
            "Some H.S." : 0.1265836, 
            "Less than H.S." : 0.06941681, 
            "None" : 0.020835509999999998
        }
    }
}