{
    "name" : "Hale County", 
	"state" : "Alabama", 
	"FIPS" : "01065",
    "population" : 15159, 
    "demographics" : {
        "race_and_ethnicity" : {
            "White" : 0.39969655000000004, 
            "Hispanic" : 0.0115443, 
            "Black" : 0.58334983, 
            "Asian" : 0.0010554800000000001, 
            "Mixed" : 0.0005277400000000001, 
            "Other" : 0.0038261099999999998
        }, 
        "age_and_sex" : {
            "85+" : 0.019790000000000002, 
            "80-84" : 0.024470000000000002, 
            "75-79" : 0.03107, 
            "70-74" : 0.03707, 
            "67-69" : 0.03404, 
            "65-66" : 0.03015, 
            "62-64" : 0.050069999999999996, 
            "60-61" : 0.030350000000000002, 
            "55-59" : 0.062009999999999996, 
            "50-54" : 0.07995000000000001, 
            "45-49" : 0.060430000000000005, 
            "40-44" : 0.03833, 
            "35-39" : 0.06828000000000001, 
            "30-34" : 0.05383, 
            "25-29" : 0.05495, 
            "22-24" : 0.028759999999999997, 
            "21" : 0.013460000000000001, 
            "20" : 0.01748, 
            "18-19" : 0.030350000000000002, 
            "15-17" : 0.04585, 
            "10-14" : 0.07375, 
            "5-9" : 0.052770000000000004, 
            "0-4" : 0.06280000000000001
        }, 
        "household_types" : {
            "Married" : 0.40467384, 
            "Single Female" : 0.20124412, 
            "Single Male" : 0.03513786, 
            "One-Person" : 0.33069939, 
            "Other Non-Family" : 0.028244790000000002
        }, 
        "marital_status" : {
            "Never Married" : {
                "female" : 0.34476507, 
                "male" : 0.36578483
            }, 
            "Now Married" : {
                "female" : 0.34536938999999994, 
                "male" : 0.44373897999999995
            }, 
            "Separated" : {
                "female" : 0.03323765, 
                "male" : 0.03686067
            }, 
            "Absent Spouse" : {
                "female" : 0.01661882, 
                "male" : 0.03227513
            }, 
            "Widowed" : {
                "female" : 0.13884273, 
                "male" : 0.036684299999999996
            }, 
            "Divorced" : {
                "female" : 0.12116634, 
                "male" : 0.08465608
            }
        }, 
        "ancestry" : {
            "Other" : 0.64562306, 
            "Unclassified" : 0.16076258, 
            "American" : 0.11214460000000001, 
            "Irish" : 0.03575434, 
            "English" : 0.02777228, 
            "German" : 0.02519955, 
            "Scotch-Irish" : 0.00857576, 
            "Scottish" : 0.00554126, 
            "Russian" : 0.00534336, 
            "Subsaharan African" : 0.00507949, 
            "African" : 0.00507949, 
            "Mexican" : 0.98360656, 
            "Cuban" : 0.01187, 
            "Filipino" : 0.625, 
            "Korean" : 0.00066
        }, 
        "employment_status" : {
            "Armed Forces" : 0.0, 
            "Employed" : 0.41741219, 
            "Unemployed" : 0.05723989, 
            "Other" : 0.52534791
        }, 
        "industries" : {
            "Healthcare" : 0.18098829, 
            "Manufacturing" : 0.16669973999999999, 
            "Retail" : 0.15538797000000001, 
            "Education" : 0.08632664999999999, 
            "Construction" : 0.06588609, 
            "Agriculture" : 0.05695575, 
            "Administrative" : 0.04643779000000001, 
            "Other Services" : 0.03631673, 
            "Hospitality" : 0.03532447, 
            "Finance & Insurance" : 0.034927559999999996, 
            "Government" : 0.03333995, 
            "Professional" : 0.03274459, 
            "Utilities" : 0.02024211, 
            "Transportation" : 0.0190514, 
            "Wholesalers" : 0.01250248, 
            "Entertainment" : 0.0091288, 
            "Real estate" : 0.0035721399999999997, 
            "Information" : 0.00218297, 
            "Oil & Gas, and Mining" : 0.00198452, 
            "Management" : 0.0
        }, 
        "educational_attainment" : {
            "Doctorate" : 0.00195523, 
            "Professional" : 0.01182911, 
            "Master's" : 0.0295239, 
            "Bachelor's" : 0.09697918, 
            "Associate's" : 0.06833513, 
            "Some College" : 0.1774367, 
            "High School" : 0.42790107, 
            "Some H.S." : 0.12826278, 
            "Less than H.S." : 0.042917199999999996, 
            "None" : 0.01485971
        }
    }
}