{
    "name" : "Marengo County", 
	"state" : "Alabama", 
	"FIPS" : "01091",
    "population" : 20066, 
    "demographics" : {
        "race_and_ethnicity" : {
            "White" : 0.45450015, 
            "Hispanic" : 0.00946875, 
            "Black" : 0.52760889, 
            "Asian" : 0.00214293, 
            "Mixed" : 0.0034386499999999997, 
            "Other" : 0.0028406300000000002
        }, 
        "age_and_sex" : {
            "85+" : 0.01744, 
            "80-84" : 0.02706, 
            "75-79" : 0.039670000000000004, 
            "70-74" : 0.04859, 
            "67-69" : 0.03025, 
            "65-66" : 0.023370000000000002, 
            "62-64" : 0.03778, 
            "60-61" : 0.029500000000000002, 
            "55-59" : 0.07057000000000001, 
            "50-54" : 0.07092, 
            "45-49" : 0.06284, 
            "40-44" : 0.0616, 
            "35-39" : 0.05452, 
            "30-34" : 0.050730000000000004, 
            "25-29" : 0.05686, 
            "22-24" : 0.03284, 
            "21" : 0.01336, 
            "20" : 0.01709, 
            "18-19" : 0.024169999999999997, 
            "15-17" : 0.04186, 
            "10-14" : 0.07799, 
            "5-9" : 0.05113, 
            "0-4" : 0.05985
        }, 
        "household_types" : {
            "Married" : 0.36679347, 
            "Single Female" : 0.17805866, 
            "Single Male" : 0.04442263, 
            "One-Person" : 0.37820591, 
            "Other Non-Family" : 0.03251933
        }, 
        "marital_status" : {
            "Never Married" : {
                "female" : 0.31838514, 
                "male" : 0.34626075
            }, 
            "Now Married" : {
                "female" : 0.32973965, 
                "male" : 0.42461945999999995
            }, 
            "Separated" : {
                "female" : 0.028902399999999998, 
                "male" : 0.02620781
            }, 
            "Absent Spouse" : {
                "female" : 0.027067320000000002, 
                "male" : 0.03706155
            }, 
            "Widowed" : {
                "female" : 0.15208166, 
                "male" : 0.05175381
            }, 
            "Divorced" : {
                "female" : 0.14382383, 
                "male" : 0.11409662000000001
            }
        }, 
        "ancestry" : {
            "Other" : 0.55960331, 
            "Unclassified" : 0.19221569, 
            "American" : 0.1240905, 
            "English" : 0.05352337, 
            "Irish" : 0.03049935, 
            "German" : 0.02536629, 
            "Subsaharan African" : 0.01161168, 
            "African" : 0.01161168, 
            "Scotch-Irish" : 0.01101365, 
            "Scottish" : 0.00916974, 
            "Mexican" : 0.57368421, 
            "Dominican" : 0.005430000000000001, 
            "Other Hispanic" : 0.3, 
            "Vietnamese" : 0.9534883700000001, 
            "Indian" : 0.0020399999999999997
        }, 
        "employment_status" : {
            "Armed Forces" : 0.0, 
            "Employed" : 0.41392216, 
            "Unemployed" : 0.0678019, 
            "Other" : 0.51827595
        }, 
        "industries" : {
            "Manufacturing" : 0.17555756, 
            "Healthcare" : 0.15732369000000002, 
            "Retail" : 0.11678722000000001, 
            "Education" : 0.09840265000000001, 
            "Transportation" : 0.06916817, 
            "Other Services" : 0.05650995, 
            "Government" : 0.05259191999999999, 
            "Hospitality" : 0.04309825, 
            "Agriculture" : 0.03948162, 
            "Construction" : 0.039180229999999996, 
            "Utilities" : 0.02817963, 
            "Finance & Insurance" : 0.02802893, 
            "Administrative" : 0.02576854, 
            "Wholesalers" : 0.01853526, 
            "Professional" : 0.01717902, 
            "Information" : 0.01567209, 
            "Real estate" : 0.0088909, 
            "Entertainment" : 0.0087402, 
            "Oil & Gas, and Mining" : 0.00090416, 
            "Management" : 0.0
        }, 
        "educational_attainment" : {
            "Doctorate" : 0.0046787, 
            "Professional" : 0.00657943, 
            "Master's" : 0.03326267, 
            "Bachelor's" : 0.10337013, 
            "Associate's" : 0.08173111999999999, 
            "Some College" : 0.20652094000000001, 
            "High School" : 0.40244169999999996, 
            "Some H.S." : 0.09649827999999999, 
            "Less than H.S." : 0.051611960000000005, 
            "None" : 0.01330507
        }
    }
}