{
    "name" : "Barron County", 
	"state" : "Wisconsin", 
	"FIPS" : "55005",
    "population" : 45548, 
    "demographics" : {
        "race_and_ethnicity" : {
            "White" : 0.9401290899999999, 
            "Hispanic" : 0.0232502, 
            "Black" : 0.01161412, 
            "Asian" : 0.00599368, 
            "Mixed" : 0.010911569999999999, 
            "Other" : 0.00810134
        }, 
        "age_and_sex" : {
            "85+" : 0.02661, 
            "80-84" : 0.0279, 
            "75-79" : 0.03504, 
            "70-74" : 0.0463, 
            "67-69" : 0.038900000000000004, 
            "65-66" : 0.02621, 
            "62-64" : 0.0391, 
            "60-61" : 0.0297, 
            "55-59" : 0.08022, 
            "50-54" : 0.07816, 
            "45-49" : 0.06266, 
            "40-44" : 0.05274, 
            "35-39" : 0.05588, 
            "30-34" : 0.05811, 
            "25-29" : 0.05289, 
            "22-24" : 0.034159999999999996, 
            "21" : 0.00812, 
            "20" : 0.01098, 
            "18-19" : 0.02009, 
            "15-17" : 0.03688, 
            "10-14" : 0.05989, 
            "5-9" : 0.06312000000000001, 
            "0-4" : 0.05631
        }, 
        "household_types" : {
            "Married" : 0.5285796899999999, 
            "Single Female" : 0.07729926, 
            "Single Male" : 0.04916654, 
            "One-Person" : 0.28569175, 
            "Other Non-Family" : 0.05926276
        }, 
        "marital_status" : {
            "Never Married" : {
                "female" : 0.1960648, 
                "male" : 0.28489586
            }, 
            "Now Married" : {
                "female" : 0.5387371000000001, 
                "male" : 0.54419875
            }, 
            "Separated" : {
                "female" : 0.0130995, 
                "male" : 0.00690689
            }, 
            "Absent Spouse" : {
                "female" : 0.01796503, 
                "male" : 0.01584837
            }, 
            "Widowed" : {
                "female" : 0.11041009, 
                "male" : 0.02655673
            }, 
            "Divorced" : {
                "female" : 0.12372347, 
                "male" : 0.1215934
            }
        }, 
        "ancestry" : {
            "German" : 0.39323351, 
            "Norwegian" : 0.19970141000000002, 
            "Unclassified" : 0.13592254, 
            "Irish" : 0.09866514, 
            "Other" : 0.08845613000000001, 
            "English" : 0.05389918, 
            "Swedish" : 0.05385527, 
            "Polish" : 0.051923250000000004, 
            "American" : 0.04729077, 
            "French" : 0.04057258, 
            "Czech" : 0.03984807, 
            "Italian" : 0.032317559999999995, 
            "European" : 0.01984719, 
            "Dutch" : 0.01956178, 
            "French Canadian" : 0.017695620000000002, 
            "Swiss" : 0.0115263, 
            "Danish" : 0.011087199999999998, 
            "Finnish" : 0.010670059999999999, 
            "Scottish" : 0.0094845, 
            "Scandinavian" : 0.007772019999999999, 
            "Mexican" : 0.80169972, 
            "South American" : 0.01864, 
            "Venezuelan" : 0.09254013, 
            "Puerto Rican" : 0.00215, 
            "Other Hispanic" : 0.06137866, 
            "Peruvian" : 0.0014299999999999998, 
            "Spaniard" : 0.05571294, 
            "Spanish" : 0.0013, 
            "Cuban" : 0.037771479999999996, 
            "Central American" : 0.0008799999999999999, 
            "Guatemalan" : 0.02360718, 
            "Filipino" : 0.27472527, 
            "Japanese" : 0.00165, 
            "Hmong" : 0.23809523999999999, 
            "Korean" : 0.0014299999999999998, 
            "Cambodian" : 0.14652015000000002, 
            "Indian" : 0.0008799999999999999, 
            "Chinese" : 0.1025641, 
            "Thai" : 0.00061
        }, 
        "employment_status" : {
            "Armed Forces" : 0.00029818, 
            "Employed" : 0.60020059, 
            "Unemployed" : 0.034073349999999995, 
            "Other" : 0.36542788000000004
        }, 
        "industries" : {
            "Manufacturing" : 0.23602204000000002, 
            "Healthcare" : 0.13779243, 
            "Retail" : 0.11733357, 
            "Construction" : 0.07402222, 
            "Education" : 0.06824135, 
            "Agriculture" : 0.05708608, 
            "Hospitality" : 0.056589289999999993, 
            "Other Services" : 0.04620179, 
            "Government" : 0.03242706, 
            "Transportation" : 0.03211092, 
            "Finance & Insurance" : 0.02845271, 
            "Entertainment" : 0.02380092, 
            "Professional" : 0.02362027, 
            "Administrative" : 0.01960076, 
            "Wholesalers" : 0.01472315, 
            "Information" : 0.01381989, 
            "Real estate" : 0.00727125, 
            "Utilities" : 0.006638969999999999, 
            "Oil & Gas, and Mining" : 0.00392918, 
            "Management" : 0.00031614
        }, 
        "educational_attainment" : {
            "Doctorate" : 0.0055935, 
            "Professional" : 0.01353565, 
            "Master's" : 0.044377139999999995, 
            "Bachelor's" : 0.11863778, 
            "Associate's" : 0.129114, 
            "Some College" : 0.20090238, 
            "High School" : 0.38703297, 
            "Some H.S." : 0.06702927, 
            "Less than H.S." : 0.02660774, 
            "None" : 0.007169569999999999
        }
    }
}