{
    "name" : "Monroe County", 
	"state" : "Wisconsin", 
	"FIPS" : "55081",
    "population" : 45365, 
    "demographics" : {
        "race_and_ethnicity" : {
            "White" : 0.9151548599999999, 
            "Hispanic" : 0.04020721, 
            "Black" : 0.012101839999999999, 
            "Asian" : 0.00820015, 
            "Mixed" : 0.01637827, 
            "Other" : 0.00795768
        }, 
        "age_and_sex" : {
            "85+" : 0.01933, 
            "80-84" : 0.01984, 
            "75-79" : 0.02793, 
            "70-74" : 0.039830000000000004, 
            "67-69" : 0.027690000000000003, 
            "65-66" : 0.02136, 
            "62-64" : 0.03373, 
            "60-61" : 0.029849999999999998, 
            "55-59" : 0.07627, 
            "50-54" : 0.07579, 
            "45-49" : 0.06459, 
            "40-44" : 0.055220000000000005, 
            "35-39" : 0.059359999999999996, 
            "30-34" : 0.06922, 
            "25-29" : 0.05372, 
            "22-24" : 0.030529999999999998, 
            "21" : 0.011479999999999999, 
            "20" : 0.00752, 
            "18-19" : 0.02162, 
            "15-17" : 0.042480000000000004, 
            "10-14" : 0.07343, 
            "5-9" : 0.06919, 
            "0-4" : 0.07003
        }, 
        "household_types" : {
            "Married" : 0.49941054, 
            "Single Female" : 0.10239713, 
            "Single Male" : 0.0567563, 
            "One-Person" : 0.28282714999999997, 
            "Other Non-Family" : 0.05860888
        }, 
        "marital_status" : {
            "Never Married" : {
                "female" : 0.22568071, 
                "male" : 0.29767984
            }, 
            "Now Married" : {
                "female" : 0.51988476, 
                "male" : 0.49222912999999996
            }, 
            "Separated" : {
                "female" : 0.01310586, 
                "male" : 0.0125444
            }, 
            "Absent Spouse" : {
                "female" : 0.01214552, 
                "male" : 0.03274867
            }, 
            "Widowed" : {
                "female" : 0.0956954, 
                "male" : 0.0276421
            }, 
            "Divorced" : {
                "female" : 0.13348774, 
                "male" : 0.13715586
            }
        }, 
        "ancestry" : {
            "German" : 0.45023696999999996, 
            "Unclassified" : 0.14980712000000002, 
            "Norwegian" : 0.14844042999999998, 
            "Other" : 0.12580183, 
            "Irish" : 0.11806459, 
            "English" : 0.07536647, 
            "American" : 0.048892319999999996, 
            "Polish" : 0.03835556, 
            "Pennsylvania German" : 0.02113965, 
            "French" : 0.02085308, 
            "Italian" : 0.01785517, 
            "Dutch" : 0.01774496, 
            "Danish" : 0.01739226, 
            "Swedish" : 0.0127411, 
            "Czech" : 0.01267497, 
            "Scottish" : 0.00969911, 
            "European" : 0.00698777, 
            "Swiss" : 0.00630442, 
            "French Canadian" : 0.00504794, 
            "Welsh" : 0.0050259, 
            "Mexican" : 0.68383562, 
            "Puerto Rican" : 0.02751, 
            "Other Hispanic" : 0.17150685, 
            "Cuban" : 0.0069, 
            "South American" : 0.05534247, 
            "Ecuadorian" : 0.00223, 
            "Spaniard" : 0.04493151, 
            "Central American" : 0.00181, 
            "Peruvian" : 0.03506849, 
            "Spanish" : 0.0014099999999999998, 
            "Korean" : 0.29301075, 
            "Hmong" : 0.0024, 
            "Chinese" : 0.22580645, 
            "Filipino" : 0.00185, 
            "Indian" : 0.21505375999999998, 
            "Not Specified" : 0.0017599999999999998, 
            "Japanese" : 0.12634409, 
            "Thai" : 0.00104
        }, 
        "employment_status" : {
            "Armed Forces" : 0.00931003, 
            "Employed" : 0.6021818600000001, 
            "Unemployed" : 0.03881083, 
            "Other" : 0.34969728000000005
        }, 
        "industries" : {
            "Manufacturing" : 0.17694205, 
            "Healthcare" : 0.15854121, 
            "Retail" : 0.10983591000000001, 
            "Government" : 0.08109646, 
            "Hospitality" : 0.07246514, 
            "Education" : 0.05686237, 
            "Construction" : 0.05586645, 
            "Transportation" : 0.05359006, 
            "Other Services" : 0.04661861, 
            "Agriculture" : 0.04206583, 
            "Finance & Insurance" : 0.029877639999999997, 
            "Administrative" : 0.02793323, 
            "Professional" : 0.02162572, 
            "Wholesalers" : 0.01892251, 
            "Entertainment" : 0.01223561, 
            "Information" : 0.01199848, 
            "Oil & Gas, and Mining" : 0.00882102, 
            "Real estate" : 0.00758797, 
            "Utilities" : 0.0071137200000000005, 
            "Management" : 0.0
        }, 
        "educational_attainment" : {
            "Doctorate" : 0.0041880699999999995, 
            "Professional" : 0.01037202, 
            "Master's" : 0.03615483, 
            "Bachelor's" : 0.13107352, 
            "Associate's" : 0.09920491999999999, 
            "Some College" : 0.2330923, 
            "High School" : 0.38798547, 
            "Some H.S." : 0.05873115, 
            "Less than H.S." : 0.03199948, 
            "None" : 0.007198250000000001
        }
    }
}