{
    "name" : "Ashland County", 
	"state" : "Wisconsin", 
	"FIPS" : "55003",
    "population" : 15936, 
    "demographics" : {
        "race_and_ethnicity" : {
            "White" : 0.82938002, 
            "Hispanic" : 0.02459839, 
            "Black" : 0.0046435700000000005, 
            "Asian" : 0.00558484, 
            "Mixed" : 0.030371489999999998, 
            "Other" : 0.10542169
        }, 
        "age_and_sex" : {
            "85+" : 0.02146, 
            "80-84" : 0.025160000000000002, 
            "75-79" : 0.02993, 
            "70-74" : 0.046310000000000004, 
            "67-69" : 0.03232, 
            "65-66" : 0.02027, 
            "62-64" : 0.043609999999999996, 
            "60-61" : 0.03094, 
            "55-59" : 0.07593, 
            "50-54" : 0.07643, 
            "45-49" : 0.06325, 
            "40-44" : 0.04995, 
            "35-39" : 0.05428, 
            "30-34" : 0.05622, 
            "25-29" : 0.05107999999999999, 
            "22-24" : 0.03633, 
            "21" : 0.01537, 
            "20" : 0.014870000000000001, 
            "18-19" : 0.02949, 
            "15-17" : 0.04091, 
            "10-14" : 0.07009, 
            "5-9" : 0.06018, 
            "0-4" : 0.0556
        }, 
        "household_types" : {
            "Married" : 0.43358320999999994, 
            "Single Female" : 0.1047976, 
            "Single Male" : 0.06116942, 
            "One-Person" : 0.32398801, 
            "Other Non-Family" : 0.07646177
        }, 
        "marital_status" : {
            "Never Married" : {
                "female" : 0.27342906, 
                "male" : 0.36339849
            }, 
            "Now Married" : {
                "female" : 0.45653852, 
                "male" : 0.44712944
            }, 
            "Separated" : {
                "female" : 0.010344299999999999, 
                "male" : 0.00292443
            }, 
            "Absent Spouse" : {
                "female" : 0.012197, 
                "male" : 0.012005539999999999
            }, 
            "Widowed" : {
                "female" : 0.11471360000000001, 
                "male" : 0.03340003
            }, 
            "Divorced" : {
                "female" : 0.13277751999999998, 
                "male" : 0.14114207
            }
        }, 
        "ancestry" : {
            "German" : 0.35102912000000003, 
            "Other" : 0.18706074, 
            "Unclassified" : 0.12970632999999998, 
            "Irish" : 0.09180472, 
            "Finnish" : 0.08327058, 
            "Norwegian" : 0.07850151, 
            "Swedish" : 0.07304217, 
            "Polish" : 0.07279116000000001, 
            "English" : 0.0655748, 
            "French" : 0.03313253, 
            "Italian" : 0.03081074, 
            "American" : 0.023406120000000002, 
            "Czech" : 0.01926456, 
            "French Canadian" : 0.01656627, 
            "Scandinavian" : 0.014683729999999999, 
            "Croatian" : 0.01399347, 
            "Scottish" : 0.012675700000000002, 
            "European" : 0.01198544, 
            "Dutch" : 0.01004016, 
            "Danish" : 0.00803213, 
            "Mexican" : 0.55867347, 
            "Puerto Rican" : 0.01374, 
            "Other Hispanic" : 0.30867347, 
            "Spanish American" : 0.00759, 
            "Spanish" : 0.10969388000000001, 
            "South American" : 0.0027, 
            "Ecuadorian" : 0.04591837, 
            "Dominican" : 0.00113, 
            "Laotian" : 0.7752809, 
            "Vietnamese" : 0.00433, 
            "Japanese" : 0.07865169, 
            "Indian" : 0.00043999999999999996, 
            "Filipino" : 0.06741573, 
            "Hmong" : 0.00037999999999999997, 
            "Korean" : 0.03370787, 
            "Okinawan" : 0.00018999999999999998
        }, 
        "employment_status" : {
            "Armed Forces" : 0.0, 
            "Employed" : 0.58474178, 
            "Unemployed" : 0.045148669999999995, 
            "Other" : 0.37010955
        }, 
        "industries" : {
            "Healthcare" : 0.18011507999999998, 
            "Retail" : 0.1340827, 
            "Manufacturing" : 0.12418037999999999, 
            "Education" : 0.10330523, 
            "Hospitality" : 0.08711361000000001, 
            "Construction" : 0.07413355, 
            "Government" : 0.0559347, 
            "Other Services" : 0.03613007, 
            "Finance & Insurance" : 0.03265088, 
            "Agriculture" : 0.03158036, 
            "Transportation" : 0.03024221, 
            "Entertainment" : 0.02422053, 
            "Administrative" : 0.023952900000000003, 
            "Professional" : 0.02288238, 
            "Information" : 0.01605781, 
            "Wholesalers" : 0.00963468, 
            "Real estate" : 0.00762746, 
            "Utilities" : 0.0061554900000000004, 
            "Oil & Gas, and Mining" : 0.0, 
            "Management" : 0.0
        }, 
        "educational_attainment" : {
            "Doctorate" : 0.00917431, 
            "Professional" : 0.01547586, 
            "Master's" : 0.05875266, 
            "Bachelor's" : 0.13872672, 
            "Associate's" : 0.1225095, 
            "Some College" : 0.22314892, 
            "High School" : 0.34862385, 
            "Some H.S." : 0.06653693, 
            "Less than H.S." : 0.01315911, 
            "None" : 0.0038921299999999997
        }
    }
}