{
    "name" : "Buffalo County", 
	"state" : "Wisconsin", 
	"FIPS" : "55011",
    "population" : 13256, 
    "demographics" : {
        "race_and_ethnicity" : {
            "White" : 0.96130054, 
            "Hispanic" : 0.02112251, 
            "Black" : 0.0039981899999999996, 
            "Asian" : 0.00105613, 
            "Mixed" : 0.010410379999999999, 
            "Other" : 0.00211225
        }, 
        "age_and_sex" : {
            "85+" : 0.027610000000000003, 
            "80-84" : 0.024820000000000002, 
            "75-79" : 0.03719, 
            "70-74" : 0.0525, 
            "67-69" : 0.03078, 
            "65-66" : 0.0258, 
            "62-64" : 0.04843, 
            "60-61" : 0.03018, 
            "55-59" : 0.07672, 
            "50-54" : 0.08253, 
            "45-49" : 0.06849999999999999, 
            "40-44" : 0.05696, 
            "35-39" : 0.05122, 
            "30-34" : 0.05311, 
            "25-29" : 0.051449999999999996, 
            "22-24" : 0.03063, 
            "21" : 0.015309999999999999, 
            "20" : 0.00422, 
            "18-19" : 0.02059, 
            "15-17" : 0.03855, 
            "10-14" : 0.058390000000000004, 
            "5-9" : 0.05975, 
            "0-4" : 0.054770000000000006
        }, 
        "household_types" : {
            "Married" : 0.55791134, 
            "Single Female" : 0.06448221, 
            "Single Male" : 0.04222884, 
            "One-Person" : 0.28228491, 
            "Other Non-Family" : 0.05309269
        }, 
        "marital_status" : {
            "Never Married" : {
                "female" : 0.18801498, 
                "male" : 0.27684922
            }, 
            "Now Married" : {
                "female" : 0.59044944, 
                "male" : 0.57628023
            }, 
            "Separated" : {
                "female" : 0.005805240000000001, 
                "male" : 0.00480085
            }, 
            "Absent Spouse" : {
                "female" : 0.00973783, 
                "male" : 0.01831437
            }, 
            "Widowed" : {
                "female" : 0.09475655, 
                "male" : 0.021692749999999997
            }, 
            "Divorced" : {
                "female" : 0.11123596, 
                "male" : 0.10206259
            }
        }, 
        "ancestry" : {
            "German" : 0.46431804, 
            "Norwegian" : 0.22706699, 
            "Unclassified" : 0.14099276, 
            "Polish" : 0.11640012000000001, 
            "American" : 0.0711376, 
            "Irish" : 0.07098672, 
            "Other" : 0.06299033999999999, 
            "Swiss" : 0.03628546, 
            "English" : 0.034852140000000004, 
            "French" : 0.02383826, 
            "Austrian" : 0.022782140000000003, 
            "Swedish" : 0.01916113, 
            "Dutch" : 0.013503320000000001, 
            "Italian" : 0.010636689999999999, 
            "French Canadian" : 0.0066385, 
            "Danish" : 0.00573325, 
            "Scottish" : 0.00573325, 
            "Czech" : 0.00550694, 
            "Scotch-Irish" : 0.005205189999999999, 
            "Mexican" : 0.675, 
            "Other Hispanic" : 0.01426, 
            "Spaniard" : 0.16785714, 
            "Central American" : 0.0035499999999999998, 
            "Honduran" : 0.14285714, 
            "South American" : 0.00302, 
            "Colombian" : 0.057142860000000004, 
            "Cuban" : 0.00121, 
            "Dominican" : 0.05, 
            "Puerto Rican" : 0.00106, 
            "Nicaraguan" : 0.03571429, 
            "Filipino" : 0.42857143000000003, 
            "Mixed" : 0.00045, 
            "Korean" : 0.42857143000000003
        }, 
        "employment_status" : {
            "Armed Forces" : 0.0, 
            "Employed" : 0.6378323499999999, 
            "Unemployed" : 0.024833829999999998, 
            "Other" : 0.33733383000000006
        }, 
        "industries" : {
            "Manufacturing" : 0.19481835, 
            "Healthcare" : 0.13735707, 
            "Agriculture" : 0.11376465, 
            "Retail" : 0.09422492, 
            "Construction" : 0.07164568, 
            "Education" : 0.07063251, 
            "Hospitality" : 0.06021132, 
            "Transportation" : 0.05007961, 
            "Other Services" : 0.04168476, 
            "Finance & Insurance" : 0.03531625, 
            "Government" : 0.02996092, 
            "Wholesalers" : 0.024171369999999998, 
            "Professional" : 0.02214503, 
            "Administrative" : 0.015631779999999998, 
            "Utilities" : 0.01490809, 
            "Information" : 0.01042119, 
            "Real estate" : 0.00564481, 
            "Entertainment" : 0.004486899999999999, 
            "Oil & Gas, and Mining" : 0.0028947699999999996, 
            "Management" : 0.0
        }, 
        "educational_attainment" : {
            "Doctorate" : 0.00704151, 
            "Professional" : 0.00704151, 
            "Master's" : 0.044245929999999996, 
            "Bachelor's" : 0.12359432, 
            "Associate's" : 0.10888071, 
            "Some College" : 0.20399369, 
            "High School" : 0.42049396, 
            "Some H.S." : 0.05401997, 
            "Less than H.S." : 0.020493960000000002, 
            "None" : 0.01019443
        }
    }
}