{
    "name" : "Milwaukee County", 
	"state" : "Wisconsin", 
	"FIPS" : "55079",
    "population" : 955306, 
    "demographics" : {
        "race_and_ethnicity" : {
            "White" : 0.5265736799999999, 
            "Hispanic" : 0.1397301, 
            "Black" : 0.26427029999999996, 
            "Asian" : 0.039210470000000004, 
            "Mixed" : 0.02408234, 
            "Other" : 0.006133110000000001
        }, 
        "age_and_sex" : {
            "85+" : 0.0207, 
            "80-84" : 0.01688, 
            "75-79" : 0.01908, 
            "70-74" : 0.02589, 
            "67-69" : 0.02031, 
            "65-66" : 0.01876, 
            "62-64" : 0.03081, 
            "60-61" : 0.02274, 
            "55-59" : 0.06413, 
            "50-54" : 0.06433, 
            "45-49" : 0.06048, 
            "40-44" : 0.062439999999999996, 
            "35-39" : 0.06285, 
            "30-34" : 0.07692, 
            "25-29" : 0.08546, 
            "22-24" : 0.04364, 
            "21" : 0.01542, 
            "20" : 0.015960000000000002, 
            "18-19" : 0.028530000000000003, 
            "15-17" : 0.03879, 
            "10-14" : 0.06559, 
            "5-9" : 0.0688, 
            "0-4" : 0.07151
        }, 
        "household_types" : {
            "Married" : 0.34891764999999997, 
            "Single Female" : 0.16665273, 
            "Single Male" : 0.05195178, 
            "One-Person" : 0.35049298, 
            "Other Non-Family" : 0.08198486
        }, 
        "marital_status" : {
            "Never Married" : {
                "female" : 0.41822508999999997, 
                "male" : 0.46475243
            }, 
            "Now Married" : {
                "female" : 0.33965694, 
                "male" : 0.37737668
            }, 
            "Separated" : {
                "female" : 0.02020108, 
                "male" : 0.015289239999999999
            }, 
            "Absent Spouse" : {
                "female" : 0.01892291, 
                "male" : 0.02201937
            }, 
            "Widowed" : {
                "female" : 0.08197155, 
                "male" : 0.02410804
            }, 
            "Divorced" : {
                "female" : 0.12102243, 
                "male" : 0.09645424999999999
            }
        }, 
        "ancestry" : {
            "Other" : 0.44079175, 
            "German" : 0.24734902000000003, 
            "Polish" : 0.10776966, 
            "Unclassified" : 0.10254411, 
            "Irish" : 0.08295667, 
            "Italian" : 0.03731475, 
            "English" : 0.03225982, 
            "Norwegian" : 0.025656699999999998, 
            "French" : 0.02073786, 
            "American" : 0.01756715, 
            "Swedish" : 0.011934400000000001, 
            "Subsaharan African" : 0.010375730000000001, 
            "Dutch" : 0.00991096, 
            "European" : 0.00951109, 
            "Russian" : 0.00807281, 
            "Czech" : 0.00776505, 
            "African" : 0.007722130000000001, 
            "Arab" : 0.00741961, 
            "Scottish" : 0.00696845, 
            "Danish" : 0.00523602, 
            "Mexican" : 0.6726496799999999, 
            "Puerto Rican" : 0.09619, 
            "Central American" : 0.24541575000000002, 
            "South American" : 0.035089999999999996, 
            "Other Hispanic" : 0.02622082, 
            "Dominican" : 0.00375, 
            "Cuban" : 0.0208771, 
            "Nicaraguan" : 0.00299, 
            "Colombian" : 0.01718774, 
            "Guatemalan" : 0.00246, 
            "Salvadoran" : 0.00885008, 
            "Peruvian" : 0.00127, 
            "Hmong" : 0.36793208, 
            "Indian" : 0.01443, 
            "Chinese" : 0.19352340999999998, 
            "Filipino" : 0.00759, 
            "Burmese" : 0.09741577, 
            "Vietnamese" : 0.00382, 
            "Korean" : 0.05574243, 
            "Laotian" : 0.00219, 
            "Pakistani" : 0.04941535, 
            "Not Specified" : 0.00194, 
            "Thai" : 0.045731219999999996, 
            "Mixed" : 0.00179, 
            "Japanese" : 0.043195050000000006
        }, 
        "employment_status" : {
            "Armed Forces" : 0.00035656, 
            "Employed" : 0.6037961700000001, 
            "Unemployed" : 0.053375599999999995, 
            "Other" : 0.34247166999999995
        }, 
        "industries" : {
            "Healthcare" : 0.17262638, 
            "Manufacturing" : 0.15014175, 
            "Retail" : 0.10279926, 
            "Education" : 0.09418104, 
            "Hospitality" : 0.07666043, 
            "Professional" : 0.053580819999999994, 
            "Finance & Insurance" : 0.053523100000000004, 
            "Administrative" : 0.04975346, 
            "Other Services" : 0.043757120000000004, 
            "Transportation" : 0.03844011, 
            "Construction" : 0.036739549999999996, 
            "Government" : 0.03468823, 
            "Wholesalers" : 0.02462698, 
            "Entertainment" : 0.0236879, 
            "Information" : 0.01764937, 
            "Real estate" : 0.014044010000000001, 
            "Utilities" : 0.00684662, 
            "Agriculture" : 0.00406047, 
            "Management" : 0.00178936, 
            "Oil & Gas, and Mining" : 0.00040405000000000004
        }, 
        "educational_attainment" : {
            "Doctorate" : 0.01164548, 
            "Professional" : 0.01821263, 
            "Master's" : 0.07552939, 
            "Bachelor's" : 0.19209500999999998, 
            "Associate's" : 0.07716757, 
            "Some College" : 0.21525107, 
            "High School" : 0.27917031000000003, 
            "Some H.S." : 0.08488464999999999, 
            "Less than H.S." : 0.03119755, 
            "None" : 0.01484634
        }
    }
}