{
    "name" : "Price County", 
	"state" : "Wisconsin", 
	"FIPS" : "55099",
    "population" : 13707, 
    "demographics" : {
        "race_and_ethnicity" : {
            "White" : 0.95301671, 
            "Hispanic" : 0.01510177, 
            "Black" : 0.00496097, 
            "Asian" : 0.00576348, 
            "Mixed" : 0.01094331, 
            "Other" : 0.01021376
        }, 
        "age_and_sex" : {
            "85+" : 0.035019999999999996, 
            "80-84" : 0.02801, 
            "75-79" : 0.045090000000000005, 
            "70-74" : 0.057999999999999996, 
            "67-69" : 0.04064, 
            "65-66" : 0.03181, 
            "62-64" : 0.05391, 
            "60-61" : 0.03779, 
            "55-59" : 0.10236, 
            "50-54" : 0.08974, 
            "45-49" : 0.06945, 
            "40-44" : 0.05647, 
            "35-39" : 0.04567, 
            "30-34" : 0.04458, 
            "25-29" : 0.035089999999999996, 
            "22-24" : 0.02955, 
            "21" : 0.00525, 
            "20" : 0.00569, 
            "18-19" : 0.0178, 
            "15-17" : 0.03305, 
            "10-14" : 0.05355000000000001, 
            "5-9" : 0.04334, 
            "0-4" : 0.03816
        }, 
        "household_types" : {
            "Married" : 0.51213301, 
            "Single Female" : 0.06426004, 
            "Single Male" : 0.05766926, 
            "One-Person" : 0.30736968000000003, 
            "Other Non-Family" : 0.058567999999999995
        }, 
        "marital_status" : {
            "Never Married" : {
                "female" : 0.16297549, 
                "male" : 0.24558154999999998
            }, 
            "Now Married" : {
                "female" : 0.58799662, 
                "male" : 0.5818885699999999
            }, 
            "Separated" : {
                "female" : 0.018089599999999997, 
                "male" : 0.00437637
            }, 
            "Absent Spouse" : {
                "female" : 0.01572274, 
                "male" : 0.01380239
            }, 
            "Widowed" : {
                "female" : 0.10989011, 
                "male" : 0.0316445
            }, 
            "Divorced" : {
                "female" : 0.10532543999999999, 
                "male" : 0.12270662
            }
        }, 
        "ancestry" : {
            "German" : 0.46385059, 
            "Unclassified" : 0.13445685, 
            "Irish" : 0.10884949000000001, 
            "Polish" : 0.09243451999999999, 
            "Other" : 0.08032392, 
            "Swedish" : 0.06544102, 
            "Norwegian" : 0.06398191, 
            "Czech" : 0.06310644, 
            "English" : 0.053841099999999996, 
            "American" : 0.03472678, 
            "French" : 0.03407018, 
            "Finnish" : 0.02524258, 
            "Dutch" : 0.023491650000000003, 
            "Italian" : 0.01904137, 
            "French Canadian" : 0.01889545, 
            "Scottish" : 0.010359670000000001, 
            "Slovak" : 0.010359670000000001, 
            "Danish" : 0.0086817, 
            "Russian" : 0.00838987, 
            "Czechoslovakian" : 0.00831692, 
            "Mexican" : 0.52657005, 
            "Puerto Rican" : 0.00795, 
            "South American" : 0.17874396, 
            "Colombian" : 0.0027, 
            "Other Hispanic" : 0.11111111, 
            "Cuban" : 0.00168, 
            "Spanish" : 0.11111111, 
            "Filipino" : 0.32911392, 
            "Indian" : 0.0019, 
            "Vietnamese" : 0.25316456, 
            "Korean" : 0.00146, 
            "Taiwanese" : 0.2278481, 
            "Chinese" : 0.00131, 
            "Japanese" : 0.10126582, 
            "Sri Lankan" : 0.00058, 
            "Thai" : 0.03797468
        }, 
        "employment_status" : {
            "Armed Forces" : 0.0, 
            "Employed" : 0.56125672, 
            "Unemployed" : 0.02305131, 
            "Other" : 0.41569197
        }, 
        "industries" : {
            "Manufacturing" : 0.32309096, 
            "Healthcare" : 0.11530271, 
            "Retail" : 0.08700943, 
            "Hospitality" : 0.06647399, 
            "Education" : 0.058564040000000005, 
            "Agriculture" : 0.054913290000000003, 
            "Government" : 0.051566780000000007, 
            "Construction" : 0.04639489, 
            "Other Services" : 0.04320049, 
            "Professional" : 0.030118649999999997, 
            "Finance & Insurance" : 0.0275327, 
            "Transportation" : 0.02601156, 
            "Administrative" : 0.02236082, 
            "Wholesalers" : 0.0158199, 
            "Information" : 0.010648010000000001, 
            "Entertainment" : 0.007301490000000001, 
            "Utilities" : 0.00699726, 
            "Real estate" : 0.0063888, 
            "Oil & Gas, and Mining" : 0.00030423, 
            "Management" : 0.0
        }, 
        "educational_attainment" : {
            "Doctorate" : 0.004149379999999999, 
            "Professional" : 0.005941149999999999, 
            "Master's" : 0.03423237, 
            "Bachelor's" : 0.11778574000000001, 
            "Associate's" : 0.105149, 
            "Some College" : 0.22500942999999998, 
            "High School" : 0.41069408, 
            "Some H.S." : 0.06969068, 
            "Less than H.S." : 0.02376462, 
            "None" : 0.0035835499999999996
        }
    }
}