{
    "name" : "Rock County", 
	"state" : "Wisconsin", 
	"FIPS" : "55105",
    "population" : 160986, 
    "demographics" : {
        "race_and_ethnicity" : {
            "White" : 0.83642056, 
            "Hispanic" : 0.08153504, 
            "Black" : 0.034586860000000004, 
            "Asian" : 0.011236999999999999, 
            "Mixed" : 0.033282400000000004, 
            "Other" : 0.00293814
        }, 
        "age_and_sex" : {
            "85+" : 0.02024, 
            "80-84" : 0.01959, 
            "75-79" : 0.027080000000000003, 
            "70-74" : 0.03499, 
            "67-69" : 0.028210000000000002, 
            "65-66" : 0.02023, 
            "62-64" : 0.03481, 
            "60-61" : 0.025939999999999998, 
            "55-59" : 0.07228, 
            "50-54" : 0.07409, 
            "45-49" : 0.06809, 
            "40-44" : 0.06386, 
            "35-39" : 0.06091, 
            "30-34" : 0.06447, 
            "25-29" : 0.05827, 
            "22-24" : 0.04118, 
            "21" : 0.01026, 
            "20" : 0.012490000000000001, 
            "18-19" : 0.02402, 
            "15-17" : 0.04190000000000001, 
            "10-14" : 0.06739, 
            "5-9" : 0.06858, 
            "0-4" : 0.06112
        }, 
        "household_types" : {
            "Married" : 0.47013653, 
            "Single Female" : 0.13387341, 
            "Single Male" : 0.05082811, 
            "One-Person" : 0.28329241, 
            "Other Non-Family" : 0.06186954
        }, 
        "marital_status" : {
            "Never Married" : {
                "female" : 0.26592426, 
                "male" : 0.33378911
            }, 
            "Now Married" : {
                "female" : 0.4581908, 
                "male" : 0.49163699
            }, 
            "Separated" : {
                "female" : 0.01579241, 
                "male" : 0.012051639999999999
            }, 
            "Absent Spouse" : {
                "female" : 0.018188390000000002, 
                "male" : 0.01567667
            }, 
            "Widowed" : {
                "female" : 0.09252421999999999, 
                "male" : 0.02637688
            }, 
            "Divorced" : {
                "female" : 0.14937991, 
                "male" : 0.12046870999999999
            }
        }, 
        "ancestry" : {
            "German" : 0.36780217, 
            "Other" : 0.17887891, 
            "Irish" : 0.15430533999999999, 
            "Unclassified" : 0.14813711, 
            "Norwegian" : 0.12031481, 
            "English" : 0.08943013999999999, 
            "American" : 0.0435131, 
            "Polish" : 0.03859963, 
            "Italian" : 0.03583541, 
            "French" : 0.02596499, 
            "Swedish" : 0.02395861, 
            "Swiss" : 0.020101130000000002, 
            "Dutch" : 0.01870349, 
            "Scottish" : 0.014951609999999999, 
            "Subsaharan African" : 0.013448370000000001, 
            "African" : 0.01331172, 
            "Czech" : 0.01138608, 
            "Danish" : 0.00981452, 
            "European" : 0.009168500000000001, 
            "Welsh" : 0.00835476, 
            "Mexican" : 0.85688337, 
            "Puerto Rican" : 0.07033, 
            "Other Hispanic" : 0.05744343, 
            "Central American" : 0.00471, 
            "South American" : 0.03413305, 
            "Cuban" : 0.0028000000000000004, 
            "Guatemalan" : 0.020964200000000002, 
            "Spaniard" : 0.00172, 
            "Honduran" : 0.01596912, 
            "Cambodian" : 0.22166943, 
            "Chinese" : 0.00249, 
            "Filipino" : 0.16749585, 
            "Vietnamese" : 0.00188, 
            "Indian" : 0.14040907, 
            "Korean" : 0.00158, 
            "Mixed" : 0.12880044, 
            "Japanese" : 0.00145, 
            "Hmong" : 0.1182974, 
            "Laotian" : 0.00133, 
            "Indonesian" : 0.05693753, 
            "Sri Lankan" : 0.00064, 
            "Taiwanese" : 0.044776119999999996, 
            "Thai" : 0.0005, 
            "Not Specified" : 0.025981209999999998, 
            "Nepalese" : 0.00029
        }, 
        "employment_status" : {
            "Armed Forces" : 0.00015782999999999997, 
            "Employed" : 0.60556178, 
            "Unemployed" : 0.04832626, 
            "Other" : 0.34595413999999997
        }, 
        "industries" : {
            "Manufacturing" : 0.22466053, 
            "Healthcare" : 0.14271938, 
            "Retail" : 0.12108734, 
            "Education" : 0.07930882, 
            "Hospitality" : 0.06775001, 
            "Construction" : 0.059501160000000004, 
            "Other Services" : 0.0421043, 
            "Wholesalers" : 0.03737392, 
            "Transportation" : 0.03656598, 
            "Government" : 0.033503609999999996, 
            "Administrative" : 0.03252626, 
            "Professional" : 0.03020668, 
            "Finance & Insurance" : 0.02472048, 
            "Information" : 0.01812661, 
            "Agriculture" : 0.01731867, 
            "Entertainment" : 0.011884589999999999, 
            "Real estate" : 0.01008627, 
            "Utilities" : 0.00890041, 
            "Oil & Gas, and Mining" : 0.0009643200000000001, 
            "Management" : 0.0006906600000000001
        }, 
        "educational_attainment" : {
            "Doctorate" : 0.0061835499999999995, 
            "Professional" : 0.0093953, 
            "Master's" : 0.05463674, 
            "Bachelor's" : 0.13744093, 
            "Associate's" : 0.10313608, 
            "Some College" : 0.21841775, 
            "High School" : 0.36487558999999997, 
            "Some H.S." : 0.07505168000000001, 
            "Less than H.S." : 0.02357132, 
            "None" : 0.00729105
        }
    }
}