{
    "name" : "Trempealeau County", 
	"state" : "Wisconsin", 
	"FIPS" : "55121",
    "population" : 29521, 
    "demographics" : {
        "race_and_ethnicity" : {
            "White" : 0.9114189899999999, 
            "Hispanic" : 0.06940821999999999, 
            "Black" : 0.0042004, 
            "Asian" : 0.00660547, 
            "Mixed" : 0.00596186, 
            "Other" : 0.00240507
        }, 
        "age_and_sex" : {
            "85+" : 0.02405, 
            "80-84" : 0.024220000000000002, 
            "75-79" : 0.03028, 
            "70-74" : 0.041769999999999995, 
            "67-69" : 0.026080000000000002, 
            "65-66" : 0.02368, 
            "62-64" : 0.03716, 
            "60-61" : 0.025099999999999997, 
            "55-59" : 0.0754, 
            "50-54" : 0.07418, 
            "45-49" : 0.0692, 
            "40-44" : 0.05847, 
            "35-39" : 0.06168, 
            "30-34" : 0.060700000000000004, 
            "25-29" : 0.05223, 
            "22-24" : 0.034620000000000005, 
            "21" : 0.01179, 
            "20" : 0.00532, 
            "18-19" : 0.021099999999999997, 
            "15-17" : 0.039599999999999996, 
            "10-14" : 0.06927, 
            "5-9" : 0.06741, 
            "0-4" : 0.06666
        }, 
        "household_types" : {
            "Married" : 0.52111486, 
            "Single Female" : 0.08994932, 
            "Single Male" : 0.05464527, 
            "One-Person" : 0.27331081, 
            "Other Non-Family" : 0.060979729999999996
        }, 
        "marital_status" : {
            "Never Married" : {
                "female" : 0.22145863999999998, 
                "male" : 0.32415593000000004
            }, 
            "Now Married" : {
                "female" : 0.53071042, 
                "male" : 0.52386966
            }, 
            "Separated" : {
                "female" : 0.01597801, 
                "male" : 0.00479919
            }, 
            "Absent Spouse" : {
                "female" : 0.014689460000000001, 
                "male" : 0.01902837
            }, 
            "Widowed" : {
                "female" : 0.11201786999999999, 
                "male" : 0.03308916
            }, 
            "Divorced" : {
                "female" : 0.10514561, 
                "male" : 0.09505767000000001
            }
        }, 
        "ancestry" : {
            "German" : 0.34975102, 
            "Norwegian" : 0.31872227, 
            "Polish" : 0.1601233, 
            "Other" : 0.11080248, 
            "Unclassified" : 0.10477287, 
            "Irish" : 0.07459096999999999, 
            "American" : 0.06605467, 
            "English" : 0.04339284, 
            "French" : 0.01805494, 
            "Swedish" : 0.01714034, 
            "Italian" : 0.01466752, 
            "Dutch" : 0.0136513, 
            "Swiss" : 0.00995901, 
            "Czech" : 0.00829918, 
            "Scottish" : 0.007757190000000001, 
            "Pennsylvania German" : 0.0060634799999999996, 
            "Mexican" : 0.85920926, 
            "Central American" : 0.06036, 
            "Other Hispanic" : 0.05737705, 
            "Guatemalan" : 0.004030000000000001, 
            "Puerto Rican" : 0.050144650000000006, 
            "South American" : 0.0035199999999999997, 
            "Peruvian" : 0.049662490000000004, 
            "Honduran" : 0.0034899999999999996, 
            "Dominican" : 0.013018320000000002, 
            "Laotian" : 0.24615385, 
            "Chinese" : 0.0016300000000000002, 
            "Not Specified" : 0.18461538, 
            "Filipino" : 0.00122, 
            "Hmong" : 0.12307691999999999, 
            "Korean" : 0.0008100000000000001, 
            "Indian" : 0.10769231, 
            "Japanese" : 0.0007099999999999999, 
            "Vietnamese" : 0.10769231
        }, 
        "employment_status" : {
            "Armed Forces" : 0.0, 
            "Employed" : 0.6569747300000001, 
            "Unemployed" : 0.02210973, 
            "Other" : 0.32091554
        }, 
        "industries" : {
            "Manufacturing" : 0.28971286, 
            "Healthcare" : 0.13593256, 
            "Retail" : 0.09470495, 
            "Education" : 0.06711012, 
            "Agriculture" : 0.06658325, 
            "Construction" : 0.06243414, 
            "Transportation" : 0.043005800000000004, 
            "Hospitality" : 0.03872497, 
            "Other Services" : 0.03411486, 
            "Finance & Insurance" : 0.03365385, 
            "Professional" : 0.02864858, 
            "Government" : 0.02792413, 
            "Wholesalers" : 0.019625919999999998, 
            "Administrative" : 0.01863804, 
            "Information" : 0.01060327, 
            "Oil & Gas, and Mining" : 0.01014226, 
            "Entertainment" : 0.00856164, 
            "Real estate" : 0.005268699999999999, 
            "Utilities" : 0.00401739, 
            "Management" : 0.00059273
        }, 
        "educational_attainment" : {
            "Doctorate" : 0.00450517, 
            "Professional" : 0.0050497499999999996, 
            "Master's" : 0.04604188, 
            "Bachelor's" : 0.13693747, 
            "Associate's" : 0.11059953, 
            "Some College" : 0.19778206999999998, 
            "High School" : 0.3932868, 
            "Some H.S." : 0.06460716, 
            "Less than H.S." : 0.03316996, 
            "None" : 0.0080202
        }
    }
}