{
    "name" : "Gladwin County", 
	"state" : "Michigan", 
	"FIPS" : "26051",
    "population" : 25367, 
    "demographics" : {
        "race_and_ethnicity" : {
            "White" : 0.9635353000000001, 
            "Hispanic" : 0.01395514, 
            "Black" : 0.0034690700000000003, 
            "Asian" : 0.0049276599999999995, 
            "Mixed" : 0.008909209999999999, 
            "Other" : 0.00520361
        }, 
        "age_and_sex" : {
            "85+" : 0.0229, 
            "80-84" : 0.02866, 
            "75-79" : 0.04853, 
            "70-74" : 0.06405999999999999, 
            "67-69" : 0.0462, 
            "65-66" : 0.03741, 
            "62-64" : 0.04671, 
            "60-61" : 0.03449, 
            "55-59" : 0.08582000000000001, 
            "50-54" : 0.07391, 
            "45-49" : 0.06264, 
            "40-44" : 0.049710000000000004, 
            "35-39" : 0.04916, 
            "30-34" : 0.0438, 
            "25-29" : 0.04423, 
            "22-24" : 0.03118, 
            "21" : 0.00623, 
            "20" : 0.00993, 
            "18-19" : 0.018879999999999997, 
            "15-17" : 0.039580000000000004, 
            "10-14" : 0.05606, 
            "5-9" : 0.05251, 
            "0-4" : 0.047380000000000005
        }, 
        "household_types" : {
            "Married" : 0.51946854, 
            "Single Female" : 0.09143753, 
            "Single Male" : 0.040782429999999995, 
            "One-Person" : 0.30273112999999996, 
            "Other Non-Family" : 0.045580369999999995
        }, 
        "marital_status" : {
            "Never Married" : {
                "female" : 0.18607253, 
                "male" : 0.2543991
            }, 
            "Now Married" : {
                "female" : 0.5390137, 
                "male" : 0.52901535
            }, 
            "Separated" : {
                "female" : 0.01631397, 
                "male" : 0.013665290000000002
            }, 
            "Absent Spouse" : {
                "female" : 0.01454274, 
                "male" : 0.01937477
            }, 
            "Widowed" : {
                "female" : 0.12100308, 
                "male" : 0.03453763
            }, 
            "Divorced" : {
                "female" : 0.12305398000000001, 
                "male" : 0.14900786
            }
        }, 
        "ancestry" : {
            "Unclassified" : 0.30878701, 
            "German" : 0.26112666, 
            "Irish" : 0.10797493, 
            "Other" : 0.10726533999999999, 
            "English" : 0.09579375000000001, 
            "Polish" : 0.0710766, 
            "American" : 0.06922379000000001, 
            "French" : 0.05313991, 
            "Dutch" : 0.02566326, 
            "Italian" : 0.02546616, 
            "French Canadian" : 0.025347889999999998, 
            "Scottish" : 0.02274609, 
            "Swedish" : 0.0114716, 
            "Hungarian" : 0.009855319999999999, 
            "Pennsylvania German" : 0.009737059999999999, 
            "Scotch-Irish" : 0.00914574, 
            "European" : 0.007135249999999999, 
            "Czech" : 0.00630741, 
            "Finnish" : 0.00630741, 
            "Canadian" : 0.00583435, 
            "Mexican" : 0.5903954800000001, 
            "Other Hispanic" : 0.008239999999999999, 
            "Puerto Rican" : 0.19209040000000002, 
            "Spaniard" : 0.00268, 
            "Central American" : 0.12994350000000002, 
            "Guatemalan" : 0.00181, 
            "South American" : 0.08474576, 
            "Chilean" : 0.0011799999999999998, 
            "Spanish" : 0.04519774, 
            "Venezuelan" : 0.00063, 
            "Bolivian" : 0.04519774, 
            "Filipino" : 0.8, 
            "Chinese" : 0.00394, 
            "Korean" : 0.08800000000000001, 
            "Vietnamese" : 0.00043, 
            "Hmong" : 0.04
        }, 
        "employment_status" : {
            "Armed Forces" : 0.0, 
            "Employed" : 0.41444218, 
            "Unemployed" : 0.042672230000000005, 
            "Other" : 0.54288559
        }, 
        "industries" : {
            "Manufacturing" : 0.18601991, 
            "Healthcare" : 0.13968653, 
            "Retail" : 0.12641574, 
            "Construction" : 0.09861572, 
            "Education" : 0.07379018, 
            "Hospitality" : 0.0708157, 
            "Other Services" : 0.052511150000000006, 
            "Finance & Insurance" : 0.03878275, 
            "Transportation" : 0.03512184, 
            "Government" : 0.03454982, 
            "Administrative" : 0.03420661, 
            "Agriculture" : 0.02436792, 
            "Professional" : 0.021279029999999997, 
            "Wholesalers" : 0.01921977, 
            "Entertainment" : 0.012584370000000001, 
            "Real estate" : 0.011554739999999999, 
            "Information" : 0.00892346, 
            "Utilities" : 0.007093009999999999, 
            "Oil & Gas, and Mining" : 0.00411852, 
            "Management" : 0.00034321
        }, 
        "educational_attainment" : {
            "Doctorate" : 0.00117477, 
            "Professional" : 0.00608747, 
            "Master's" : 0.04736477, 
            "Bachelor's" : 0.07929727, 
            "Associate's" : 0.08901586, 
            "Some College" : 0.22245954999999998, 
            "High School" : 0.40593795, 
            "Some H.S." : 0.10001602, 
            "Less than H.S." : 0.03908795, 
            "None" : 0.00955839
        }
    }
}