{
    "name" : "St Joseph County", 
	"state" : "Michigan", 
	"FIPS" : "26149",
    "population" : 60923, 
    "demographics" : {
        "race_and_ethnicity" : {
            "White" : 0.8704758499999999, 
            "Hispanic" : 0.07305944, 
            "Black" : 0.025228570000000002, 
            "Asian" : 0.00515405, 
            "Mixed" : 0.022717200000000003, 
            "Other" : 0.0033649
        }, 
        "age_and_sex" : {
            "85+" : 0.02068, 
            "80-84" : 0.01907, 
            "75-79" : 0.03153, 
            "70-74" : 0.03665, 
            "67-69" : 0.03234, 
            "65-66" : 0.023690000000000003, 
            "62-64" : 0.03994, 
            "60-61" : 0.0269, 
            "55-59" : 0.06985999999999999, 
            "50-54" : 0.07117, 
            "45-49" : 0.06149, 
            "40-44" : 0.05878, 
            "35-39" : 0.05627, 
            "30-34" : 0.060110000000000004, 
            "25-29" : 0.05878, 
            "22-24" : 0.03358, 
            "21" : 0.012159999999999999, 
            "20" : 0.01113, 
            "18-19" : 0.02464, 
            "15-17" : 0.04292, 
            "10-14" : 0.07301, 
            "5-9" : 0.06761, 
            "0-4" : 0.06769
        }, 
        "household_types" : {
            "Married" : 0.53159755, 
            "Single Female" : 0.1095353, 
            "Single Male" : 0.0505647, 
            "One-Person" : 0.26015173999999996, 
            "Other Non-Family" : 0.048150700000000005
        }, 
        "marital_status" : {
            "Never Married" : {
                "female" : 0.22227235, 
                "male" : 0.28064733000000003
            }, 
            "Now Married" : {
                "female" : 0.50734208, 
                "male" : 0.5340432700000001
            }, 
            "Separated" : {
                "female" : 0.01853979, 
                "male" : 0.01790206
            }, 
            "Absent Spouse" : {
                "female" : 0.02387203, 
                "male" : 0.0147996
            }, 
            "Widowed" : {
                "female" : 0.10270714, 
                "male" : 0.03001845
            }, 
            "Divorced" : {
                "female" : 0.12526661, 
                "male" : 0.1225893
            }
        }, 
        "ancestry" : {
            "German" : 0.29337032, 
            "Unclassified" : 0.21620734, 
            "Other" : 0.19623131000000002, 
            "Irish" : 0.10949887999999999, 
            "English" : 0.09631830000000001, 
            "American" : 0.07555439, 
            "Dutch" : 0.05454426, 
            "Polish" : 0.051310669999999996, 
            "French" : 0.03069448, 
            "Italian" : 0.025671750000000004, 
            "Scottish" : 0.01776012, 
            "Swedish" : 0.014378809999999999, 
            "Swiss" : 0.0133283, 
            "European" : 0.01318057, 
            "Norwegian" : 0.00679546, 
            "Pennsylvania German" : 0.006155310000000001, 
            "Hungarian" : 0.00605683, 
            "Mexican" : 0.8922800700000001, 
            "Puerto Rican" : 0.06526, 
            "Other Hispanic" : 0.03994614, 
            "Cuban" : 0.00292, 
            "Central American" : 0.03186715, 
            "Salvadoran" : 0.00233, 
            "Indian" : 0.29936305999999996, 
            "Korean" : 0.00154, 
            "Filipino" : 0.28980892, 
            "Chinese" : 0.00149, 
            "Japanese" : 0.14968152999999998, 
            "Thai" : 0.00077, 
            "Vietnamese" : 0.10509554, 
            "Cambodian" : 0.00054
        }, 
        "employment_status" : {
            "Armed Forces" : 0.00057003, 
            "Employed" : 0.5693535399999999, 
            "Unemployed" : 0.0401765, 
            "Other" : 0.38989993
        }, 
        "industries" : {
            "Manufacturing" : 0.36899287999999997, 
            "Healthcare" : 0.10497627, 
            "Retail" : 0.08706615, 
            "Education" : 0.06737615, 
            "Hospitality" : 0.06633788, 
            "Other Services" : 0.04104865, 
            "Construction" : 0.03774844, 
            "Agriculture" : 0.03771136, 
            "Transportation" : 0.03593147, 
            "Administrative" : 0.02959063, 
            "Professional" : 0.026475819999999997, 
            "Government" : 0.025548799999999997, 
            "Finance & Insurance" : 0.02035746, 
            "Wholesalers" : 0.01857757, 
            "Real estate" : 0.0120884, 
            "Entertainment" : 0.00804657, 
            "Information" : 0.006637499999999999, 
            "Utilities" : 0.00470929, 
            "Oil & Gas, and Mining" : 0.0006303799999999999, 
            "Management" : 0.00014832
        }, 
        "educational_attainment" : {
            "Doctorate" : 0.00531352, 
            "Professional" : 0.00735529, 
            "Master's" : 0.045878329999999995, 
            "Bachelor's" : 0.09468402, 
            "Associate's" : 0.08078521999999999, 
            "Some College" : 0.23662395, 
            "High School" : 0.38936312, 
            "Some H.S." : 0.08405697, 
            "Less than H.S." : 0.0410814, 
            "None" : 0.01485818
        }
    }
}