{
    "name" : "Schoolcraft County", 
	"state" : "Michigan", 
	"FIPS" : "26153",
    "population" : 8186, 
    "demographics" : {
        "race_and_ethnicity" : {
            "White" : 0.86195944, 
            "Hispanic" : 0.008795500000000001, 
            "Black" : 0.00586367, 
            "Asian" : 0.01844613, 
            "Mixed" : 0.044344, 
            "Other" : 0.06059125
        }, 
        "age_and_sex" : {
            "85+" : 0.030910000000000003, 
            "80-84" : 0.02688, 
            "75-79" : 0.04899, 
            "70-74" : 0.053869999999999994, 
            "67-69" : 0.045810000000000003, 
            "65-66" : 0.03359, 
            "62-64" : 0.05497, 
            "60-61" : 0.04227, 
            "55-59" : 0.08721999999999999, 
            "50-54" : 0.08124, 
            "45-49" : 0.059980000000000006, 
            "40-44" : 0.06132, 
            "35-39" : 0.04459, 
            "30-34" : 0.039580000000000004, 
            "25-29" : 0.03506, 
            "22-24" : 0.01784, 
            "21" : 0.01796, 
            "20" : 0.009649999999999999, 
            "18-19" : 0.02101, 
            "15-17" : 0.037989999999999996, 
            "10-14" : 0.0496, 
            "5-9" : 0.056929999999999994, 
            "0-4" : 0.04276
        }, 
        "household_types" : {
            "Married" : 0.52712477, 
            "Single Female" : 0.07685353, 
            "Single Male" : 0.02230259, 
            "One-Person" : 0.32851115, 
            "Other Non-Family" : 0.04520796
        }, 
        "marital_status" : {
            "Never Married" : {
                "female" : 0.20394922000000001, 
                "male" : 0.26147996
            }, 
            "Now Married" : {
                "female" : 0.5139633299999999, 
                "male" : 0.5244223499999999
            }, 
            "Separated" : {
                "female" : 0.01607898, 
                "male" : 0.02486107
            }, 
            "Absent Spouse" : {
                "female" : 0.01410437, 
                "male" : 0.02690845
            }, 
            "Widowed" : {
                "female" : 0.12299013, 
                "male" : 0.03626791
            }, 
            "Divorced" : {
                "female" : 0.12891396, 
                "male" : 0.12606025
            }
        }, 
        "ancestry" : {
            "Unclassified" : 0.20034205, 
            "Other" : 0.19789885000000002, 
            "German" : 0.19496702, 
            "English" : 0.09198632, 
            "Irish" : 0.08697777000000001, 
            "American" : 0.07463963, 
            "French" : 0.06657708000000001, 
            "Swedish" : 0.06144637, 
            "French Canadian" : 0.06083557, 
            "Polish" : 0.05045199, 
            "Dutch" : 0.03090643, 
            "Scottish" : 0.02540924, 
            "Italian" : 0.023821159999999997, 
            "Norwegian" : 0.020767159999999996, 
            "Finnish" : 0.01893477, 
            "Croatian" : 0.01392622, 
            "Czech" : 0.00916198, 
            "Welsh" : 0.009039819999999999, 
            "Austrian" : 0.00830687, 
            "Scandinavian" : 0.00684095, 
            "Mexican" : 0.88888889, 
            "Puerto Rican" : 0.00782, 
            "Indian" : 0.74834437, 
            "Korean" : 0.0138, 
            "Chinese" : 0.10596026, 
            "Filipino" : 0.0019500000000000001, 
            "Japanese" : 0.05298013, 
            "Thai" : 0.00098
        }, 
        "employment_status" : {
            "Armed Forces" : 0.0008717099999999999, 
            "Employed" : 0.39793695, 
            "Unemployed" : 0.05491791, 
            "Other" : 0.5462734300000001
        }, 
        "industries" : {
            "Healthcare" : 0.20627966, 
            "Hospitality" : 0.10806864, 
            "Retail" : 0.09127418999999999, 
            "Manufacturing" : 0.09017889999999999, 
            "Construction" : 0.07192406, 
            "Education" : 0.07155896, 
            "Government" : 0.06352682999999999, 
            "Finance & Insurance" : 0.06133625, 
            "Other Services" : 0.052939030000000005, 
            "Entertainment" : 0.033954, 
            "Agriculture" : 0.03066813, 
            "Transportation" : 0.02884264, 
            "Oil & Gas, and Mining" : 0.01861993, 
            "Real estate" : 0.01861993, 
            "Administrative" : 0.01496897, 
            "Professional" : 0.012778389999999999, 
            "Utilities" : 0.012413289999999999, 
            "Wholesalers" : 0.00839723, 
            "Information" : 0.00365097, 
            "Management" : 0.0
        }, 
        "educational_attainment" : {
            "Doctorate" : 0.00376494, 
            "Professional" : 0.00491079, 
            "Master's" : 0.03846783, 
            "Bachelor's" : 0.11016533, 
            "Associate's" : 0.07415289, 
            "Some College" : 0.20265183, 
            "High School" : 0.45784908, 
            "Some H.S." : 0.06662302, 
            "Less than H.S." : 0.01653298, 
            "None" : 0.02488132
        }
    }
}