{
    "name" : "Arenac County", 
	"state" : "Michigan", 
	"FIPS" : "26011",
    "population" : 15327, 
    "demographics" : {
        "race_and_ethnicity" : {
            "White" : 0.9503490600000001, 
            "Hispanic" : 0.018855610000000002, 
            "Black" : 0.00495857, 
            "Asian" : 0.00384942, 
            "Mixed" : 0.0092647, 
            "Other" : 0.01272265
        }, 
        "age_and_sex" : {
            "85+" : 0.0246, 
            "80-84" : 0.02786, 
            "75-79" : 0.040389999999999995, 
            "70-74" : 0.05226, 
            "67-69" : 0.04671, 
            "65-66" : 0.034780000000000005, 
            "62-64" : 0.0535, 
            "60-61" : 0.03347, 
            "55-59" : 0.08840999999999999, 
            "50-54" : 0.08234, 
            "45-49" : 0.0629, 
            "40-44" : 0.05585, 
            "35-39" : 0.046189999999999995, 
            "30-34" : 0.050300000000000004, 
            "25-29" : 0.04593, 
            "22-24" : 0.033010000000000005, 
            "21" : 0.00894, 
            "20" : 0.0076300000000000005, 
            "18-19" : 0.021070000000000002, 
            "15-17" : 0.035230000000000004, 
            "10-14" : 0.0552, 
            "5-9" : 0.050300000000000004, 
            "0-4" : 0.043129999999999995
        }, 
        "household_types" : {
            "Married" : 0.53162419, 
            "Single Female" : 0.08520111, 
            "Single Male" : 0.042370279999999996, 
            "One-Person" : 0.29275407000000003, 
            "Other Non-Family" : 0.04805035
        }, 
        "marital_status" : {
            "Never Married" : {
                "female" : 0.18527096, 
                "male" : 0.27434570999999996
            }, 
            "Now Married" : {
                "female" : 0.5465493299999999, 
                "male" : 0.52799757
            }, 
            "Separated" : {
                "female" : 0.010344299999999999, 
                "male" : 0.011868529999999999
            }, 
            "Absent Spouse" : {
                "female" : 0.017755129999999997, 
                "male" : 0.01034693
            }, 
            "Widowed" : {
                "female" : 0.12397715, 
                "male" : 0.04701765
            }, 
            "Divorced" : {
                "female" : 0.11610313, 
                "male" : 0.12842362
            }
        }, 
        "ancestry" : {
            "Unclassified" : 0.29196842, 
            "German" : 0.24538395999999998, 
            "Polish" : 0.1440595, 
            "Other" : 0.11287271, 
            "Irish" : 0.11189404, 
            "French" : 0.09316891999999999, 
            "English" : 0.09121159000000001, 
            "American" : 0.05102107, 
            "French Canadian" : 0.029816660000000002, 
            "Italian" : 0.02577151, 
            "Scottish" : 0.02068246, 
            "Dutch" : 0.01800744, 
            "Swedish" : 0.01200496, 
            "Hungarian" : 0.00991714, 
            "Scotch-Irish" : 0.007829319999999999, 
            "Russian" : 0.006198209999999999, 
            "Finnish" : 0.00567626, 
            "Welsh" : 0.00548052, 
            "Norwegian" : 0.00541528, 
            "Mexican" : 0.8384879700000001, 
            "Other Hispanic" : 0.01592, 
            "Puerto Rican" : 0.07216495, 
            "Cuban" : 0.0013700000000000001, 
            "Spanish" : 0.04123711, 
            "Spaniard" : 0.00078, 
            "South American" : 0.03436426, 
            "Ecuadorian" : 0.00065, 
            "Korean" : 0.52542373, 
            "Filipino" : 0.00202, 
            "Indonesian" : 0.40677966
        }, 
        "employment_status" : {
            "Armed Forces" : 0.0, 
            "Employed" : 0.44614192, 
            "Unemployed" : 0.053896860000000005, 
            "Other" : 0.49996123
        }, 
        "industries" : {
            "Healthcare" : 0.18459934, 
            "Manufacturing" : 0.15487572, 
            "Retail" : 0.1361029, 
            "Hospitality" : 0.07439597, 
            "Construction" : 0.05944724, 
            "Education" : 0.05805667, 
            "Transportation" : 0.04797497, 
            "Government" : 0.04171736, 
            "Other Services" : 0.040500610000000006, 
            "Agriculture" : 0.03215714, 
            "Entertainment" : 0.03163567, 
            "Administrative" : 0.0295498, 
            "Professional" : 0.026421, 
            "Finance & Insurance" : 0.02381366, 
            "Wholesalers" : 0.0194681, 
            "Utilities" : 0.0132105, 
            "Real estate" : 0.01199374, 
            "Information" : 0.0085173, 
            "Oil & Gas, and Mining" : 0.005562319999999999, 
            "Management" : 0.0
        }, 
        "educational_attainment" : {
            "Doctorate" : 0.00210047, 
            "Professional" : 0.00393839, 
            "Master's" : 0.03877122, 
            "Bachelor's" : 0.06905304, 
            "Associate's" : 0.09889725, 
            "Some College" : 0.2208997, 
            "High School" : 0.42980921, 
            "Some H.S." : 0.09670925999999999, 
            "Less than H.S." : 0.02301768, 
            "None" : 0.01680378
        }
    }
}