{
    "name" : "Charlevoix County", 
	"state" : "Michigan", 
	"FIPS" : "26029",
    "population" : 26172, 
    "demographics" : {
        "race_and_ethnicity" : {
            "White" : 0.9407764000000001, 
            "Hispanic" : 0.0169647, 
            "Black" : 0.003477, 
            "Asian" : 0.00385909, 
            "Mixed" : 0.022696010000000003, 
            "Other" : 0.01222681
        }, 
        "age_and_sex" : {
            "85+" : 0.02101, 
            "80-84" : 0.02954, 
            "75-79" : 0.03725, 
            "70-74" : 0.06415, 
            "67-69" : 0.035, 
            "65-66" : 0.02698, 
            "62-64" : 0.04887, 
            "60-61" : 0.03401, 
            "55-59" : 0.08673, 
            "50-54" : 0.0794, 
            "45-49" : 0.06652, 
            "40-44" : 0.059379999999999995, 
            "35-39" : 0.04146, 
            "30-34" : 0.04979, 
            "25-29" : 0.04715, 
            "22-24" : 0.02564, 
            "21" : 0.01142, 
            "20" : 0.012110000000000001, 
            "18-19" : 0.02052, 
            "15-17" : 0.04058, 
            "10-14" : 0.06159, 
            "5-9" : 0.05357, 
            "0-4" : 0.04734
        }, 
        "household_types" : {
            "Married" : 0.53047179, 
            "Single Female" : 0.08177126, 
            "Single Male" : 0.03857647, 
            "One-Person" : 0.29475686, 
            "Other Non-Family" : 0.05442362
        }, 
        "marital_status" : {
            "Never Married" : {
                "female" : 0.20922939, 
                "male" : 0.25030207
            }, 
            "Now Married" : {
                "female" : 0.52204301, 
                "male" : 0.56510828
            }, 
            "Separated" : {
                "female" : 0.01057348, 
                "male" : 0.01078167
            }, 
            "Absent Spouse" : {
                "female" : 0.018458779999999998, 
                "male" : 0.017380800000000002
            }, 
            "Widowed" : {
                "female" : 0.10430108, 
                "male" : 0.02769774
            }, 
            "Divorced" : {
                "female" : 0.13539427, 
                "male" : 0.12872944
            }
        }, 
        "ancestry" : {
            "German" : 0.26757604, 
            "Unclassified" : 0.16013297, 
            "Irish" : 0.14309185, 
            "English" : 0.14255693, 
            "Other" : 0.1267385, 
            "Polish" : 0.09571298, 
            "American" : 0.06736207, 
            "French" : 0.058153750000000004, 
            "Dutch" : 0.05093229, 
            "Scottish" : 0.03988996, 
            "Italian" : 0.033929390000000004, 
            "French Canadian" : 0.024682870000000003, 
            "Swedish" : 0.02070915, 
            "European" : 0.01841663, 
            "Czech" : 0.01631515, 
            "Norwegian" : 0.01444292, 
            "Finnish" : 0.0095904, 
            "Welsh" : 0.00928473, 
            "Scotch-Irish" : 0.0078328, 
            "Hungarian" : 0.0071832499999999995, 
            "Mexican" : 0.70288248, 
            "Puerto Rican" : 0.012110000000000001, 
            "Central American" : 0.1286031, 
            "Other Hispanic" : 0.00222, 
            "South American" : 0.059866960000000004, 
            "Colombian" : 0.0010299999999999999, 
            "Honduran" : 0.05543237, 
            "Nicaraguan" : 0.00096, 
            "Ecuadorian" : 0.05321508, 
            "Hmong" : 0.38613861, 
            "Vietnamese" : 0.00149, 
            "Japanese" : 0.1980198, 
            "Korean" : 0.0007599999999999999, 
            "Chinese" : 0.18811881, 
            "Thai" : 0.00073
        }, 
        "employment_status" : {
            "Armed Forces" : 0.0022268599999999998, 
            "Employed" : 0.54957087, 
            "Unemployed" : 0.04467641000000001, 
            "Other" : 0.40352586
        }, 
        "industries" : {
            "Manufacturing" : 0.1836907, 
            "Healthcare" : 0.14249536000000002, 
            "Retail" : 0.12738477, 
            "Hospitality" : 0.10231301999999999, 
            "Construction" : 0.07546851, 
            "Education" : 0.06196184, 
            "Other Services" : 0.04136417, 
            "Administrative" : 0.040773260000000006, 
            "Professional" : 0.03900051, 
            "Entertainment" : 0.03005234, 
            "Government" : 0.028363999999999997, 
            "Finance & Insurance" : 0.02659125, 
            "Transportation" : 0.024987339999999997, 
            "Real estate" : 0.021863920000000002, 
            "Wholesalers" : 0.01637684, 
            "Agriculture" : 0.014181999999999998, 
            "Information" : 0.01072092, 
            "Utilities" : 0.00877933, 
            "Oil & Gas, and Mining" : 0.00362992, 
            "Management" : 0.0
        }, 
        "educational_attainment" : {
            "Doctorate" : 0.01124363, 
            "Professional" : 0.021331370000000002, 
            "Master's" : 0.08448484, 
            "Bachelor's" : 0.16791888, 
            "Associate's" : 0.09683182, 
            "Some College" : 0.22639626, 
            "High School" : 0.31870961000000003, 
            "Some H.S." : 0.05942311, 
            "Less than H.S." : 0.008353909999999999, 
            "None" : 0.00530657
        }
    }
}