{
    "name" : "Kalamazoo County", 
	"state" : "Michigan", 
	"FIPS" : "26077",
    "population" : 258605, 
    "demographics" : {
        "race_and_ethnicity" : {
            "White" : 0.78399876, 
            "Hispanic" : 0.04305408, 
            "Black" : 0.10850525, 
            "Asian" : 0.02336382, 
            "Mixed" : 0.03756695, 
            "Other" : 0.00351115
        }, 
        "age_and_sex" : {
            "85+" : 0.01978, 
            "80-84" : 0.0172, 
            "75-79" : 0.02273, 
            "70-74" : 0.03008, 
            "67-69" : 0.02463, 
            "65-66" : 0.02054, 
            "62-64" : 0.03384, 
            "60-61" : 0.0242, 
            "55-59" : 0.06174, 
            "50-54" : 0.06209, 
            "45-49" : 0.057089999999999995, 
            "40-44" : 0.05819, 
            "35-39" : 0.055940000000000004, 
            "30-34" : 0.06375, 
            "25-29" : 0.06741, 
            "22-24" : 0.0725, 
            "21" : 0.024319999999999998, 
            "20" : 0.02661, 
            "18-19" : 0.03686, 
            "15-17" : 0.03743, 
            "10-14" : 0.06375, 
            "5-9" : 0.05856, 
            "0-4" : 0.06078
        }, 
        "household_types" : {
            "Married" : 0.43987046, 
            "Single Female" : 0.11127189, 
            "Single Male" : 0.04531987, 
            "One-Person" : 0.3006231, 
            "Other Non-Family" : 0.10291468999999999
        }, 
        "marital_status" : {
            "Never Married" : {
                "female" : 0.36060411000000003, 
                "male" : 0.40727205
            }, 
            "Now Married" : {
                "female" : 0.41211899, 
                "male" : 0.44402318
            }, 
            "Separated" : {
                "female" : 0.01389093, 
                "male" : 0.01331874
            }, 
            "Absent Spouse" : {
                "female" : 0.01655343, 
                "male" : 0.01793095
            }, 
            "Widowed" : {
                "female" : 0.0730628, 
                "male" : 0.02249431
            }, 
            "Divorced" : {
                "female" : 0.12376974, 
                "male" : 0.09496077
            }
        }, 
        "ancestry" : {
            "Other" : 0.24139518, 
            "German" : 0.21566482, 
            "Unclassified" : 0.1682102, 
            "Irish" : 0.12500145, 
            "English" : 0.11045417, 
            "Dutch" : 0.10445273999999999, 
            "Polish" : 0.056251810000000006, 
            "American" : 0.05532762, 
            "Italian" : 0.04079581, 
            "French" : 0.03209141, 
            "Scottish" : 0.02381238, 
            "Swedish" : 0.01878927, 
            "European" : 0.01853792, 
            "Norwegian" : 0.010115810000000001, 
            "French Canadian" : 0.009582180000000001, 
            "Hungarian" : 0.00919936, 
            "Scotch-Irish" : 0.009048549999999999, 
            "Arab" : 0.00727751, 
            "British" : 0.006821209999999999, 
            "Welsh" : 0.0064538600000000005, 
            "Mexican" : 0.7376675899999999, 
            "Puerto Rican" : 0.03383, 
            "Other Hispanic" : 0.0838182, 
            "Dominican" : 0.00384, 
            "Central American" : 0.05076313, 
            "South American" : 0.00233, 
            "Cuban" : 0.04275234, 
            "Spaniard" : 0.00196, 
            "Guatemalan" : 0.03415128, 
            "Spanish" : 0.00157, 
            "Chilean" : 0.02748967, 
            "Colombian" : 0.00126, 
            "Nicaraguan" : 0.02335779, 
            "Indian" : 0.27027474, 
            "Chinese" : 0.00631, 
            "Filipino" : 0.22889772, 
            "Pakistani" : 0.005350000000000001, 
            "Korean" : 0.13240649, 
            "Japanese" : 0.00309, 
            "Vietnamese" : 0.09301556, 
            "Not Specified" : 0.00217, 
            "Hmong" : 0.07530619, 
            "Sri Lankan" : 0.0017599999999999998, 
            "Taiwanese" : 0.05031447, 
            "Thai" : 0.0011799999999999998, 
            "Nepalese" : 0.0387289
        }, 
        "employment_status" : {
            "Armed Forces" : 0.00058233, 
            "Employed" : 0.60920851, 
            "Unemployed" : 0.04789543, 
            "Other" : 0.34231373
        }, 
        "industries" : {
            "Manufacturing" : 0.17642691, 
            "Healthcare" : 0.15993996, 
            "Education" : 0.11449224, 
            "Retail" : 0.11119011000000001, 
            "Hospitality" : 0.08733262, 
            "Professional" : 0.04994273, 
            "Other Services" : 0.046016510000000004, 
            "Finance & Insurance" : 0.0420666, 
            "Construction" : 0.04054983, 
            "Administrative" : 0.037224, 
            "Government" : 0.02677252, 
            "Wholesalers" : 0.022230120000000003, 
            "Transportation" : 0.02159814, 
            "Entertainment" : 0.01924399, 
            "Real estate" : 0.01888849, 
            "Information" : 0.01098076, 
            "Agriculture" : 0.0092981, 
            "Utilities" : 0.004013109999999999, 
            "Oil & Gas, and Mining" : 0.00124817, 
            "Management" : 0.00054509
        }, 
        "educational_attainment" : {
            "Doctorate" : 0.02078975, 
            "Professional" : 0.020009120000000002, 
            "Master's" : 0.10674027000000001, 
            "Bachelor's" : 0.21346806000000002, 
            "Associate's" : 0.09666078, 
            "Some College" : 0.24898362, 
            "High School" : 0.22946786, 
            "Some H.S." : 0.046413159999999995, 
            "Less than H.S." : 0.0107727, 
            "None" : 0.00669469
        }
    }
}