{
    "name" : "Otsego County", 
	"state" : "Michigan", 
	"FIPS" : "26137",
    "population" : 24198, 
    "demographics" : {
        "race_and_ethnicity" : {
            "White" : 0.9485081399999999, 
            "Hispanic" : 0.01537317, 
            "Black" : 0.00471113, 
            "Asian" : 0.00595091, 
            "Mixed" : 0.01913381, 
            "Other" : 0.00632284
        }, 
        "age_and_sex" : {
            "85+" : 0.02174, 
            "80-84" : 0.02529, 
            "75-79" : 0.03533, 
            "70-74" : 0.047939999999999997, 
            "67-69" : 0.03678, 
            "65-66" : 0.02604, 
            "62-64" : 0.044340000000000004, 
            "60-61" : 0.030289999999999997, 
            "55-59" : 0.07534, 
            "50-54" : 0.07881, 
            "45-49" : 0.07133, 
            "40-44" : 0.05678, 
            "35-39" : 0.04918, 
            "30-34" : 0.05116, 
            "25-29" : 0.05067, 
            "22-24" : 0.037610000000000005, 
            "21" : 0.01351, 
            "20" : 0.008020000000000001, 
            "18-19" : 0.022850000000000002, 
            "15-17" : 0.042190000000000005, 
            "10-14" : 0.05686, 
            "5-9" : 0.06075, 
            "0-4" : 0.057190000000000005
        }, 
        "household_types" : {
            "Married" : 0.53981038, 
            "Single Female" : 0.10184524, 
            "Single Male" : 0.05311448999999999, 
            "One-Person" : 0.24824141, 
            "Other Non-Family" : 0.05698848
        }, 
        "marital_status" : {
            "Never Married" : {
                "female" : 0.22663781, 
                "male" : 0.25158131
            }, 
            "Now Married" : {
                "female" : 0.51416486, 
                "male" : 0.56396654
            }, 
            "Separated" : {
                "female" : 0.01367303, 
                "male" : 0.011324220000000001
            }, 
            "Absent Spouse" : {
                "female" : 0.01977179, 
                "male" : 0.011324220000000001
            }, 
            "Widowed" : {
                "female" : 0.08803856, 
                "male" : 0.0234646
            }, 
            "Divorced" : {
                "female" : 0.13771395, 
                "male" : 0.13833911000000002
            }
        }, 
        "ancestry" : {
            "German" : 0.3018018, 
            "Polish" : 0.17782461000000002, 
            "Unclassified" : 0.16484833, 
            "Irish" : 0.13451525, 
            "English" : 0.12141499, 
            "Other" : 0.11947268, 
            "French" : 0.06636912, 
            "American" : 0.052525, 
            "Dutch" : 0.03797835, 
            "Italian" : 0.02814282, 
            "Scottish" : 0.02454748, 
            "French Canadian" : 0.023225060000000002, 
            "Swedish" : 0.01570378, 
            "European" : 0.012480370000000001, 
            "Norwegian" : 0.011364579999999999, 
            "Finnish" : 0.011116619999999999, 
            "Hungarian" : 0.010909990000000001, 
            "Czech" : 0.00764526, 
            "Scotch-Irish" : 0.006901399999999999, 
            "Arab" : 0.00648814, 
            "Mexican" : 0.93963255, 
            "Other Hispanic" : 0.014790000000000001, 
            "Puerto Rican" : 0.04986877, 
            "Chinese" : 0.90277778, 
            "Filipino" : 0.005370000000000001, 
            "Vietnamese" : 0.04861111
        }, 
        "employment_status" : {
            "Armed Forces" : 0.00116947, 
            "Employed" : 0.56160065, 
            "Unemployed" : 0.04118574, 
            "Other" : 0.39604413
        }, 
        "industries" : {
            "Retail" : 0.18587596, 
            "Healthcare" : 0.13100951, 
            "Hospitality" : 0.10267089, 
            "Manufacturing" : 0.09397918000000001, 
            "Education" : 0.056496149999999995, 
            "Other Services" : 0.055500230000000005, 
            "Construction" : 0.05368945, 
            "Government" : 0.04545043, 
            "Transportation" : 0.04273427, 
            "Wholesalers" : 0.039293800000000004, 
            "Administrative" : 0.03847895, 
            "Oil & Gas, and Mining" : 0.02689, 
            "Professional" : 0.02444545, 
            "Finance & Insurance" : 0.02344952, 
            "Real estate" : 0.020823900000000003, 
            "Entertainment" : 0.020099589999999997, 
            "Utilities" : 0.01620643, 
            "Information" : 0.01258488, 
            "Agriculture" : 0.00995926, 
            "Management" : 0.00036215
        }, 
        "educational_attainment" : {
            "Doctorate" : 0.00218122, 
            "Professional" : 0.01243884, 
            "Master's" : 0.05871603, 
            "Bachelor's" : 0.13146259999999999, 
            "Associate's" : 0.09131639, 
            "Some College" : 0.24282261, 
            "High School" : 0.37634852, 
            "Some H.S." : 0.06520073, 
            "Less than H.S." : 0.0112598, 
            "None" : 0.00825326
        }
    }
}