{
    "name" : "Nye County", 
	"state" : "Nevada", 
	"FIPS" : "32023",
    "population" : 43198, 
    "demographics" : {
        "race_and_ethnicity" : {
            "White" : 0.7726052099999999, 
            "Hispanic" : 0.14144173000000002, 
            "Black" : 0.02930691, 
            "Asian" : 0.01504699, 
            "Mixed" : 0.02143618, 
            "Other" : 0.02016297
        }, 
        "age_and_sex" : {
            "85+" : 0.0225, 
            "80-84" : 0.02658, 
            "75-79" : 0.05486, 
            "70-74" : 0.07102, 
            "67-69" : 0.06202, 
            "65-66" : 0.035230000000000004, 
            "62-64" : 0.05086, 
            "60-61" : 0.03419, 
            "55-59" : 0.08644, 
            "50-54" : 0.0735, 
            "45-49" : 0.05843, 
            "40-44" : 0.06081, 
            "35-39" : 0.031920000000000004, 
            "30-34" : 0.04428, 
            "25-29" : 0.046740000000000004, 
            "22-24" : 0.024329999999999997, 
            "21" : 0.00609, 
            "20" : 0.01421, 
            "18-19" : 0.01968, 
            "15-17" : 0.032780000000000004, 
            "10-14" : 0.052320000000000005, 
            "5-9" : 0.04861, 
            "0-4" : 0.04259
        }, 
        "household_types" : {
            "Married" : 0.51574668, 
            "Single Female" : 0.09585433, 
            "Single Male" : 0.04535044, 
            "One-Person" : 0.28006184, 
            "Other Non-Family" : 0.06298672
        }, 
        "marital_status" : {
            "Never Married" : {
                "female" : 0.18184287999999998, 
                "male" : 0.24983864
            }, 
            "Now Married" : {
                "female" : 0.48766707, 
                "male" : 0.50150602
            }, 
            "Separated" : {
                "female" : 0.024285559999999998, 
                "male" : 0.01855637
            }, 
            "Absent Spouse" : {
                "female" : 0.02629577, 
                "male" : 0.02920611
            }, 
            "Widowed" : {
                "female" : 0.12691514, 
                "male" : 0.04259896999999999
            }, 
            "Divorced" : {
                "female" : 0.15299359, 
                "male" : 0.15829389000000002
            }
        }, 
        "ancestry" : {
            "Other" : 0.31962128, 
            "German" : 0.17600352, 
            "Unclassified" : 0.16628084999999998, 
            "Irish" : 0.12771425, 
            "English" : 0.12183434, 
            "American" : 0.06484096, 
            "Italian" : 0.05453956, 
            "French" : 0.03539516, 
            "Norwegian" : 0.02733923, 
            "Swedish" : 0.025070610000000004, 
            "Polish" : 0.02317237, 
            "Dutch" : 0.02051021, 
            "Scottish" : 0.01868142, 
            "Scotch-Irish" : 0.01379694, 
            "European" : 0.010185660000000001, 
            "Russian" : 0.0087967, 
            "French Canadian" : 0.00858836, 
            "Swiss" : 0.00696792, 
            "Portuguese" : 0.00560211, 
            "Welsh" : 0.005486370000000001, 
            "Mexican" : 0.84811784, 
            "Other Hispanic" : 0.11996000000000001, 
            "Cuban" : 0.05826514000000001, 
            "Spaniard" : 0.008239999999999999, 
            "Central American" : 0.03977087, 
            "Salvadoran" : 0.00563, 
            "Puerto Rican" : 0.02667758, 
            "Spanish" : 0.00377, 
            "South American" : 0.02553191, 
            "Filipino" : 0.43384615, 
            "Japanese" : 0.00653, 
            "Chinese" : 0.19230768999999998, 
            "Korean" : 0.0028899999999999998, 
            "Thai" : 0.14769231, 
            "Nepalese" : 0.00222, 
            "Not Specified" : 0.09076923, 
            "Indonesian" : 0.0013700000000000001
        }, 
        "employment_status" : {
            "Armed Forces" : 0.0, 
            "Employed" : 0.39607380999999997, 
            "Unemployed" : 0.06476023, 
            "Other" : 0.5391659599999999
        }, 
        "industries" : {
            "Retail" : 0.12806313, 
            "Hospitality" : 0.09372837, 
            "Government" : 0.08099128, 
            "Healthcare" : 0.07697633, 
            "Construction" : 0.07386128, 
            "Entertainment" : 0.07192302, 
            "Education" : 0.06832341, 
            "Oil & Gas, and Mining" : 0.06603904, 
            "Other Services" : 0.06036273, 
            "Administrative" : 0.041672440000000005, 
            "Professional" : 0.040011080000000004, 
            "Manufacturing" : 0.03911117, 
            "Transportation" : 0.036273019999999996, 
            "Finance & Insurance" : 0.03011214, 
            "Agriculture" : 0.02637408, 
            "Real estate" : 0.025612629999999997, 
            "Information" : 0.01619826, 
            "Utilities" : 0.012806310000000001, 
            "Wholesalers" : 0.011560289999999999, 
            "Management" : 0.0
        }, 
        "educational_attainment" : {
            "Doctorate" : 0.0020729200000000002, 
            "Professional" : 0.0030788900000000004, 
            "Master's" : 0.03145958, 
            "Bachelor's" : 0.08462383000000001, 
            "Associate's" : 0.07325326, 
            "Some College" : 0.28761736, 
            "High School" : 0.36516888000000003, 
            "Some H.S." : 0.11888794000000001, 
            "Less than H.S." : 0.021796120000000002, 
            "None" : 0.01204121
        }
    }
}