{
    "name" : "Pocahontas County", 
	"state" : "Iowa", 
	"FIPS" : "19151",
    "population" : 7061, 
    "demographics" : {
        "race_and_ethnicity" : {
            "White" : 0.93910211, 
            "Hispanic" : 0.03313978, 
            "Black" : 0.01458717, 
            "Asian" : 0.00226597, 
            "Mixed" : 0.01005523, 
            "Other" : 0.00084974
        }, 
        "age_and_sex" : {
            "85+" : 0.04532, 
            "80-84" : 0.025779999999999997, 
            "75-79" : 0.047729999999999995, 
            "70-74" : 0.042910000000000004, 
            "67-69" : 0.03753, 
            "65-66" : 0.02521, 
            "62-64" : 0.04433, 
            "60-61" : 0.01926, 
            "55-59" : 0.09234, 
            "50-54" : 0.08285000000000001, 
            "45-49" : 0.05863, 
            "40-44" : 0.044039999999999996, 
            "35-39" : 0.047869999999999996, 
            "30-34" : 0.045599999999999995, 
            "25-29" : 0.047729999999999995, 
            "22-24" : 0.04249, 
            "21" : 0.00722, 
            "20" : 0.00949, 
            "18-19" : 0.00963, 
            "15-17" : 0.04206000000000001, 
            "10-14" : 0.07109, 
            "5-9" : 0.059480000000000005, 
            "0-4" : 0.05141
        }, 
        "household_types" : {
            "Married" : 0.5031036600000001, 
            "Single Female" : 0.04810677, 
            "Single Male" : 0.040968340000000006, 
            "One-Person" : 0.35164493999999996, 
            "Other Non-Family" : 0.05617629
        }, 
        "marital_status" : {
            "Never Married" : {
                "female" : 0.16557207, 
                "male" : 0.25043358
            }, 
            "Now Married" : {
                "female" : 0.56204632, 
                "male" : 0.5671175900000001
            }, 
            "Separated" : {
                "female" : 0.01520913, 
                "male" : 0.00589664
            }, 
            "Absent Spouse" : {
                "female" : 0.021431040000000002, 
                "male" : 0.01005897
            }, 
            "Widowed" : {
                "female" : 0.14379536999999998, 
                "male" : 0.045438780000000005
            }, 
            "Divorced" : {
                "female" : 0.09194608, 
                "male" : 0.12105446
            }
        }, 
        "ancestry" : {
            "German" : 0.43860643000000005, 
            "Unclassified" : 0.18085257, 
            "Irish" : 0.13468347, 
            "Other" : 0.09134683, 
            "Norwegian" : 0.08766463999999999, 
            "Swedish" : 0.07520181, 
            "American" : 0.06259737, 
            "English" : 0.058065429999999994, 
            "Danish" : 0.043336639999999996, 
            "Dutch" : 0.03313978, 
            "Czech" : 0.02450078, 
            "French" : 0.0178445, 
            "Scottish" : 0.01147146, 
            "Polish" : 0.01132984, 
            "Italian" : 0.00934712, 
            "Scotch-Irish" : 0.0070811500000000005, 
            "European" : 0.00608979, 
            "Mexican" : 0.62348178, 
            "Central American" : 0.02181, 
            "Other Hispanic" : 0.24696356000000003, 
            "Costa Rican" : 0.00864, 
            "Guatemalan" : 0.11336032, 
            "Spaniard" : 0.0039700000000000004, 
            "Honduran" : 0.07692307999999999, 
            "Salvadoran" : 0.00269, 
            "Puerto Rican" : 0.07287449, 
            "Spanish" : 0.00255, 
            "Filipino" : 1.0
        }, 
        "employment_status" : {
            "Armed Forces" : 0.00017575000000000002, 
            "Employed" : 0.6056239, 
            "Unemployed" : 0.03022847, 
            "Other" : 0.36397188
        }, 
        "industries" : {
            "Agriculture" : 0.15641323, 
            "Manufacturing" : 0.15235055, 
            "Retail" : 0.12594312, 
            "Healthcare" : 0.1062101, 
            "Education" : 0.07748114, 
            "Construction" : 0.05687754, 
            "Transportation" : 0.048171790000000006, 
            "Other Services" : 0.04323854, 
            "Wholesalers" : 0.03946605, 
            "Finance & Insurance" : 0.03859547, 
            "Government" : 0.02814858, 
            "Professional" : 0.026987809999999997, 
            "Hospitality" : 0.024956469999999998, 
            "Administrative" : 0.022054559999999997, 
            "Utilities" : 0.02147417, 
            "Information" : 0.01596053, 
            "Entertainment" : 0.008995940000000001, 
            "Real estate" : 0.00377249, 
            "Oil & Gas, and Mining" : 0.00290192, 
            "Management" : 0.0
        }, 
        "educational_attainment" : {
            "Doctorate" : 0.00440617, 
            "Professional" : 0.00801122, 
            "Master's" : 0.01702383, 
            "Bachelor's" : 0.13959543, 
            "Associate's" : 0.14340076, 
            "Some College" : 0.22671739999999999, 
            "High School" : 0.39234929, 
            "Some H.S." : 0.039855800000000004, 
            "Less than H.S." : 0.026036450000000003, 
            "None" : 0.0026036500000000003
        }
    }
}