{
    "name" : "Clarke County", 
	"state" : "Iowa", 
	"FIPS" : "19039",
    "population" : 9273, 
    "demographics" : {
        "race_and_ethnicity" : {
            "White" : 0.85495525, 
            "Hispanic" : 0.12067292, 
            "Black" : 0.00291168, 
            "Asian" : 0.00841152, 
            "Mixed" : 0.01304864, 
            "Other" : 0.0
        }, 
        "age_and_sex" : {
            "85+" : 0.026099999999999998, 
            "80-84" : 0.023620000000000002, 
            "75-79" : 0.03289, 
            "70-74" : 0.03235, 
            "67-69" : 0.04691, 
            "65-66" : 0.01423, 
            "62-64" : 0.033319999999999995, 
            "60-61" : 0.0302, 
            "55-59" : 0.07418999999999999, 
            "50-54" : 0.08023, 
            "45-49" : 0.05899, 
            "40-44" : 0.03807, 
            "35-39" : 0.06071, 
            "30-34" : 0.05327, 
            "25-29" : 0.0646, 
            "22-24" : 0.06514, 
            "21" : 0.00313, 
            "20" : 0.00625, 
            "18-19" : 0.01456, 
            "15-17" : 0.03526, 
            "10-14" : 0.06631999999999999, 
            "5-9" : 0.06923, 
            "0-4" : 0.07042
        }, 
        "household_types" : {
            "Married" : 0.51185822, 
            "Single Female" : 0.06541569, 
            "Single Male" : 0.05473026, 
            "One-Person" : 0.31222309, 
            "Other Non-Family" : 0.05577274
        }, 
        "marital_status" : {
            "Never Married" : {
                "female" : 0.19815303, 
                "male" : 0.27875735
            }, 
            "Now Married" : {
                "female" : 0.52744063, 
                "male" : 0.5549958
            }, 
            "Separated" : {
                "female" : 0.00580475, 
                "male" : 0.037783380000000005
            }, 
            "Absent Spouse" : {
                "female" : 0.010026390000000001, 
                "male" : 0.01315421
            }, 
            "Widowed" : {
                "female" : 0.12717678, 
                "male" : 0.03106633
            }, 
            "Divorced" : {
                "female" : 0.13139842, 
                "male" : 0.08424293000000001
            }
        }, 
        "ancestry" : {
            "Unclassified" : 0.26377656, 
            "Other" : 0.21923864999999998, 
            "German" : 0.21212121, 
            "Irish" : 0.132751, 
            "English" : 0.11840828, 
            "American" : 0.06535102, 
            "Dutch" : 0.0628707, 
            "Italian" : 0.03494015, 
            "French" : 0.024048310000000003, 
            "Norwegian" : 0.01865631, 
            "Swedish" : 0.01736223, 
            "Danish" : 0.01585247, 
            "Polish" : 0.01531328, 
            "Scottish" : 0.0145584, 
            "European" : 0.010676159999999999, 
            "Welsh" : 0.00668608, 
            "Scotch-Irish" : 0.0059312, 
            "Mexican" : 0.81143878, 
            "Central American" : 0.09792, 
            "Guatemalan" : 0.15192136, 
            "Other Hispanic" : 0.01833, 
            "Spaniard" : 0.15192136, 
            "South American" : 0.01833, 
            "Argentinean" : 0.02234138, 
            "Korean" : 0.46153846000000004, 
            "Filipino" : 0.00388, 
            "Chinese" : 0.39743589999999995
        }, 
        "employment_status" : {
            "Armed Forces" : 0.0, 
            "Employed" : 0.63919364, 
            "Unemployed" : 0.03085573, 
            "Other" : 0.32995063
        }, 
        "industries" : {
            "Manufacturing" : 0.18000429, 
            "Healthcare" : 0.14224415, 
            "Retail" : 0.12550955, 
            "Agriculture" : 0.07723664000000001, 
            "Education" : 0.07466209, 
            "Hospitality" : 0.07251663, 
            "Construction" : 0.05900021, 
            "Finance & Insurance" : 0.05170564, 
            "Transportation" : 0.03518558, 
            "Other Services" : 0.02982193, 
            "Professional" : 0.027032829999999997, 
            "Government" : 0.02681828, 
            "Wholesalers" : 0.02596009, 
            "Entertainment" : 0.024887359999999997, 
            "Administrative" : 0.01952371, 
            "Real estate" : 0.01416005, 
            "Utilities" : 0.0083673, 
            "Information" : 0.00429092, 
            "Oil & Gas, and Mining" : 0.00107273, 
            "Management" : 0.0
        }, 
        "educational_attainment" : {
            "Doctorate" : 0.0, 
            "Professional" : 0.007085350000000001, 
            "Master's" : 0.029307569999999998, 
            "Bachelor's" : 0.11755233000000001, 
            "Associate's" : 0.10305958, 
            "Some College" : 0.20724637999999998, 
            "High School" : 0.44267311, 
            "Some H.S." : 0.04090177, 
            "Less than H.S." : 0.04202899, 
            "None" : 0.010144930000000002
        }
    }
}