{
    "name" : "Emmet County", 
	"state" : "Iowa", 
	"FIPS" : "19063",
    "population" : 9820, 
    "demographics" : {
        "race_and_ethnicity" : {
            "White" : 0.8831975599999999, 
            "Hispanic" : 0.09012219999999999, 
            "Black" : 0.01435845, 
            "Asian" : 0.00305499, 
            "Mixed" : 0.00458248, 
            "Other" : 0.0046843200000000005
        }, 
        "age_and_sex" : {
            "85+" : 0.03615, 
            "80-84" : 0.022709999999999998, 
            "75-79" : 0.04277, 
            "70-74" : 0.040330000000000005, 
            "67-69" : 0.02872, 
            "65-66" : 0.026680000000000002, 
            "62-64" : 0.040839999999999994, 
            "60-61" : 0.027290000000000002, 
            "55-59" : 0.08086, 
            "50-54" : 0.06985999999999999, 
            "45-49" : 0.05479, 
            "40-44" : 0.050309999999999994, 
            "35-39" : 0.05448, 
            "30-34" : 0.05428, 
            "25-29" : 0.053360000000000005, 
            "22-24" : 0.01752, 
            "21" : 0.01049, 
            "20" : 0.02505, 
            "18-19" : 0.04796, 
            "15-17" : 0.03778, 
            "10-14" : 0.07342, 
            "5-9" : 0.05132, 
            "0-4" : 0.05305
        }, 
        "household_types" : {
            "Married" : 0.51514417, 
            "Single Female" : 0.09280348999999999, 
            "Single Male" : 0.02931912, 
            "One-Person" : 0.30797188999999997, 
            "Other Non-Family" : 0.05476133
        }, 
        "marital_status" : {
            "Never Married" : {
                "female" : 0.22774678999999998, 
                "male" : 0.28549734
            }, 
            "Now Married" : {
                "female" : 0.49599806, 
                "male" : 0.56112377
            }, 
            "Separated" : {
                "female" : 0.02207131, 
                "male" : 0.0027841100000000002
            }, 
            "Absent Spouse" : {
                "female" : 0.01770555, 
                "male" : 0.02353834
            }, 
            "Widowed" : {
                "female" : 0.1130245, 
                "male" : 0.02556315
            }, 
            "Divorced" : {
                "female" : 0.1234538, 
                "male" : 0.10149329
            }
        }, 
        "ancestry" : {
            "German" : 0.40071283, 
            "Unclassified" : 0.17403259, 
            "Norwegian" : 0.14643585, 
            "Other" : 0.14623218, 
            "Irish" : 0.09399184999999999, 
            "English" : 0.05773931, 
            "Danish" : 0.056109980000000004, 
            "American" : 0.05376782, 
            "Dutch" : 0.047250509999999996, 
            "Swedish" : 0.034623219999999996, 
            "French" : 0.02443992, 
            "Polish" : 0.01629328, 
            "Scottish" : 0.01588595, 
            "Belgian" : 0.00967413, 
            "Czech" : 0.00743381, 
            "Italian" : 0.00743381, 
            "European" : 0.006517309999999999, 
            "Mexican" : 0.8550561799999999, 
            "Puerto Rican" : 0.07749, 
            "Other Hispanic" : 0.09550562, 
            "Central American" : 0.00866, 
            "Guatemalan" : 0.02808989, 
            "Filipino" : 0.4, 
            "Indian" : 0.00122, 
            "Thai" : 0.36666667
        }, 
        "employment_status" : {
            "Armed Forces" : 0.0, 
            "Employed" : 0.6127211100000001, 
            "Unemployed" : 0.03424915, 
            "Other" : 0.35302973000000004
        }, 
        "industries" : {
            "Manufacturing" : 0.21928747, 
            "Healthcare" : 0.1509009, 
            "Retail" : 0.10687961, 
            "Construction" : 0.07841933, 
            "Education" : 0.07821457999999999, 
            "Agriculture" : 0.07309581999999999, 
            "Hospitality" : 0.04586405, 
            "Finance & Insurance" : 0.041564290000000004, 
            "Transportation" : 0.039516789999999996, 
            "Other Services" : 0.03685504, 
            "Professional" : 0.024365269999999998, 
            "Government" : 0.02416052, 
            "Wholesalers" : 0.02190827, 
            "Entertainment" : 0.015561020000000002, 
            "Information" : 0.01515152, 
            "Administrative" : 0.01433251, 
            "Utilities" : 0.00900901, 
            "Real estate" : 0.004914, 
            "Oil & Gas, and Mining" : 0.0, 
            "Management" : 0.0
        }, 
        "educational_attainment" : {
            "Doctorate" : 0.0035762199999999997, 
            "Professional" : 0.0049173, 
            "Master's" : 0.033378040000000005, 
            "Bachelor's" : 0.13291611, 
            "Associate's" : 0.13425719, 
            "Some College" : 0.24601401, 
            "High School" : 0.34063478, 
            "Some H.S." : 0.06481895, 
            "Less than H.S." : 0.03695425, 
            "None" : 0.00253315
        }
    }
}