{
    "name" : "Hardin County", 
	"state" : "Iowa", 
	"FIPS" : "19083",
    "population" : 17324, 
    "demographics" : {
        "race_and_ethnicity" : {
            "White" : 0.92686447, 
            "Hispanic" : 0.039886859999999996, 
            "Black" : 0.01241053, 
            "Asian" : 0.00681136, 
            "Mixed" : 0.011833290000000002, 
            "Other" : 0.0021934899999999998
        }, 
        "age_and_sex" : {
            "85+" : 0.03677, 
            "80-84" : 0.02921, 
            "75-79" : 0.04381, 
            "70-74" : 0.041449999999999994, 
            "67-69" : 0.030019999999999998, 
            "65-66" : 0.02834, 
            "62-64" : 0.03827, 
            "60-61" : 0.03388, 
            "55-59" : 0.07735, 
            "50-54" : 0.07221, 
            "45-49" : 0.0579, 
            "40-44" : 0.058129999999999994, 
            "35-39" : 0.04075, 
            "30-34" : 0.062279999999999995, 
            "25-29" : 0.04774, 
            "22-24" : 0.03256, 
            "21" : 0.00791, 
            "20" : 0.01097, 
            "18-19" : 0.02944, 
            "15-17" : 0.04566, 
            "10-14" : 0.06159, 
            "5-9" : 0.061189999999999994, 
            "0-4" : 0.052590000000000005
        }, 
        "household_types" : {
            "Married" : 0.53912308, 
            "Single Female" : 0.06076413, 
            "Single Male" : 0.03017059, 
            "One-Person" : 0.3380798, 
            "Other Non-Family" : 0.0318624
        }, 
        "marital_status" : {
            "Never Married" : {
                "female" : 0.19448295000000002, 
                "male" : 0.29807691999999997
            }, 
            "Now Married" : {
                "female" : 0.54006099, 
                "male" : 0.53605769
            }, 
            "Separated" : {
                "female" : 0.011089549999999998, 
                "male" : 0.01343326
            }, 
            "Absent Spouse" : {
                "female" : 0.02314943, 
                "male" : 0.011736429999999999
            }, 
            "Widowed" : {
                "female" : 0.13861935, 
                "male" : 0.03563348
            }, 
            "Divorced" : {
                "female" : 0.09259772999999999, 
                "male" : 0.10506222
            }
        }, 
        "ancestry" : {
            "German" : 0.42761487000000004, 
            "Unclassified" : 0.19244978, 
            "Other" : 0.10984761000000001, 
            "Irish" : 0.10136227, 
            "Norwegian" : 0.10032325, 
            "English" : 0.08571923, 
            "American" : 0.06147541, 
            "Dutch" : 0.047333179999999996, 
            "Swedish" : 0.01956823, 
            "Danish" : 0.01847148, 
            "Scottish" : 0.016682060000000002, 
            "French" : 0.01454629, 
            "Polish" : 0.01298776, 
            "Italian" : 0.01194874, 
            "Czech" : 0.00831217, 
            "European" : 0.00681136, 
            "Scotch-Irish" : 0.00675364, 
            "Welsh" : 0.005310550000000001, 
            "Mexican" : 0.56938484, 
            "Other Hispanic" : 0.02297, 
            "Central American" : 0.35193133000000004, 
            "Honduran" : 0.014199999999999999, 
            "South American" : 0.024320460000000002, 
            "Colombian" : 0.00098, 
            "Puerto Rican" : 0.024320460000000002, 
            "Cuban" : 0.00098, 
            "Vietnamese" : 0.6355932200000001, 
            "Japanese" : 0.00433, 
            "Filipino" : 0.17796610000000002, 
            "Korean" : 0.00121, 
            "Indian" : 0.08474576
        }, 
        "employment_status" : {
            "Armed Forces" : 0.0, 
            "Employed" : 0.60216818, 
            "Unemployed" : 0.021396480000000002, 
            "Other" : 0.37643535
        }, 
        "industries" : {
            "Healthcare" : 0.14426152, 
            "Manufacturing" : 0.11986261000000001, 
            "Agriculture" : 0.10268862000000001, 
            "Retail" : 0.10268862000000001, 
            "Education" : 0.09451617000000001, 
            "Construction" : 0.09226578, 
            "Hospitality" : 0.053890799999999996, 
            "Wholesalers" : 0.049863790000000005, 
            "Other Services" : 0.048205609999999996, 
            "Transportation" : 0.04678432, 
            "Finance & Insurance" : 0.0347033, 
            "Government" : 0.03375577, 
            "Professional" : 0.019542820000000002, 
            "Administrative" : 0.01598958, 
            "Real estate" : 0.012081010000000001, 
            "Information" : 0.010896600000000001, 
            "Entertainment" : 0.00829089, 
            "Oil & Gas, and Mining" : 0.00532986, 
            "Utilities" : 0.00331636, 
            "Management" : 0.00106597
        }, 
        "educational_attainment" : {
            "Doctorate" : 0.0042996499999999995, 
            "Professional" : 0.012237469999999999, 
            "Master's" : 0.04283116, 
            "Bachelor's" : 0.14453448, 
            "Associate's" : 0.14048288, 
            "Some College" : 0.23424838999999997, 
            "High School" : 0.33826691, 
            "Some H.S." : 0.04564247, 
            "Less than H.S." : 0.03125517, 
            "None" : 0.00620142
        }
    }
}