{
    "name" : "Howard County", 
	"state" : "Iowa", 
	"FIPS" : "19089",
    "population" : 9430, 
    "demographics" : {
        "race_and_ethnicity" : {
            "White" : 0.96808059, 
            "Hispanic" : 0.015270410000000002, 
            "Black" : 0.00328738, 
            "Asian" : 0.00254507, 
            "Mixed" : 0.00965005, 
            "Other" : 0.00116649
        }, 
        "age_and_sex" : {
            "85+" : 0.0369, 
            "80-84" : 0.02651, 
            "75-79" : 0.04072, 
            "70-74" : 0.04263, 
            "67-69" : 0.03499, 
            "65-66" : 0.01877, 
            "62-64" : 0.034460000000000005, 
            "60-61" : 0.023330000000000004, 
            "55-59" : 0.07708999999999999, 
            "50-54" : 0.07444, 
            "45-49" : 0.05843, 
            "40-44" : 0.047510000000000004, 
            "35-39" : 0.05302, 
            "30-34" : 0.06098, 
            "25-29" : 0.05048, 
            "22-24" : 0.029689999999999998, 
            "21" : 0.010920000000000001, 
            "20" : 0.00827, 
            "18-19" : 0.020569999999999998, 
            "15-17" : 0.03871, 
            "10-14" : 0.08865, 
            "5-9" : 0.05684, 
            "0-4" : 0.06607
        }, 
        "household_types" : {
            "Married" : 0.5344692, 
            "Single Female" : 0.059764090000000006, 
            "Single Male" : 0.03066841, 
            "One-Person" : 0.327654, 
            "Other Non-Family" : 0.0474443
        }, 
        "marital_status" : {
            "Never Married" : {
                "female" : 0.1859471, 
                "male" : 0.27221018
            }, 
            "Now Married" : {
                "female" : 0.53299492, 
                "male" : 0.56906826
            }, 
            "Separated" : {
                "female" : 0.00721347, 
                "male" : 0.00162514
            }, 
            "Absent Spouse" : {
                "female" : 0.01576276, 
                "male" : 0.01327194
            }, 
            "Widowed" : {
                "female" : 0.14293348, 
                "male" : 0.03954496
            }, 
            "Divorced" : {
                "female" : 0.11514827999999999, 
                "male" : 0.10427952
            }
        }, 
        "ancestry" : {
            "German" : 0.43276776, 
            "Norwegian" : 0.17698834000000002, 
            "Unclassified" : 0.16945917000000002, 
            "Irish" : 0.12576882, 
            "Czech" : 0.10265110999999999, 
            "English" : 0.06977731000000001, 
            "American" : 0.05588547, 
            "Other" : 0.050901379999999996, 
            "Dutch" : 0.02481442, 
            "French" : 0.0204666, 
            "Swedish" : 0.01972428, 
            "Danish" : 0.01516437, 
            "Polish" : 0.0126193, 
            "Italian" : 0.011346769999999999, 
            "Welsh" : 0.00636267, 
            "Greek" : 0.00583245, 
            "Swiss" : 0.0055143200000000005, 
            "Mexican" : 0.6319444399999999, 
            "Central American" : 0.009649999999999999, 
            "Panamanian" : 0.13888889000000001, 
            "Other Hispanic" : 0.00212, 
            "Puerto Rican" : 0.13194444, 
            "Spanish" : 0.00201, 
            "Guatemalan" : 0.11805555999999999, 
            "Chinese" : 0.45833333000000004, 
            "Filipino" : 0.00117, 
            "Korean" : 0.41666666999999996
        }, 
        "employment_status" : {
            "Armed Forces" : 0.00040967000000000005, 
            "Employed" : 0.62938686, 
            "Unemployed" : 0.023897309999999998, 
            "Other" : 0.34630616000000003
        }, 
        "industries" : {
            "Manufacturing" : 0.24907789000000002, 
            "Healthcare" : 0.16229116999999998, 
            "Retail" : 0.11347364, 
            "Agriculture" : 0.08678672000000001, 
            "Education" : 0.07268387999999999, 
            "Construction" : 0.06617487999999999, 
            "Other Services" : 0.045996959999999996, 
            "Hospitality" : 0.03514862, 
            "Finance & Insurance" : 0.028639619999999998, 
            "Government" : 0.02364938, 
            "Wholesalers" : 0.022130610000000002, 
            "Entertainment" : 0.01909308, 
            "Administrative" : 0.01844218, 
            "Transportation" : 0.017357340000000002, 
            "Professional" : 0.01714038, 
            "Information" : 0.012367109999999999, 
            "Utilities" : 0.0039054, 
            "Oil & Gas, and Mining" : 0.00368844, 
            "Real estate" : 0.0019527, 
            "Management" : 0.0
        }, 
        "educational_attainment" : {
            "Doctorate" : 0.00124708, 
            "Professional" : 0.00779423, 
            "Master's" : 0.031956349999999994, 
            "Bachelor's" : 0.09119252, 
            "Associate's" : 0.11395168, 
            "Some College" : 0.20826189, 
            "High School" : 0.43476228, 
            "Some H.S." : 0.04738893, 
            "Less than H.S." : 0.05876851, 
            "None" : 0.00467654
        }
    }
}