{
    "name" : "Humboldt County", 
	"state" : "Iowa", 
	"FIPS" : "19091",
    "population" : 9607, 
    "demographics" : {
        "race_and_ethnicity" : {
            "White" : 0.94431144, 
            "Hispanic" : 0.03684813, 
            "Black" : 0.00156136, 
            "Asian" : 0.0029145399999999998, 
            "Mixed" : 0.0123868, 
            "Other" : 0.00197772
        }, 
        "age_and_sex" : {
            "85+" : 0.03102, 
            "80-84" : 0.041319999999999996, 
            "75-79" : 0.03883, 
            "70-74" : 0.045279999999999994, 
            "67-69" : 0.02706, 
            "65-66" : 0.022480000000000003, 
            "62-64" : 0.03268, 
            "60-61" : 0.028730000000000002, 
            "55-59" : 0.08473000000000001, 
            "50-54" : 0.07422, 
            "45-49" : 0.0559, 
            "40-44" : 0.052770000000000004, 
            "35-39" : 0.04923, 
            "30-34" : 0.060270000000000004, 
            "25-29" : 0.05257, 
            "22-24" : 0.03102, 
            "21" : 0.01083, 
            "20" : 0.00916, 
            "18-19" : 0.01832, 
            "15-17" : 0.037989999999999996, 
            "10-14" : 0.06193, 
            "5-9" : 0.07682, 
            "0-4" : 0.05683
        }, 
        "household_types" : {
            "Married" : 0.51463645, 
            "Single Female" : 0.10410765, 
            "Single Male" : 0.03281398, 
            "One-Person" : 0.30146364, 
            "Other Non-Family" : 0.046978280000000004
        }, 
        "marital_status" : {
            "Never Married" : {
                "female" : 0.15959339, 
                "male" : 0.25705247
            }, 
            "Now Married" : {
                "female" : 0.5529860200000001, 
                "male" : 0.5768521
            }, 
            "Separated" : {
                "female" : 0.02185515, 
                "male" : 0.007909310000000001
            }, 
            "Absent Spouse" : {
                "female" : 0.00584498, 
                "male" : 0.00922752
            }, 
            "Widowed" : {
                "female" : 0.12604827999999998, 
                "male" : 0.03743738
            }, 
            "Divorced" : {
                "female" : 0.13367217, 
                "male" : 0.11152122
            }
        }, 
        "ancestry" : {
            "German" : 0.38992401, 
            "Unclassified" : 0.17320703999999998, 
            "Norwegian" : 0.13084209, 
            "Irish" : 0.11543666, 
            "Other" : 0.11002394, 
            "American" : 0.0845217, 
            "English" : 0.07400854, 
            "Danish" : 0.03570313, 
            "Dutch" : 0.02841678, 
            "Swedish" : 0.02810451, 
            "French" : 0.020401790000000003, 
            "Czech" : 0.01821588, 
            "European" : 0.0158218, 
            "Scottish" : 0.01571771, 
            "Polish" : 0.015093160000000001, 
            "Welsh" : 0.00999271, 
            "Italian" : 0.0072863500000000005, 
            "Scotch-Irish" : 0.0072863500000000005, 
            "Canadian" : 0.00603726, 
            "Swiss" : 0.00572499, 
            "Mexican" : 0.9237288100000001, 
            "Other Hispanic" : 0.03404, 
            "Spanish" : 0.053672319999999996, 
            "Puerto Rican" : 0.00198, 
            "Central American" : 0.039548019999999996, 
            "Guatemalan" : 0.00146, 
            "Chinese" : 0.8928571399999999, 
            "Filipino" : 0.0026
        }, 
        "employment_status" : {
            "Armed Forces" : 0.00052583, 
            "Employed" : 0.60352307, 
            "Unemployed" : 0.024319709999999998, 
            "Other" : 0.37163139
        }, 
        "industries" : {
            "Manufacturing" : 0.18231322, 
            "Healthcare" : 0.14898714999999998, 
            "Retail" : 0.11979961, 
            "Agriculture" : 0.11043346, 
            "Construction" : 0.05706818, 
            "Education" : 0.055761269999999995, 
            "Transportation" : 0.04966238, 
            "Wholesalers" : 0.045523850000000005, 
            "Other Services" : 0.042474410000000004, 
            "Government" : 0.0398606, 
            "Finance & Insurance" : 0.03528643, 
            "Administrative" : 0.027445, 
            "Hospitality" : 0.02700937, 
            "Utilities" : 0.01720758, 
            "Professional" : 0.01306905, 
            "Entertainment" : 0.008930519999999999, 
            "Real estate" : 0.00740579, 
            "Information" : 0.0069701599999999996, 
            "Oil & Gas, and Mining" : 0.00479198, 
            "Management" : 0.0
        }, 
        "educational_attainment" : {
            "Doctorate" : 0.00298641, 
            "Professional" : 0.00537554, 
            "Master's" : 0.035090340000000005, 
            "Bachelor's" : 0.15514409, 
            "Associate's" : 0.13408989, 
            "Some College" : 0.22995370999999998, 
            "High School" : 0.36867254000000005, 
            "Some H.S." : 0.0464387, 
            "Less than H.S." : 0.019113039999999998, 
            "None" : 0.0031357299999999998
        }
    }
}