{
    "name" : "Muscatine County", 
	"state" : "Iowa", 
	"FIPS" : "19139",
    "population" : 42949, 
    "demographics" : {
        "race_and_ethnicity" : {
            "White" : 0.7845118600000001, 
            "Hispanic" : 0.17031828000000002, 
            "Black" : 0.01734615, 
            "Asian" : 0.011036349999999999, 
            "Mixed" : 0.014668559999999999, 
            "Other" : 0.00211879
        }, 
        "age_and_sex" : {
            "85+" : 0.02096, 
            "80-84" : 0.020019999999999996, 
            "75-79" : 0.027290000000000002, 
            "70-74" : 0.03579, 
            "67-69" : 0.0278, 
            "65-66" : 0.020419999999999997, 
            "62-64" : 0.03781, 
            "60-61" : 0.027309999999999997, 
            "55-59" : 0.06602999999999999, 
            "50-54" : 0.07074, 
            "45-49" : 0.06454, 
            "40-44" : 0.057460000000000004, 
            "35-39" : 0.06189, 
            "30-34" : 0.06256, 
            "25-29" : 0.059930000000000004, 
            "22-24" : 0.04303, 
            "21" : 0.00994, 
            "20" : 0.00922, 
            "18-19" : 0.02319, 
            "15-17" : 0.04293, 
            "10-14" : 0.07006, 
            "5-9" : 0.07551000000000001, 
            "0-4" : 0.06557
        }, 
        "household_types" : {
            "Married" : 0.53441123, 
            "Single Female" : 0.11220255999999999, 
            "Single Male" : 0.04948139, 
            "One-Person" : 0.25869433000000003, 
            "Other Non-Family" : 0.04521049
        }, 
        "marital_status" : {
            "Never Married" : {
                "female" : 0.23577949, 
                "male" : 0.30137557000000004
            }, 
            "Now Married" : {
                "female" : 0.51258193, 
                "male" : 0.53897457
            }, 
            "Separated" : {
                "female" : 0.017848779999999998, 
                "male" : 0.01250521
            }, 
            "Absent Spouse" : {
                "female" : 0.02106742, 
                "male" : 0.01589948
            }, 
            "Widowed" : {
                "female" : 0.08567416, 
                "male" : 0.02709462
            }, 
            "Divorced" : {
                "female" : 0.12704822, 
                "male" : 0.10415054
            }
        }, 
        "ancestry" : {
            "German" : 0.32932082, 
            "Other" : 0.23143729000000002, 
            "Unclassified" : 0.21935319, 
            "Irish" : 0.1136697, 
            "English" : 0.08712659, 
            "American" : 0.057300519999999994, 
            "Dutch" : 0.02624042, 
            "French" : 0.02046613, 
            "Swedish" : 0.0169969, 
            "Norwegian" : 0.01634497, 
            "Italian" : 0.01613542, 
            "Polish" : 0.01380707, 
            "Scottish" : 0.013062, 
            "Subsaharan African" : 0.01301544, 
            "Scotch-Irish" : 0.01047754, 
            "Czech" : 0.00910382, 
            "European" : 0.00726443, 
            "Danish" : 0.00665906, 
            "African" : 0.00656593, 
            "Welsh" : 0.005797569999999999, 
            "Mexican" : 0.85353261, 
            "Puerto Rican" : 0.14627, 
            "Central American" : 0.07907609, 
            "Guatemalan" : 0.01355, 
            "Other Hispanic" : 0.03220109, 
            "Salvadoran" : 0.005520000000000001, 
            "Cuban" : 0.01548913, 
            "South American" : 0.00265, 
            "Spanish" : 0.015217389999999999, 
            "Chilean" : 0.00261, 
            "Chinese" : 0.29535865, 
            "Indian" : 0.0032600000000000003, 
            "Laotian" : 0.19831224, 
            "Korean" : 0.00219, 
            "Cambodian" : 0.16877637, 
            "Filipino" : 0.0018599999999999999, 
            "Vietnamese" : 0.08016878, 
            "Mixed" : 0.0008799999999999999, 
            "Burmese" : 0.05696203, 
            "Thai" : 0.00063
        }, 
        "employment_status" : {
            "Armed Forces" : 0.0, 
            "Employed" : 0.6442542400000001, 
            "Unemployed" : 0.03013773, 
            "Other" : 0.32560803
        }, 
        "industries" : {
            "Manufacturing" : 0.28409038, 
            "Healthcare" : 0.12097113999999999, 
            "Education" : 0.09524255, 
            "Retail" : 0.09229546, 
            "Construction" : 0.05847406, 
            "Hospitality" : 0.045937219999999994, 
            "Other Services" : 0.03821865, 
            "Agriculture" : 0.03559901, 
            "Professional" : 0.03307293, 
            "Administrative" : 0.03124854, 
            "Transportation" : 0.03040651, 
            "Wholesalers" : 0.02778687, 
            "Finance & Insurance" : 0.024793, 
            "Government" : 0.02376386, 
            "Utilities" : 0.017355100000000002, 
            "Entertainment" : 0.01440801, 
            "Information" : 0.01277073, 
            "Real estate" : 0.01033821, 
            "Oil & Gas, and Mining" : 0.0027132000000000002, 
            "Management" : 0.00051457
        }, 
        "educational_attainment" : {
            "Doctorate" : 0.00447656, 
            "Professional" : 0.01015157, 
            "Master's" : 0.04681001, 
            "Bachelor's" : 0.14342615, 
            "Associate's" : 0.12037363, 
            "Some College" : 0.20401833, 
            "High School" : 0.33930208, 
            "Some H.S." : 0.06943955, 
            "Less than H.S." : 0.0494184, 
            "None" : 0.01258372
        }
    }
}