{
    "name" : "Poweshiek County", 
	"state" : "Iowa", 
	"FIPS" : "19157",
    "population" : 18622, 
    "demographics" : {
        "race_and_ethnicity" : {
            "White" : 0.92202771, 
            "Hispanic" : 0.02937386, 
            "Black" : 0.01788207, 
            "Asian" : 0.02003007, 
            "Mixed" : 0.010310390000000001, 
            "Other" : 0.0003759
        }, 
        "age_and_sex" : {
            "85+" : 0.03077, 
            "80-84" : 0.02545, 
            "75-79" : 0.0392, 
            "70-74" : 0.04871, 
            "67-69" : 0.027229999999999997, 
            "65-66" : 0.02116, 
            "62-64" : 0.02986, 
            "60-61" : 0.02089, 
            "55-59" : 0.08532999999999999, 
            "50-54" : 0.06847, 
            "45-49" : 0.05504, 
            "40-44" : 0.060469999999999996, 
            "35-39" : 0.0384, 
            "30-34" : 0.04962, 
            "25-29" : 0.04564, 
            "22-24" : 0.04242, 
            "21" : 0.03265, 
            "20" : 0.02234, 
            "18-19" : 0.054450000000000005, 
            "15-17" : 0.03936, 
            "10-14" : 0.0602, 
            "5-9" : 0.05026, 
            "0-4" : 0.05209
        }, 
        "household_types" : {
            "Married" : 0.49205703, 
            "Single Female" : 0.10468432, 
            "Single Male" : 0.03503055, 
            "One-Person" : 0.30889341000000003, 
            "Other Non-Family" : 0.059334689999999995
        }, 
        "marital_status" : {
            "Never Married" : {
                "female" : 0.30223744, 
                "male" : 0.34937972
            }, 
            "Now Married" : {
                "female" : 0.45274483, 
                "male" : 0.48786408000000003
            }, 
            "Separated" : {
                "female" : 0.0072136, 
                "male" : 0.00539374
            }, 
            "Absent Spouse" : {
                "female" : 0.01821739, 
                "male" : 0.022653720000000002
            }, 
            "Widowed" : {
                "female" : 0.10306882999999999, 
                "male" : 0.03950917
            }, 
            "Divorced" : {
                "female" : 0.11651790999999999, 
                "male" : 0.09519957
            }
        }, 
        "ancestry" : {
            "German" : 0.30351198, 
            "Unclassified" : 0.23311136999999998, 
            "Irish" : 0.14831919, 
            "Other" : 0.10804425000000001, 
            "English" : 0.09902265999999998, 
            "American" : 0.07539469, 
            "Dutch" : 0.05928472, 
            "Norwegian" : 0.048007730000000005, 
            "French" : 0.03157556, 
            "Scottish" : 0.02217807, 
            "Czech" : 0.020513370000000003, 
            "Swedish" : 0.01992267, 
            "Italian" : 0.01616368, 
            "Belgian" : 0.015089680000000001, 
            "Welsh" : 0.01202878, 
            "Danish" : 0.01170658, 
            "Russian" : 0.01052519, 
            "Polish" : 0.01036409, 
            "European" : 0.00982709, 
            "Scotch-Irish" : 0.00982709, 
            "Mexican" : 0.47442681, 
            "Puerto Rican" : 0.014450000000000001, 
            "Other Hispanic" : 0.21516754999999999, 
            "Central American" : 0.00655, 
            "South American" : 0.14991182, 
            "Costa Rican" : 0.00456, 
            "Guatemalan" : 0.11463844999999999, 
            "Ecuadorian" : 0.0034899999999999996, 
            "Spanish" : 0.045855379999999994, 
            "Nicaraguan" : 0.0014000000000000002, 
            "Salvadoran" : 0.03527337, 
            "Colombian" : 0.00107, 
            "Spaniard" : 0.03174603, 
            "Honduran" : 0.00097, 
            "Chinese" : 0.44235925000000004, 
            "Korean" : 0.00886, 
            "Vietnamese" : 0.21983914, 
            "Japanese" : 0.0044, 
            "Filipino" : 0.08579088, 
            "Taiwanese" : 0.00172, 
            "Indian" : 0.07506702, 
            "Burmese" : 0.0015
        }, 
        "employment_status" : {
            "Armed Forces" : 0.0, 
            "Employed" : 0.63011274, 
            "Unemployed" : 0.02831673, 
            "Other" : 0.34157053
        }, 
        "industries" : {
            "Manufacturing" : 0.17954853, 
            "Education" : 0.16872985, 
            "Retail" : 0.10610631, 
            "Healthcare" : 0.10392177, 
            "Hospitality" : 0.07729116999999999, 
            "Agriculture" : 0.06720067, 
            "Finance & Insurance" : 0.05627796, 
            "Construction" : 0.05471757, 
            "Other Services" : 0.03172787, 
            "Transportation" : 0.02559035, 
            "Government" : 0.0221575, 
            "Wholesalers" : 0.021117240000000002, 
            "Information" : 0.02101321, 
            "Administrative" : 0.017996460000000002, 
            "Professional" : 0.01695621, 
            "Real estate" : 0.0128992, 
            "Entertainment" : 0.00946635, 
            "Utilities" : 0.00655363, 
            "Oil & Gas, and Mining" : 0.0007281799999999999, 
            "Management" : 0.0
        }, 
        "educational_attainment" : {
            "Doctorate" : 0.02318431, 
            "Professional" : 0.01678577, 
            "Master's" : 0.05426292, 
            "Bachelor's" : 0.13445238, 
            "Associate's" : 0.0906598, 
            "Some College" : 0.22236995, 
            "High School" : 0.39255443, 
            "Some H.S." : 0.04611932999999999, 
            "Less than H.S." : 0.00905767, 
            "None" : 0.010553429999999999
        }
    }
}