{
    "name" : "Ringgold County", 
	"state" : "Iowa", 
	"FIPS" : "19159",
    "population" : 5054, 
    "demographics" : {
        "race_and_ethnicity" : {
            "White" : 0.96161456, 
            "Hispanic" : 0.02136921, 
            "Black" : 0.00217649, 
            "Asian" : 0.00415512, 
            "Mixed" : 0.006727340000000001, 
            "Other" : 0.003957260000000001
        }, 
        "age_and_sex" : {
            "85+" : 0.05144, 
            "80-84" : 0.042539999999999994, 
            "75-79" : 0.03878, 
            "70-74" : 0.05501, 
            "67-69" : 0.03839, 
            "65-66" : 0.022949999999999998, 
            "62-64" : 0.03463, 
            "60-61" : 0.02473, 
            "55-59" : 0.08172, 
            "50-54" : 0.06688, 
            "45-49" : 0.05303, 
            "40-44" : 0.04749, 
            "35-39" : 0.04353, 
            "30-34" : 0.04808, 
            "25-29" : 0.04828, 
            "22-24" : 0.02889, 
            "21" : 0.00613, 
            "20" : 0.0069299999999999995, 
            "18-19" : 0.019790000000000002, 
            "15-17" : 0.04274, 
            "10-14" : 0.059160000000000004, 
            "5-9" : 0.07934000000000001, 
            "0-4" : 0.05956
        }, 
        "household_types" : {
            "Married" : 0.5583003999999999, 
            "Single Female" : 0.06867589, 
            "Single Male" : 0.03705534, 
            "One-Person" : 0.28705534, 
            "Other Non-Family" : 0.04891304
        }, 
        "marital_status" : {
            "Never Married" : {
                "female" : 0.17058271000000003, 
                "male" : 0.22337662000000003
            }, 
            "Now Married" : {
                "female" : 0.53806391, 
                "male" : 0.5937662300000001
            }, 
            "Separated" : {
                "female" : 0.011748119999999999, 
                "male" : 0.015584420000000002
            }, 
            "Absent Spouse" : {
                "female" : 0.02443609, 
                "male" : 0.01246753
            }, 
            "Widowed" : {
                "female" : 0.15037594, 
                "male" : 0.02701299
            }, 
            "Divorced" : {
                "female" : 0.10479323000000001, 
                "male" : 0.12779221
            }
        }, 
        "ancestry" : {
            "Unclassified" : 0.31915315, 
            "German" : 0.2057776, 
            "English" : 0.12683023000000002, 
            "Other" : 0.11911357, 
            "Irish" : 0.11357341, 
            "American" : 0.10387812, 
            "Dutch" : 0.05164226, 
            "Norwegian" : 0.020182030000000004, 
            "Scottish" : 0.0182034, 
            "European" : 0.01681836, 
            "Czech" : 0.01642264, 
            "French" : 0.01385042, 
            "Danish" : 0.01345469, 
            "Swedish" : 0.0128611, 
            "Scotch-Irish" : 0.010486740000000001, 
            "Pennsylvania German" : 0.01009102, 
            "Italian" : 0.00929956, 
            "Welsh" : 0.00633162, 
            "Polish" : 0.00593589, 
            "Russian" : 0.00514444, 
            "Mexican" : 0.90740741, 
            "Central American" : 0.01939, 
            "Guatemalan" : 0.055555560000000004, 
            "Other Hispanic" : 0.0011899999999999999, 
            "Spaniard" : 0.055555560000000004, 
            "South American" : 0.0011899999999999999, 
            "Colombian" : 0.027777780000000002, 
            "Filipino" : 0.7142857100000001, 
            "Vietnamese" : 0.00297, 
            "Indian" : 0.19047619000000002
        }, 
        "employment_status" : {
            "Armed Forces" : 0.0, 
            "Employed" : 0.5349428199999999, 
            "Unemployed" : 0.02973316, 
            "Other" : 0.43532402
        }, 
        "industries" : {
            "Healthcare" : 0.20807600999999998, 
            "Agriculture" : 0.1239905, 
            "Manufacturing" : 0.12256532, 
            "Education" : 0.10261283, 
            "Retail" : 0.07933492, 
            "Construction" : 0.07790974, 
            "Other Services" : 0.0584323, 
            "Government" : 0.03467933, 
            "Wholesalers" : 0.0327791, 
            "Administrative" : 0.028028499999999998, 
            "Transportation" : 0.02565321, 
            "Hospitality" : 0.02375297, 
            "Finance & Insurance" : 0.01900238, 
            "Utilities" : 0.0175772, 
            "Professional" : 0.01615202, 
            "Entertainment" : 0.01425178, 
            "Information" : 0.011401429999999999, 
            "Real estate" : 0.0023753, 
            "Oil & Gas, and Mining" : 0.00142518, 
            "Management" : 0.0
        }, 
        "educational_attainment" : {
            "Doctorate" : 0.00624113, 
            "Professional" : 0.011063829999999998, 
            "Master's" : 0.04028369, 
            "Bachelor's" : 0.13588652, 
            "Associate's" : 0.11574467999999999, 
            "Some College" : 0.22553191000000003, 
            "High School" : 0.37304965, 
            "Some H.S." : 0.07319149, 
            "Less than H.S." : 0.017588649999999997, 
            "None" : 0.00141844
        }
    }
}