{
    "name" : "Franklin County", 
	"state" : "Washington", 
	"FIPS" : "53021",
    "population" : 87810, 
    "demographics" : {
        "race_and_ethnicity" : {
            "White" : 0.41605739999999997, 
            "Hispanic" : 0.51639904, 
            "Black" : 0.02330031, 
            "Asian" : 0.02038492, 
            "Mixed" : 0.01836921, 
            "Other" : 0.005489119999999999
        }, 
        "age_and_sex" : {
            "85+" : 0.00827, 
            "80-84" : 0.00999, 
            "75-79" : 0.012769999999999998, 
            "70-74" : 0.02083, 
            "67-69" : 0.01722, 
            "65-66" : 0.011859999999999999, 
            "62-64" : 0.02249, 
            "60-61" : 0.01807, 
            "55-59" : 0.047599999999999996, 
            "50-54" : 0.05218, 
            "45-49" : 0.055540000000000006, 
            "40-44" : 0.054880000000000005, 
            "35-39" : 0.07755, 
            "30-34" : 0.08167999999999999, 
            "25-29" : 0.07723, 
            "22-24" : 0.037559999999999996, 
            "21" : 0.01272, 
            "20" : 0.01786, 
            "18-19" : 0.02895, 
            "15-17" : 0.04878999999999999, 
            "10-14" : 0.09487999999999999, 
            "5-9" : 0.09346, 
            "0-4" : 0.09763
        }, 
        "household_types" : {
            "Married" : 0.54680606, 
            "Single Female" : 0.16905831, 
            "Single Male" : 0.0540605, 
            "One-Person" : 0.18615097, 
            "Other Non-Family" : 0.04392416
        }, 
        "marital_status" : {
            "Never Married" : {
                "female" : 0.29971181999999996, 
                "male" : 0.36223636
            }, 
            "Now Married" : {
                "female" : 0.46632263, 
                "male" : 0.46230635999999997
            }, 
            "Separated" : {
                "female" : 0.03407949, 
                "male" : 0.01877834
            }, 
            "Absent Spouse" : {
                "female" : 0.02905301, 
                "male" : 0.04936543
            }, 
            "Widowed" : {
                "female" : 0.05264392, 
                "male" : 0.01625224
            }, 
            "Divorced" : {
                "female" : 0.11818913, 
                "male" : 0.09106127000000001
            }
        }, 
        "ancestry" : {
            "Other" : 0.5925521, 
            "Unclassified" : 0.11367725999999999, 
            "German" : 0.10514748000000002, 
            "English" : 0.06422959, 
            "Irish" : 0.062088599999999994, 
            "American" : 0.05788635, 
            "Norwegian" : 0.021204869999999997, 
            "Swedish" : 0.01674069, 
            "French" : 0.01633071, 
            "Scottish" : 0.01387086, 
            "Dutch" : 0.013244510000000001, 
            "Italian" : 0.01286869, 
            "European" : 0.01166154, 
            "Danish" : 0.01090992, 
            "Polish" : 0.00863227, 
            "Russian" : 0.007766769999999999, 
            "Portuguese" : 0.006798769999999999, 
            "Scotch-Irish" : 0.006229360000000001, 
            "French Canadian" : 0.00509054, 
            "Welsh" : 0.00502221, 
            "Mexican" : 0.94453322, 
            "Other Hispanic" : 0.49140999999999996, 
            "Central American" : 0.02138558, 
            "Salvadoran" : 0.01113, 
            "South American" : 0.01508154, 
            "Spanish" : 0.007850000000000001, 
            "Vietnamese" : 0.31117318, 
            "Laotian" : 0.00634, 
            "Filipino" : 0.23631285, 
            "Japanese" : 0.00482, 
            "Mongolian" : 0.12849162, 
            "Not Specified" : 0.00262, 
            "Chinese" : 0.11005587, 
            "Indian" : 0.0022400000000000002, 
            "Mixed" : 0.053072629999999996, 
            "Thai" : 0.00108, 
            "Korean" : 0.041899439999999996, 
            "Bangladeshi" : 0.0008500000000000001
        }, 
        "employment_status" : {
            "Armed Forces" : 0.0005544, 
            "Employed" : 0.6105693999999999, 
            "Unemployed" : 0.04441691, 
            "Other" : 0.34445929999999997
        }, 
        "industries" : {
            "Agriculture" : 0.16237148, 
            "Manufacturing" : 0.12180531, 
            "Healthcare" : 0.10490052, 
            "Retail" : 0.10073441000000001, 
            "Education" : 0.06436106, 
            "Construction" : 0.06369342, 
            "Hospitality" : 0.0622246, 
            "Professional" : 0.052663909999999994, 
            "Transportation" : 0.05103485, 
            "Government" : 0.04275604, 
            "Administrative" : 0.040993459999999995, 
            "Other Services" : 0.03466417, 
            "Wholesalers" : 0.03097877, 
            "Finance & Insurance" : 0.017625850000000002, 
            "Entertainment" : 0.01348645, 
            "Utilities" : 0.01345974, 
            "Real estate" : 0.01137669, 
            "Information" : 0.00972092, 
            "Management" : 0.00072106, 
            "Oil & Gas, and Mining" : 0.00042729000000000004
        }, 
        "educational_attainment" : {
            "Doctorate" : 0.00777711, 
            "Professional" : 0.005792739999999999, 
            "Master's" : 0.042453399999999995, 
            "Bachelor's" : 0.10212467, 
            "Associate's" : 0.09693325, 
            "Some College" : 0.2212267, 
            "High School" : 0.25947084, 
            "Some H.S." : 0.0952295, 
            "Less than H.S." : 0.12287031000000001, 
            "None" : 0.046121470000000005
        }
    }
}