{
    "name" : "Lewis County", 
	"state" : "Washington", 
	"FIPS" : "53041",
    "population" : 75724, 
    "demographics" : {
        "race_and_ethnicity" : {
            "White" : 0.8448972600000001, 
            "Hispanic" : 0.09487085, 
            "Black" : 0.00776504, 
            "Asian" : 0.011739999999999999, 
            "Mixed" : 0.03312028, 
            "Other" : 0.00760657
        }, 
        "age_and_sex" : {
            "85+" : 0.028300000000000002, 
            "80-84" : 0.020390000000000002, 
            "75-79" : 0.03184, 
            "70-74" : 0.05236, 
            "67-69" : 0.032240000000000005, 
            "65-66" : 0.03097, 
            "62-64" : 0.037149999999999996, 
            "60-61" : 0.03511, 
            "55-59" : 0.07412, 
            "50-54" : 0.07053, 
            "45-49" : 0.06162, 
            "40-44" : 0.05681, 
            "35-39" : 0.05521, 
            "30-34" : 0.056029999999999996, 
            "25-29" : 0.057539999999999994, 
            "22-24" : 0.03144, 
            "21" : 0.013049999999999999, 
            "20" : 0.01192, 
            "18-19" : 0.02323, 
            "15-17" : 0.0407, 
            "10-14" : 0.06007, 
            "5-9" : 0.060579999999999995, 
            "0-4" : 0.05878
        }, 
        "household_types" : {
            "Married" : 0.50445185, 
            "Single Female" : 0.10769387999999999, 
            "Single Male" : 0.05318426, 
            "One-Person" : 0.26877591, 
            "Other Non-Family" : 0.06589411
        }, 
        "marital_status" : {
            "Never Married" : {
                "female" : 0.20291985, 
                "male" : 0.29104236
            }, 
            "Now Married" : {
                "female" : 0.48068875, 
                "male" : 0.50606473
            }, 
            "Separated" : {
                "female" : 0.02565249, 
                "male" : 0.01991308
            }, 
            "Absent Spouse" : {
                "female" : 0.02728173, 
                "male" : 0.023318409999999998
            }, 
            "Widowed" : {
                "female" : 0.11296042, 
                "male" : 0.03518843
            }, 
            "Divorced" : {
                "female" : 0.15049676, 
                "male" : 0.12447298
            }
        }, 
        "ancestry" : {
            "Other" : 0.23893350000000002, 
            "German" : 0.21009191000000002, 
            "Unclassified" : 0.19691247, 
            "Irish" : 0.12334267, 
            "English" : 0.10328298, 
            "American" : 0.05418361, 
            "Norwegian" : 0.04684116000000001, 
            "Scottish" : 0.03972321, 
            "French" : 0.03334478, 
            "Swedish" : 0.029660350000000002, 
            "Polish" : 0.025592939999999998, 
            "Italian" : 0.024074270000000002, 
            "Dutch" : 0.0232291, 
            "European" : 0.01486979, 
            "Finnish" : 0.01434156, 
            "Welsh" : 0.01394538, 
            "Swiss" : 0.012558769999999999, 
            "Scotch-Irish" : 0.01084201, 
            "Scandinavian" : 0.01001004, 
            "Danish" : 0.00870266, 
            "Mexican" : 0.8551837600000001, 
            "Other Hispanic" : 0.08234999999999999, 
            "Puerto Rican" : 0.05499177, 
            "Central American" : 0.0053, 
            "Spaniard" : 0.04840922, 
            "Salvadoran" : 0.00466, 
            "Spanish" : 0.03757543, 
            "Guatemalan" : 0.00362, 
            "Chinese" : 0.5219347599999999, 
            "Filipino" : 0.00613, 
            "Korean" : 0.2575928, 
            "Burmese" : 0.00302, 
            "Laotian" : 0.10461192000000001, 
            "Mixed" : 0.00123, 
            "Cambodian" : 0.02812148, 
            "Vietnamese" : 0.00033, 
            "Japanese" : 0.02362205, 
            "Thai" : 0.00028000000000000003
        }, 
        "employment_status" : {
            "Armed Forces" : 0.00113407, 
            "Employed" : 0.48375327, 
            "Unemployed" : 0.05187121, 
            "Other" : 0.46324146
        }, 
        "industries" : {
            "Retail" : 0.14517718000000002, 
            "Healthcare" : 0.12037509, 
            "Manufacturing" : 0.09818911, 
            "Education" : 0.08514253, 
            "Government" : 0.08021608000000001, 
            "Hospitality" : 0.06992152, 
            "Construction" : 0.0631604, 
            "Transportation" : 0.05629735, 
            "Agriculture" : 0.05425883, 
            "Other Services" : 0.04331872, 
            "Administrative" : 0.03900384, 
            "Wholesalers" : 0.03152924, 
            "Professional" : 0.029252880000000002, 
            "Real estate" : 0.019366019999999998, 
            "Finance & Insurance" : 0.01766724, 
            "Entertainment" : 0.015798589999999998, 
            "Utilities" : 0.014405600000000001, 
            "Information" : 0.01212924, 
            "Oil & Gas, and Mining" : 0.004790539999999999, 
            "Management" : 0.0
        }, 
        "educational_attainment" : {
            "Doctorate" : 0.0037341600000000003, 
            "Professional" : 0.00978802, 
            "Master's" : 0.044696740000000006, 
            "Bachelor's" : 0.09688066, 
            "Associate's" : 0.12648989, 
            "Some College" : 0.28017502, 
            "High School" : 0.30893558, 
            "Some H.S." : 0.08541415000000001, 
            "Less than H.S." : 0.03143859, 
            "None" : 0.012447189999999999
        }
    }
}