{
    "name" : "Stevens County", 
	"state" : "Washington", 
	"FIPS" : "53065",
    "population" : 43744, 
    "demographics" : {
        "race_and_ethnicity" : {
            "White" : 0.8712966299999999, 
            "Hispanic" : 0.03355889, 
            "Black" : 0.00457206, 
            "Asian" : 0.00715527, 
            "Mixed" : 0.03943398, 
            "Other" : 0.043983169999999995
        }, 
        "age_and_sex" : {
            "85+" : 0.02062, 
            "80-84" : 0.02119, 
            "75-79" : 0.03349, 
            "70-74" : 0.05269, 
            "67-69" : 0.04364, 
            "65-66" : 0.03399, 
            "62-64" : 0.05192, 
            "60-61" : 0.03939, 
            "55-59" : 0.0855, 
            "50-54" : 0.07855000000000001, 
            "45-49" : 0.05971, 
            "40-44" : 0.06698, 
            "35-39" : 0.03646, 
            "30-34" : 0.04437, 
            "25-29" : 0.03971, 
            "22-24" : 0.02835, 
            "21" : 0.006840000000000001, 
            "20" : 0.01065, 
            "18-19" : 0.02268, 
            "15-17" : 0.04423, 
            "10-14" : 0.07151, 
            "5-9" : 0.053399999999999996, 
            "0-4" : 0.054130000000000005
        }, 
        "household_types" : {
            "Married" : 0.55675955, 
            "Single Female" : 0.09213393, 
            "Single Male" : 0.04856094, 
            "One-Person" : 0.24899667, 
            "Other Non-Family" : 0.0535489
        }, 
        "marital_status" : {
            "Never Married" : {
                "female" : 0.19406367, 
                "male" : 0.25398429
            }, 
            "Now Married" : {
                "female" : 0.55013266, 
                "male" : 0.5563973099999999
            }, 
            "Separated" : {
                "female" : 0.01912447, 
                "male" : 0.014927049999999999
            }, 
            "Absent Spouse" : {
                "female" : 0.01431572, 
                "male" : 0.01156004
            }, 
            "Widowed" : {
                "female" : 0.09529074, 
                "male" : 0.026318739999999997
            }, 
            "Divorced" : {
                "female" : 0.12707274, 
                "male" : 0.13681257
            }
        }, 
        "ancestry" : {
            "Other" : 0.23447787, 
            "German" : 0.23267191, 
            "Unclassified" : 0.18766002, 
            "Irish" : 0.12943489, 
            "English" : 0.11688459999999999, 
            "American" : 0.07578182, 
            "Norwegian" : 0.04830377, 
            "French" : 0.03751372, 
            "Swedish" : 0.031021399999999998, 
            "Italian" : 0.03015271, 
            "Scottish" : 0.03012985, 
            "European" : 0.02167154, 
            "Polish" : 0.020208490000000003, 
            "Scotch-Irish" : 0.01922549, 
            "Dutch" : 0.01799104, 
            "Welsh" : 0.010858630000000001, 
            "French Canadian" : 0.01047001, 
            "Danish" : 0.0101271, 
            "Russian" : 0.00786394, 
            "Czech" : 0.007200990000000001, 
            "Mexican" : 0.7690735700000001, 
            "Other Hispanic" : 0.02581, 
            "South American" : 0.10149864000000001, 
            "Colombian" : 0.0034100000000000003, 
            "Spaniard" : 0.08855586, 
            "Spanish" : 0.00297, 
            "Cuban" : 0.058583109999999994, 
            "Peruvian" : 0.00197, 
            "Central American" : 0.05313351, 
            "Guatemalan" : 0.00178, 
            "Ecuadorian" : 0.03065395, 
            "Puerto Rican" : 0.0010299999999999999, 
            "Other South American" : 0.025204360000000002, 
            "Filipino" : 0.38977636, 
            "Indian" : 0.0027900000000000004, 
            "Chinese" : 0.15974441, 
            "Korean" : 0.00114, 
            "Thai" : 0.14057508, 
            "Vietnamese" : 0.00101, 
            "Not Specified" : 0.08626198, 
            "Mixed" : 0.00062, 
            "Japanese" : 0.08306709
        }, 
        "employment_status" : {
            "Armed Forces" : 0.00034018, 
            "Employed" : 0.45936214999999997, 
            "Unemployed" : 0.04493267, 
            "Other" : 0.49536499
        }, 
        "industries" : {
            "Healthcare" : 0.13410269, 
            "Retail" : 0.13255986, 
            "Manufacturing" : 0.11373735, 
            "Education" : 0.08843495000000001, 
            "Construction" : 0.08787953999999999, 
            "Government" : 0.06874846, 
            "Hospitality" : 0.05696124, 
            "Other Services" : 0.055973829999999995, 
            "Agriculture" : 0.04566774, 
            "Professional" : 0.04184152, 
            "Transportation" : 0.04097754, 
            "Administrative" : 0.02746235, 
            "Finance & Insurance" : 0.02400642, 
            "Entertainment" : 0.023451, 
            "Wholesalers" : 0.0196865, 
            "Real estate" : 0.015366580000000001, 
            "Utilities" : 0.00863984, 
            "Oil & Gas, and Mining" : 0.00851642, 
            "Information" : 0.00598618, 
            "Management" : 0.0
        }, 
        "educational_attainment" : {
            "Doctorate" : 0.00435765, 
            "Professional" : 0.010426079999999999, 
            "Master's" : 0.0506133, 
            "Bachelor's" : 0.11504196, 
            "Associate's" : 0.1155907, 
            "Some College" : 0.26962556, 
            "High School" : 0.33308585999999996, 
            "Some H.S." : 0.07672691999999999, 
            "Less than H.S." : 0.02023886, 
            "None" : 0.00429309
        }
    }
}