{
    "name" : "Adams County", 
	"state" : "Washington", 
	"FIPS" : "53001",
    "population" : 19100, 
    "demographics" : {
        "race_and_ethnicity" : {
            "White" : 0.35670157, 
            "Hispanic" : 0.61445026, 
            "Black" : 0.0063874299999999995, 
            "Asian" : 0.00842932, 
            "Mixed" : 0.00989529, 
            "Other" : 0.00413613
        }, 
        "age_and_sex" : {
            "85+" : 0.01623, 
            "80-84" : 0.01089, 
            "75-79" : 0.01974, 
            "70-74" : 0.02246, 
            "67-69" : 0.01895, 
            "65-66" : 0.0155, 
            "62-64" : 0.030369999999999998, 
            "60-61" : 0.014079999999999999, 
            "55-59" : 0.05246000000000001, 
            "50-54" : 0.05136, 
            "45-49" : 0.055810000000000005, 
            "40-44" : 0.05806, 
            "35-39" : 0.05733, 
            "30-34" : 0.06162, 
            "25-29" : 0.06346, 
            "22-24" : 0.03686, 
            "21" : 0.018009999999999998, 
            "20" : 0.01482, 
            "18-19" : 0.03026, 
            "15-17" : 0.050890000000000005, 
            "10-14" : 0.08560000000000001, 
            "5-9" : 0.10737999999999999, 
            "0-4" : 0.10785
        }, 
        "household_types" : {
            "Married" : 0.57910344, 
            "Single Female" : 0.13326356, 
            "Single Male" : 0.06052677, 
            "One-Person" : 0.18646432999999998, 
            "Other Non-Family" : 0.0406419
        }, 
        "marital_status" : {
            "Never Married" : {
                "female" : 0.25543150000000003, 
                "male" : 0.35087719
            }, 
            "Now Married" : {
                "female" : 0.53983102, 
                "male" : 0.50817722
            }, 
            "Separated" : {
                "female" : 0.03455039, 
                "male" : 0.01590842
            }, 
            "Absent Spouse" : {
                "female" : 0.026403140000000002, 
                "male" : 0.026464470000000004
            }, 
            "Widowed" : {
                "female" : 0.06925165999999999, 
                "male" : 0.02215284
            }, 
            "Divorced" : {
                "female" : 0.07453229, 
                "male" : 0.07641986
            }
        }, 
        "ancestry" : {
            "Other" : 0.6085863899999999, 
            "German" : 0.13575916, 
            "Unclassified" : 0.11078534, 
            "American" : 0.05146597, 
            "Irish" : 0.04764398, 
            "English" : 0.040209419999999996, 
            "Norwegian" : 0.02968586, 
            "Scottish" : 0.01879581, 
            "Swedish" : 0.01544503, 
            "Italian" : 0.013979060000000001, 
            "Dutch" : 0.01387435, 
            "French" : 0.01099476, 
            "Russian" : 0.010314140000000001, 
            "European" : 0.00816754, 
            "Scotch-Irish" : 0.0067015700000000004, 
            "Welsh" : 0.0067015700000000004, 
            "Danish" : 0.00554974, 
            "Mexican" : 0.9663282599999999, 
            "Other Hispanic" : 0.59801, 
            "Central American" : 0.014213199999999999, 
            "Guatemalan" : 0.0088, 
            "South American" : 0.010829100000000001, 
            "Japanese" : 0.23602484, 
            "Chinese" : 0.00199, 
            "Indian" : 0.21739129999999998, 
            "Filipino" : 0.00183, 
            "Not Specified" : 0.20496894000000002, 
            "Korean" : 0.0017299999999999998, 
            "Laotian" : 0.15527950000000001, 
            "Sri Lankan" : 0.00131, 
            "Mixed" : 0.06832297999999999
        }, 
        "employment_status" : {
            "Armed Forces" : 0.00030497, 
            "Employed" : 0.59827691, 
            "Unemployed" : 0.03865508, 
            "Other" : 0.36276304000000004
        }, 
        "industries" : {
            "Agriculture" : 0.3145151, 
            "Manufacturing" : 0.12947623, 
            "Education" : 0.09404868000000001, 
            "Healthcare" : 0.08856888, 
            "Retail" : 0.06155219, 
            "Wholesalers" : 0.04944565, 
            "Transportation" : 0.04727921, 
            "Hospitality" : 0.04727921, 
            "Construction" : 0.0349178, 
            "Other Services" : 0.03071237, 
            "Government" : 0.024340510000000003, 
            "Administrative" : 0.022046640000000003, 
            "Utilities" : 0.01784121, 
            "Professional" : 0.01338091, 
            "Real estate" : 0.00675417, 
            "Finance & Insurance" : 0.00662674, 
            "Entertainment" : 0.00573468, 
            "Information" : 0.00471518, 
            "Oil & Gas, and Mining" : 0.00076462, 
            "Management" : 0.0
        }, 
        "educational_attainment" : {
            "Doctorate" : 0.00190967, 
            "Professional" : 0.00811611, 
            "Master's" : 0.03427862, 
            "Bachelor's" : 0.09357395, 
            "Associate's" : 0.07218562, 
            "Some College" : 0.18581113, 
            "High School" : 0.26477609, 
            "Some H.S." : 0.09338298, 
            "Less than H.S." : 0.21321493, 
            "None" : 0.03275088
        }
    }
}