{
    "name" : "Jefferson County", 
	"state" : "Washington", 
	"FIPS" : "53031",
    "population" : 30333, 
    "demographics" : {
        "race_and_ethnicity" : {
            "White" : 0.8872185399999999, 
            "Hispanic" : 0.03408829, 
            "Black" : 0.00916494, 
            "Asian" : 0.01589028, 
            "Mixed" : 0.03319817, 
            "Other" : 0.020439790000000003
        }, 
        "age_and_sex" : {
            "85+" : 0.028980000000000002, 
            "80-84" : 0.03142, 
            "75-79" : 0.05585, 
            "70-74" : 0.08473000000000001, 
            "67-69" : 0.06785000000000001, 
            "65-66" : 0.047599999999999996, 
            "62-64" : 0.07151, 
            "60-61" : 0.044509999999999994, 
            "55-59" : 0.09498, 
            "50-54" : 0.06808, 
            "45-49" : 0.04902, 
            "40-44" : 0.047279999999999996, 
            "35-39" : 0.03458, 
            "30-34" : 0.04042, 
            "25-29" : 0.04437, 
            "22-24" : 0.02067, 
            "21" : 0.009399999999999999, 
            "20" : 0.008110000000000001, 
            "18-19" : 0.01385, 
            "15-17" : 0.02637, 
            "10-14" : 0.036070000000000005, 
            "5-9" : 0.03936, 
            "0-4" : 0.03501
        }, 
        "household_types" : {
            "Married" : 0.5264361000000001, 
            "Single Female" : 0.05914018000000001, 
            "Single Male" : 0.03148735, 
            "One-Person" : 0.30853182, 
            "Other Non-Family" : 0.07440454
        }, 
        "marital_status" : {
            "Never Married" : {
                "female" : 0.15876932, 
                "male" : 0.24344796
            }, 
            "Now Married" : {
                "female" : 0.5424860300000001, 
                "male" : 0.5477200400000001
            }, 
            "Separated" : {
                "female" : 0.00936071, 
                "male" : 0.019391000000000002
            }, 
            "Absent Spouse" : {
                "female" : 0.017778099999999998, 
                "male" : 0.00916528
            }, 
            "Widowed" : {
                "female" : 0.08867281, 
                "male" : 0.03825178
            }, 
            "Divorced" : {
                "female" : 0.18293302, 
                "male" : 0.14202394
            }
        }, 
        "ancestry" : {
            "German" : 0.21158474, 
            "Other" : 0.18570534, 
            "Unclassified" : 0.18415587, 
            "English" : 0.15514456, 
            "Irish" : 0.12488049, 
            "Norwegian" : 0.062440249999999996, 
            "Scottish" : 0.05564896, 
            "Swedish" : 0.03962681, 
            "Italian" : 0.03768173, 
            "French" : 0.035802589999999995, 
            "American" : 0.02752778, 
            "Dutch" : 0.025978309999999998, 
            "European" : 0.02472555, 
            "Polish" : 0.02225299, 
            "Scotch-Irish" : 0.02202222, 
            "Welsh" : 0.02007714, 
            "Scandinavian" : 0.014670490000000001, 
            "Northern European" : 0.01226387, 
            "Russian" : 0.01120891, 
            "Finnish" : 0.01064847, 
            "Mexican" : 0.56842105, 
            "Other Hispanic" : 0.01958, 
            "South American" : 0.15119617, 
            "Central American" : 0.00521, 
            "Costa Rican" : 0.1062201, 
            "Colombian" : 0.00366, 
            "Puerto Rican" : 0.08516746, 
            "Dominican" : 0.00293, 
            "Spaniard" : 0.07846890000000001, 
            "Venezuelan" : 0.0027, 
            "Peruvian" : 0.055502390000000006, 
            "Argentinean" : 0.00191, 
            "Other Central American" : 0.05167464, 
            "Chilean" : 0.00178, 
            "Spanish" : 0.037320570000000004, 
            "Japanese" : 0.31327801, 
            "Vietnamese" : 0.00498, 
            "Korean" : 0.2593361, 
            "Chinese" : 0.0041199999999999995, 
            "Filipino" : 0.21576763, 
            "Taiwanese" : 0.0034300000000000003, 
            "Laotian" : 0.10995851
        }, 
        "employment_status" : {
            "Armed Forces" : 0.0006736499999999999, 
            "Employed" : 0.44150449, 
            "Unemployed" : 0.03435629, 
            "Other" : 0.5234655699999999
        }, 
        "industries" : {
            "Healthcare" : 0.13757735000000001, 
            "Retail" : 0.09434602, 
            "Education" : 0.08832754, 
            "Other Services" : 0.08536068000000001, 
            "Hospitality" : 0.08281767000000001, 
            "Manufacturing" : 0.07925744, 
            "Construction" : 0.07874882999999999, 
            "Administrative" : 0.05662457, 
            "Professional" : 0.05535306, 
            "Government" : 0.053996779999999994, 
            "Transportation" : 0.03797576, 
            "Entertainment" : 0.0345003, 
            "Real estate" : 0.02483682, 
            "Agriculture" : 0.0212766, 
            "Finance & Insurance" : 0.0212766, 
            "Information" : 0.01881834, 
            "Wholesalers" : 0.0127151, 
            "Utilities" : 0.01229126, 
            "Oil & Gas, and Mining" : 0.0038993, 
            "Management" : 0.0
        }, 
        "educational_attainment" : {
            "Doctorate" : 0.025563910000000002, 
            "Professional" : 0.02308474, 
            "Master's" : 0.11050599, 
            "Bachelor's" : 0.22865271, 
            "Associate's" : 0.06807559, 
            "Some College" : 0.26831945, 
            "High School" : 0.22084942000000002, 
            "Some H.S." : 0.03873197, 
            "Less than H.S." : 0.01146109, 
            "None" : 0.00475513
        }
    }
}