{
    "name" : "San Juan County", 
	"state" : "Washington", 
	"FIPS" : "53055",
    "population" : 16056, 
    "demographics" : {
        "race_and_ethnicity" : {
            "White" : 0.8911310400000001, 
            "Hispanic" : 0.057548579999999995, 
            "Black" : 0.00685102, 
            "Asian" : 0.01432486, 
            "Mixed" : 0.01725212, 
            "Other" : 0.012892380000000002
        }, 
        "age_and_sex" : {
            "85+" : 0.02946, 
            "80-84" : 0.026160000000000003, 
            "75-79" : 0.049640000000000004, 
            "70-74" : 0.07711, 
            "67-69" : 0.06496, 
            "65-66" : 0.047830000000000004, 
            "62-64" : 0.06477000000000001, 
            "60-61" : 0.04316, 
            "55-59" : 0.0989, 
            "50-54" : 0.07605, 
            "45-49" : 0.05562, 
            "40-44" : 0.05992, 
            "35-39" : 0.035, 
            "30-34" : 0.03986, 
            "25-29" : 0.03793, 
            "22-24" : 0.021179999999999997, 
            "21" : 0.0060999999999999995, 
            "20" : 0.00754, 
            "18-19" : 0.01694, 
            "15-17" : 0.02921, 
            "10-14" : 0.03992, 
            "5-9" : 0.043289999999999995, 
            "0-4" : 0.02946
        }, 
        "household_types" : {
            "Married" : 0.50295159, 
            "Single Female" : 0.06782107, 
            "Single Male" : 0.022694480000000003, 
            "One-Person" : 0.32428178, 
            "Other Non-Family" : 0.08225108
        }, 
        "marital_status" : {
            "Never Married" : {
                "female" : 0.18784755, 
                "male" : 0.23596159
            }, 
            "Now Married" : {
                "female" : 0.52041232, 
                "male" : 0.56619145
            }, 
            "Separated" : {
                "female" : 0.01478367, 
                "male" : 0.0096014
            }, 
            "Absent Spouse" : {
                "female" : 0.01790316, 
                "male" : 0.021530399999999998
            }, 
            "Widowed" : {
                "female" : 0.09439847999999999, 
                "male" : 0.02385802
            }, 
            "Divorced" : {
                "female" : 0.16465482, 
                "male" : 0.14285714
            }
        }, 
        "ancestry" : {
            "German" : 0.19606378, 
            "English" : 0.18921275999999998, 
            "Other" : 0.16735177, 
            "Unclassified" : 0.13895117, 
            "Irish" : 0.13471599, 
            "Norwegian" : 0.058607370000000006, 
            "Scottish" : 0.056427500000000005, 
            "Swedish" : 0.04577728, 
            "European" : 0.045092179999999996, 
            "American" : 0.03880169, 
            "French" : 0.037929750000000005, 
            "Italian" : 0.031390129999999995, 
            "Polish" : 0.02260837, 
            "Russian" : 0.020553059999999998, 
            "Scotch-Irish" : 0.02011709, 
            "Dutch" : 0.01986796, 
            "Danish" : 0.0166293, 
            "Welsh" : 0.01519681, 
            "Scandinavian" : 0.012082710000000002, 
            "British" : 0.01139761, 
            "Mexican" : 0.72892209, 
            "South American" : 0.042539999999999994, 
            "Central American" : 0.07470651, 
            "Other Hispanic" : 0.00436, 
            "Spaniard" : 0.06723586, 
            "Puerto Rican" : 0.00392, 
            "Guatemalan" : 0.06723586, 
            "Salvadoran" : 0.00392, 
            "Cuban" : 0.03628602, 
            "Bolivian" : 0.00212, 
            "Chilean" : 0.03308431, 
            "Panamanian" : 0.00193, 
            "Colombian" : 0.026680899999999997, 
            "Ecuadorian" : 0.00156, 
            "Peruvian" : 0.026680899999999997, 
            "Dominican" : 0.00156, 
            "Spanish" : 0.02134472, 
            "Chinese" : 0.30434783, 
            "Indonesian" : 0.00436, 
            "Filipino" : 0.15217391, 
            "Japanese" : 0.00218, 
            "Korean" : 0.14782609000000002, 
            "Indian" : 0.00212, 
            "Vietnamese" : 0.14782609000000002, 
            "Taiwanese" : 0.00212, 
            "Bangladeshi" : 0.07391304, 
            "Cambodian" : 0.00106, 
            "Thai" : 0.06086957
        }, 
        "employment_status" : {
            "Armed Forces" : 0.0, 
            "Employed" : 0.54071869, 
            "Unemployed" : 0.02884684, 
            "Other" : 0.43043447
        }, 
        "industries" : {
            "Construction" : 0.11980600000000001, 
            "Hospitality" : 0.11980600000000001, 
            "Retail" : 0.09345917, 
            "Healthcare" : 0.08913357, 
            "Education" : 0.07655001, 
            "Professional" : 0.07130686, 
            "Other Services" : 0.059903000000000005, 
            "Administrative" : 0.054659849999999996, 
            "Government" : 0.04456678, 
            "Manufacturing" : 0.0407655, 
            "Real estate" : 0.0407655, 
            "Entertainment" : 0.037095289999999996, 
            "Transportation" : 0.03696422, 
            "Agriculture" : 0.03604666, 
            "Information" : 0.0259536, 
            "Finance & Insurance" : 0.02385634, 
            "Wholesalers" : 0.01441867, 
            "Utilities" : 0.01323896, 
            "Oil & Gas, and Mining" : 0.00104863, 
            "Management" : 0.00065539
        }, 
        "educational_attainment" : {
            "Doctorate" : 0.03599289, 
            "Professional" : 0.035761180000000004, 
            "Master's" : 0.13192245, 
            "Bachelor's" : 0.26647099999999996, 
            "Associate's" : 0.07368502, 
            "Some College" : 0.23742951999999998, 
            "High School" : 0.1720862, 
            "Some H.S." : 0.03352128, 
            "Less than H.S." : 0.01042713, 
            "None" : 0.00270333
        }
    }
}