{
    "name" : "Lea County", 
	"state" : "New Mexico", 
	"FIPS" : "35025",
    "population" : 68930, 
    "demographics" : {
        "race_and_ethnicity" : {
            "White" : 0.38219932999999995, 
            "Hispanic" : 0.55702887, 
            "Black" : 0.03415059, 
            "Asian" : 0.00159582, 
            "Mixed" : 0.01643697, 
            "Other" : 0.00858842
        }, 
        "age_and_sex" : {
            "85+" : 0.01282, 
            "80-84" : 0.01573, 
            "75-79" : 0.01889, 
            "70-74" : 0.027200000000000002, 
            "67-69" : 0.01893, 
            "65-66" : 0.01278, 
            "62-64" : 0.0255, 
            "60-61" : 0.01959, 
            "55-59" : 0.05867, 
            "50-54" : 0.061189999999999994, 
            "45-49" : 0.058019999999999995, 
            "40-44" : 0.05791, 
            "35-39" : 0.06389, 
            "30-34" : 0.07426, 
            "25-29" : 0.07273, 
            "22-24" : 0.04409, 
            "21" : 0.012490000000000001, 
            "20" : 0.01352, 
            "18-19" : 0.030019999999999998, 
            "15-17" : 0.04452, 
            "10-14" : 0.08763, 
            "5-9" : 0.08548, 
            "0-4" : 0.08413999999999999
        }, 
        "household_types" : {
            "Married" : 0.54674589, 
            "Single Female" : 0.13146412, 
            "Single Male" : 0.06782099999999999, 
            "One-Person" : 0.21427907999999998, 
            "Other Non-Family" : 0.03968991
        }, 
        "marital_status" : {
            "Never Married" : {
                "female" : 0.27720384, 
                "male" : 0.33798108
            }, 
            "Now Married" : {
                "female" : 0.47630341000000004, 
                "male" : 0.47004292999999997
            }, 
            "Separated" : {
                "female" : 0.0235157, 
                "male" : 0.01420919
            }, 
            "Absent Spouse" : {
                "female" : 0.027213889999999998, 
                "male" : 0.0510239
            }, 
            "Widowed" : {
                "female" : 0.08457611, 
                "male" : 0.02051594
            }, 
            "Divorced" : {
                "female" : 0.11118703999999999, 
                "male" : 0.10622697
            }
        }, 
        "ancestry" : {
            "Other" : 0.64627883, 
            "Unclassified" : 0.16597998, 
            "German" : 0.0633106, 
            "Irish" : 0.05731902, 
            "American" : 0.04353692, 
            "English" : 0.03879298, 
            "Dutch" : 0.01175105, 
            "Scottish" : 0.01021326, 
            "French" : 0.00789206, 
            "Polish" : 0.0068330199999999995, 
            "Italian" : 0.00503409, 
            "Mexican" : 0.95921336, 
            "Other Hispanic" : 0.53566, 
            "Cuban" : 0.029304030000000002, 
            "Spanish" : 0.01636, 
            "Indian" : 0.5, 
            "Mixed" : 0.0008, 
            "Chinese" : 0.22727273, 
            "Japanese" : 0.00035999999999999997
        }, 
        "employment_status" : {
            "Armed Forces" : 7.996e-05, 
            "Employed" : 0.57668626, 
            "Unemployed" : 0.040802050000000006, 
            "Other" : 0.38243172999999997
        }, 
        "industries" : {
            "Oil & Gas, and Mining" : 0.18247997999999999, 
            "Retail" : 0.09973307000000001, 
            "Education" : 0.08302422999999999, 
            "Construction" : 0.08260824, 
            "Healthcare" : 0.08122162, 
            "Hospitality" : 0.07768572, 
            "Transportation" : 0.061150209999999997, 
            "Wholesalers" : 0.05705966, 
            "Other Services" : 0.04704129, 
            "Professional" : 0.03823621, 
            "Government" : 0.03736957, 
            "Manufacturing" : 0.032863039999999996, 
            "Administrative" : 0.02277533, 
            "Agriculture" : 0.02066073, 
            "Utilities" : 0.02024474, 
            "Real estate" : 0.01813013, 
            "Finance & Insurance" : 0.01618886, 
            "Entertainment" : 0.01331161, 
            "Information" : 0.008215759999999999, 
            "Management" : 0.0
        }, 
        "educational_attainment" : {
            "Doctorate" : 0.00533618, 
            "Professional" : 0.00417192, 
            "Master's" : 0.03992432, 
            "Bachelor's" : 0.08127971, 
            "Associate's" : 0.07339672, 
            "Some College" : 0.21092461, 
            "High School" : 0.30297371, 
            "Some H.S." : 0.15060152999999998, 
            "Less than H.S." : 0.10740274, 
            "None" : 0.02398855
        }
    }
}