{
    "name" : "Tennessee", 
	"FIPS" : "47",
    "population" : 6548009, 
    "demographics" : {
        "race_and_ethnicity" : {
            "White" : 0.7452141600000001, 
            "Hispanic" : 0.0486302, 
            "Black" : 0.16807811, 
            "Asian" : 0.01609161, 
            "Mixed" : 0.01804304, 
            "Other" : 0.00394288
        }, 
        "age_and_sex" : {
            "85+" : 0.016399999999999998, 
            "80-84" : 0.018340000000000002, 
            "75-79" : 0.02633, 
            "70-74" : 0.037040000000000003, 
            "67-69" : 0.02936, 
            "65-66" : 0.022869999999999998, 
            "62-64" : 0.03567, 
            "60-61" : 0.02527, 
            "55-59" : 0.06785000000000001, 
            "50-54" : 0.07025, 
            "45-49" : 0.06686, 
            "40-44" : 0.06545, 
            "35-39" : 0.06293, 
            "30-34" : 0.06494, 
            "25-29" : 0.06658, 
            "22-24" : 0.041120000000000004, 
            "21" : 0.01426, 
            "20" : 0.01478, 
            "18-19" : 0.0254, 
            "15-17" : 0.038849999999999996, 
            "10-14" : 0.06446, 
            "5-9" : 0.06357, 
            "0-4" : 0.06142
        }, 
        "household_types" : {
            "Married" : 0.48468562, 
            "Single Female" : 0.13386269, 
            "Single Male" : 0.04545548, 
            "One-Person" : 0.28086071, 
            "Other Non-Family" : 0.05513551
        }, 
        "marital_status" : {
            "Never Married" : {
                "female" : 0.26734261, 
                "male" : 0.32317069
            }, 
            "Now Married" : {
                "female" : 0.45263312, 
                "male" : 0.48966360000000003
            }, 
            "Separated" : {
                "female" : 0.025682800000000002, 
                "male" : 0.0194587
            }, 
            "Absent Spouse" : {
                "female" : 0.020215209999999997, 
                "male" : 0.02403763
            }, 
            "Widowed" : {
                "female" : 0.09735749, 
                "male" : 0.028483710000000002
            }, 
            "Divorced" : {
                "female" : 0.13676876999999998, 
                "male" : 0.11518566
            }
        }, 
        "ancestry" : {
            "Other" : 0.31245481999999997, 
            "Unclassified" : 0.22476786, 
            "American" : 0.15848176, 
            "Irish" : 0.10149528000000001, 
            "German" : 0.09675566999999999, 
            "English" : 0.09173033, 
            "Scotch-Irish" : 0.02218598, 
            "Italian" : 0.02150761, 
            "Scottish" : 0.02103525, 
            "French" : 0.01682741, 
            "European" : 0.01326006, 
            "Dutch" : 0.01129397, 
            "Subsaharan African" : 0.01082634, 
            "Polish" : 0.010702799999999998, 
            "African" : 0.00794073, 
            "Arab" : 0.00521059, 
            "Welsh" : 0.00501236, 
            "Mexican" : 0.64263697, 
            "Central American" : 0.03213, 
            "Puerto Rican" : 0.13939116000000001, 
            "Guatemalan" : 0.00697, 
            "South American" : 0.08547250999999999, 
            "Other Hispanic" : 0.0042699999999999995, 
            "Honduran" : 0.05211627, 
            "Cuban" : 0.00261, 
            "Salvadoran" : 0.04714598, 
            "Colombian" : 0.0023599999999999997, 
            "Spaniard" : 0.04214208, 
            "Dominican" : 0.00211, 
            "Peruvian" : 0.0376789, 
            "Panamanian" : 0.00188, 
            "Argentinean" : 0.03437658, 
            "Spanish" : 0.00172, 
            "Venezuelan" : 0.0311659, 
            "Indian" : 0.25898755, 
            "Chinese" : 0.00417, 
            "Vietnamese" : 0.15583479, 
            "Korean" : 0.00251, 
            "Filipino" : 0.11121973, 
            "Laotian" : 0.00179, 
            "Japanese" : 0.10590502, 
            "Pakistani" : 0.0017000000000000001, 
            "Not Specified" : 0.1036178, 
            "Cambodian" : 0.00167, 
            "Nepalese" : 0.06762964, 
            "Thai" : 0.00109, 
            "Burmese" : 0.04621897, 
            "Mixed" : 0.00074, 
            "Taiwanese" : 0.02686774, 
            "Bangladeshi" : 0.00043, 
            "Hmong" : 0.01726331
        }, 
        "employment_status" : {
            "Armed Forces" : 0.00343384, 
            "Employed" : 0.5624061, 
            "Unemployed" : 0.04564382, 
            "Other" : 0.38851624
        }, 
        "industries" : {
            "Healthcare" : 0.14096239, 
            "Manufacturing" : 0.13012869, 
            "Retail" : 0.12217058, 
            "Education" : 0.08604655, 
            "Hospitality" : 0.07612054, 
            "Construction" : 0.06293522, 
            "Transportation" : 0.05181281, 
            "Other Services" : 0.049138089999999995, 
            "Professional" : 0.04881941, 
            "Administrative" : 0.045291819999999997, 
            "Government" : 0.04352411, 
            "Finance & Insurance" : 0.04077448, 
            "Wholesalers" : 0.02636825, 
            "Information" : 0.01863553, 
            "Entertainment" : 0.018093170000000002, 
            "Real estate" : 0.01644768, 
            "Utilities" : 0.0114462, 
            "Agriculture" : 0.00843987, 
            "Oil & Gas, and Mining" : 0.001686, 
            "Management" : 0.00115861
        }, 
        "educational_attainment" : {
            "Doctorate" : 0.01171584, 
            "Professional" : 0.01618986, 
            "Master's" : 0.06461826, 
            "Bachelor's" : 0.16099532, 
            "Associate's" : 0.06814046, 
            "Some College" : 0.21030528, 
            "High School" : 0.32787227, 
            "Some H.S." : 0.08648194999999999, 
            "Less than H.S." : 0.0422834, 
            "None" : 0.01139736
        }
    }
}