{
    "name" : "Carroll County", 
	"state" : "Mississippi", 
	"FIPS" : "28015",
    "population" : 10301, 
    "demographics" : {
        "race_and_ethnicity" : {
            "White" : 0.64537424, 
            "Hispanic" : 0.0048538999999999995, 
            "Black" : 0.33433647, 
            "Asian" : 0.00514513, 
            "Mixed" : 0.007960390000000001, 
            "Other" : 0.00232987
        }, 
        "age_and_sex" : {
            "85+" : 0.01728, 
            "80-84" : 0.01679, 
            "75-79" : 0.03767, 
            "70-74" : 0.05543, 
            "67-69" : 0.0499, 
            "65-66" : 0.03165, 
            "62-64" : 0.040679999999999994, 
            "60-61" : 0.027469999999999998, 
            "55-59" : 0.08621000000000001, 
            "50-54" : 0.06417, 
            "45-49" : 0.07456, 
            "40-44" : 0.06427, 
            "35-39" : 0.03514, 
            "30-34" : 0.07698, 
            "25-29" : 0.02796, 
            "22-24" : 0.009130000000000001, 
            "21" : 0.01582, 
            "20" : 0.01864, 
            "18-19" : 0.05009, 
            "15-17" : 0.03339, 
            "10-14" : 0.06621, 
            "5-9" : 0.05261999999999999, 
            "0-4" : 0.04796
        }, 
        "household_types" : {
            "Married" : 0.63336962, 
            "Single Female" : 0.10342950000000001, 
            "Single Male" : 0.0318454, 
            "One-Person" : 0.22509526000000002, 
            "Other Non-Family" : 0.00626021
        }, 
        "marital_status" : {
            "Never Married" : {
                "female" : 0.21353670000000002, 
                "male" : 0.30134488000000004
            }, 
            "Now Married" : {
                "female" : 0.54313632, 
                "male" : 0.5593799899999999
            }, 
            "Separated" : {
                "female" : 0.010486180000000001, 
                "male" : 0.0088899
            }, 
            "Absent Spouse" : {
                "female" : 0.02383222, 
                "male" : 0.01367677
            }, 
            "Widowed" : {
                "female" : 0.10319352, 
                "male" : 0.026441759999999998
            }, 
            "Divorced" : {
                "female" : 0.10581505999999999, 
                "male" : 0.09026669999999999
            }
        }, 
        "ancestry" : {
            "Other" : 0.38248714, 
            "Unclassified" : 0.28735074, 
            "American" : 0.15037375, 
            "Irish" : 0.08620522, 
            "English" : 0.064751, 
            "German" : 0.03242404, 
            "Italian" : 0.027667220000000003, 
            "Scotch-Irish" : 0.01291137, 
            "French" : 0.0114552, 
            "Scottish" : 0.00980487, 
            "Dutch" : 0.00776624, 
            "French Canadian" : 0.00514513, 
            "Mexican" : 0.55769231, 
            "Central American" : 0.0028199999999999996, 
            "Guatemalan" : 0.44230769000000003, 
            "Indian" : 1.0
        }, 
        "employment_status" : {
            "Armed Forces" : 0.0, 
            "Employed" : 0.43977459, 
            "Unemployed" : 0.04285043, 
            "Other" : 0.51737497
        }, 
        "industries" : {
            "Healthcare" : 0.14148425, 
            "Education" : 0.0945008, 
            "Retail" : 0.09263214, 
            "Manufacturing" : 0.09129738, 
            "Construction" : 0.08836092000000001, 
            "Government" : 0.07154297999999999, 
            "Other Services" : 0.0664709, 
            "Transportation" : 0.06513615, 
            "Information" : 0.04404698, 
            "Agriculture" : 0.04351308, 
            "Administrative" : 0.04111052, 
            "Professional" : 0.040843569999999996, 
            "Wholesalers" : 0.03256807, 
            "Hospitality" : 0.030165510000000003, 
            "Finance & Insurance" : 0.02455953, 
            "Utilities" : 0.0192205, 
            "Real estate" : 0.00747464, 
            "Entertainment" : 0.00507208, 
            "Oil & Gas, and Mining" : 0.0, 
            "Management" : 0.0
        }, 
        "educational_attainment" : {
            "Doctorate" : 0.0068738, 
            "Professional" : 0.01402255, 
            "Master's" : 0.042067639999999996, 
            "Bachelor's" : 0.09843277, 
            "Associate's" : 0.10310696, 
            "Some College" : 0.18490514000000002, 
            "High School" : 0.35894968, 
            "Some H.S." : 0.12510311, 
            "Less than H.S." : 0.0405554, 
            "None" : 0.025982949999999998
        }
    }
}