{
    "name" : "Lauderdale County", 
	"state" : "Mississippi", 
	"FIPS" : "28075",
    "population" : 79233, 
    "demographics" : {
        "race_and_ethnicity" : {
            "White" : 0.53205104, 
            "Hispanic" : 0.021190669999999998, 
            "Black" : 0.42521424, 
            "Asian" : 0.00788813, 
            "Mixed" : 0.011863740000000001, 
            "Other" : 0.00179218
        }, 
        "age_and_sex" : {
            "85+" : 0.02206, 
            "80-84" : 0.01848, 
            "75-79" : 0.02794, 
            "70-74" : 0.0325, 
            "67-69" : 0.03001, 
            "65-66" : 0.02046, 
            "62-64" : 0.03596, 
            "60-61" : 0.02928, 
            "55-59" : 0.06256, 
            "50-54" : 0.0667, 
            "45-49" : 0.062279999999999995, 
            "40-44" : 0.06477000000000001, 
            "35-39" : 0.05464, 
            "30-34" : 0.0649, 
            "25-29" : 0.06805, 
            "22-24" : 0.04305, 
            "21" : 0.01468, 
            "20" : 0.013859999999999999, 
            "18-19" : 0.02705, 
            "15-17" : 0.03986, 
            "10-14" : 0.0667, 
            "5-9" : 0.07159, 
            "0-4" : 0.06263
        }, 
        "household_types" : {
            "Married" : 0.41581057, 
            "Single Female" : 0.19259658000000002, 
            "Single Male" : 0.0456398, 
            "One-Person" : 0.30563508, 
            "Other Non-Family" : 0.04031796
        }, 
        "marital_status" : {
            "Never Married" : {
                "female" : 0.29542496, 
                "male" : 0.37937069
            }, 
            "Now Married" : {
                "female" : 0.39125563999999996, 
                "male" : 0.41780301999999997
            }, 
            "Separated" : {
                "female" : 0.022678410000000003, 
                "male" : 0.028527089999999998
            }, 
            "Absent Spouse" : {
                "female" : 0.02391982, 
                "male" : 0.023475419999999997
            }, 
            "Widowed" : {
                "female" : 0.12253610999999999, 
                "male" : 0.037805
            }, 
            "Divorced" : {
                "female" : 0.14418506, 
                "male" : 0.11301879
            }
        }, 
        "ancestry" : {
            "Other" : 0.46986735, 
            "Unclassified" : 0.19491877999999999, 
            "English" : 0.09233525999999999, 
            "Irish" : 0.08062296999999999, 
            "American" : 0.0729494, 
            "German" : 0.05770323, 
            "Scotch-Irish" : 0.01975187, 
            "Scottish" : 0.01888102, 
            "French" : 0.01148511, 
            "Italian" : 0.01046281, 
            "French Canadian" : 0.00590663, 
            "Welsh" : 0.00571731, 
            "Northern European" : 0.00537655, 
            "Mexican" : 0.69455822, 
            "Puerto Rican" : 0.01498, 
            "Central American" : 0.07548274, 
            "South American" : 0.0016300000000000002, 
            "Dominican" : 0.05324751, 
            "Other Hispanic" : 0.00115, 
            "Guatemalan" : 0.05266238, 
            "Cuban" : 0.00114, 
            "Uruguayan" : 0.04739614, 
            "Colombian" : 0.0010199999999999999, 
            "Spanish" : 0.04505559, 
            "Spaniard" : 0.00097, 
            "Panamanian" : 0.03218256, 
            "Salvadoran" : 0.0006900000000000001, 
            "Indian" : 0.5568, 
            "Filipino" : 0.00439, 
            "Chinese" : 0.1424, 
            "Japanese" : 0.0011200000000000001, 
            "Korean" : 0.1024, 
            "Thai" : 0.0008100000000000001, 
            "Taiwanese" : 0.0784, 
            "Hmong" : 0.00062
        }, 
        "employment_status" : {
            "Armed Forces" : 0.01184107, 
            "Employed" : 0.51607461, 
            "Unemployed" : 0.05086679, 
            "Other" : 0.42121753
        }, 
        "industries" : {
            "Healthcare" : 0.17910401, 
            "Retail" : 0.14112263, 
            "Manufacturing" : 0.08934965, 
            "Education" : 0.08779303000000001, 
            "Construction" : 0.08162884, 
            "Hospitality" : 0.0700165, 
            "Government" : 0.055446590000000004, 
            "Other Services" : 0.04981165, 
            "Finance & Insurance" : 0.04430124, 
            "Transportation" : 0.03334267, 
            "Administrative" : 0.031443599999999995, 
            "Professional" : 0.02839264, 
            "Wholesalers" : 0.026524700000000002, 
            "Utilities" : 0.01883503, 
            "Information" : 0.01491236, 
            "Real estate" : 0.014756700000000001, 
            "Oil & Gas, and Mining" : 0.01425858, 
            "Agriculture" : 0.011768, 
            "Entertainment" : 0.0071915600000000005, 
            "Management" : 0.0
        }, 
        "educational_attainment" : {
            "Doctorate" : 0.00689708, 
            "Professional" : 0.01176898, 
            "Master's" : 0.05001815, 
            "Bachelor's" : 0.12359336000000001, 
            "Associate's" : 0.10955083, 
            "Some College" : 0.24745419, 
            "High School" : 0.31245104, 
            "Some H.S." : 0.09078925, 
            "Less than H.S." : 0.0359183, 
            "None" : 0.011558820000000001
        }
    }
}