{
    "name" : "Pearl River County", 
	"state" : "Mississippi", 
	"FIPS" : "28109",
    "population" : 55167, 
    "demographics" : {
        "race_and_ethnicity" : {
            "White" : 0.82039988, 
            "Hispanic" : 0.02922037, 
            "Black" : 0.12973336, 
            "Asian" : 0.0032265700000000002, 
            "Mixed" : 0.0148277, 
            "Other" : 0.00259213
        }, 
        "age_and_sex" : {
            "85+" : 0.01637, 
            "80-84" : 0.01624, 
            "75-79" : 0.031939999999999996, 
            "70-74" : 0.048760000000000005, 
            "67-69" : 0.031760000000000004, 
            "65-66" : 0.026680000000000002, 
            "62-64" : 0.04003999999999999, 
            "60-61" : 0.02416, 
            "55-59" : 0.07256, 
            "50-54" : 0.06952, 
            "45-49" : 0.06654, 
            "40-44" : 0.07218, 
            "35-39" : 0.04543, 
            "30-34" : 0.05396, 
            "25-29" : 0.05541, 
            "22-24" : 0.02793, 
            "21" : 0.01456, 
            "20" : 0.02032, 
            "18-19" : 0.03324, 
            "15-17" : 0.04079, 
            "10-14" : 0.07122, 
            "5-9" : 0.06256, 
            "0-4" : 0.05782
        }, 
        "household_types" : {
            "Married" : 0.5227383600000001, 
            "Single Female" : 0.13774763, 
            "Single Male" : 0.03845028, 
            "One-Person" : 0.26705376999999997, 
            "Other Non-Family" : 0.03400995
        }, 
        "marital_status" : {
            "Never Married" : {
                "female" : 0.2195496, 
                "male" : 0.27970422
            }, 
            "Now Married" : {
                "female" : 0.47493865999999996, 
                "male" : 0.512837
            }, 
            "Separated" : {
                "female" : 0.03062566, 
                "male" : 0.020070730000000002
            }, 
            "Absent Spouse" : {
                "female" : 0.02019804, 
                "male" : 0.0272815
            }, 
            "Widowed" : {
                "female" : 0.12416753999999999, 
                "male" : 0.03481376
            }, 
            "Divorced" : {
                "female" : 0.13052049999999998, 
                "male" : 0.12529279000000001
            }
        }, 
        "ancestry" : {
            "Other" : 0.29497707, 
            "Unclassified" : 0.19314083, 
            "American" : 0.18414994, 
            "German" : 0.11612014, 
            "French" : 0.10745554, 
            "Irish" : 0.10596915, 
            "English" : 0.06759476, 
            "Italian" : 0.062011710000000005, 
            "Scottish" : 0.02129896, 
            "Scotch-Irish" : 0.01312379, 
            "European" : 0.00984284, 
            "French Canadian" : 0.00888212, 
            "Polish" : 0.007776389999999999, 
            "Dutch" : 0.00520239, 
            "Welsh" : 0.00518426, 
            "Mexican" : 0.32489191, 
            "Central American" : 0.00953, 
            "Honduran" : 0.31377393000000003, 
            "Other Hispanic" : 0.009210000000000001, 
            "Cuban" : 0.19456454999999998, 
            "Puerto Rican" : 0.00571, 
            "Spaniard" : 0.14700432, 
            "South American" : 0.00431, 
            "Panamanian" : 0.09388511, 
            "Nicaraguan" : 0.0027600000000000003, 
            "Guatemalan" : 0.07041384, 
            "Colombian" : 0.00207, 
            "Peruvian" : 0.06485484999999999, 
            "Costa Rican" : 0.0019, 
            "Spanish" : 0.05003088, 
            "Japanese" : 0.38202247, 
            "Chinese" : 0.00123, 
            "Filipino" : 0.36516854000000004, 
            "Cambodian" : 0.0011799999999999998, 
            "Vietnamese" : 0.15168539
        }, 
        "employment_status" : {
            "Armed Forces" : 0.00193261, 
            "Employed" : 0.4670547, 
            "Unemployed" : 0.059615299999999996, 
            "Other" : 0.47139738999999997
        }, 
        "industries" : {
            "Retail" : 0.13367734, 
            "Healthcare" : 0.12559634, 
            "Manufacturing" : 0.09380781, 
            "Education" : 0.08962126, 
            "Construction" : 0.08290331999999999, 
            "Hospitality" : 0.07345925, 
            "Transportation" : 0.05627495, 
            "Government" : 0.055982859999999995, 
            "Professional" : 0.051845, 
            "Other Services" : 0.047512410000000005, 
            "Administrative" : 0.03451465, 
            "Finance & Insurance" : 0.03324895, 
            "Entertainment" : 0.02555739, 
            "Oil & Gas, and Mining" : 0.025460029999999998, 
            "Wholesalers" : 0.020494599999999998, 
            "Agriculture" : 0.015383119999999998, 
            "Real estate" : 0.014360820000000002, 
            "Information" : 0.0093467, 
            "Utilities" : 0.009200660000000001, 
            "Management" : 0.0017525099999999999
        }, 
        "educational_attainment" : {
            "Doctorate" : 0.00385986, 
            "Professional" : 0.0025372499999999996, 
            "Master's" : 0.03374001, 
            "Bachelor's" : 0.10175988, 
            "Associate's" : 0.11638955, 
            "Some College" : 0.27458972, 
            "High School" : 0.3033632, 
            "Some H.S." : 0.10456705, 
            "Less than H.S." : 0.04585943000000001, 
            "None" : 0.01333405
        }
    }
}