{
    "name" : "Tallahatchie County", 
	"state" : "Mississippi", 
	"FIPS" : "28135",
    "population" : 14776, 
    "demographics" : {
        "race_and_ethnicity" : {
            "White" : 0.35801299, 
            "Hispanic" : 0.15132647999999999, 
            "Black" : 0.46622902000000005, 
            "Asian" : 0.014482950000000001, 
            "Mixed" : 0.00399296, 
            "Other" : 0.0059556
        }, 
        "age_and_sex" : {
            "85+" : 0.02098, 
            "80-84" : 0.01448, 
            "75-79" : 0.02213, 
            "70-74" : 0.03675, 
            "67-69" : 0.01685, 
            "65-66" : 0.02321, 
            "62-64" : 0.03546, 
            "60-61" : 0.0159, 
            "55-59" : 0.06429, 
            "50-54" : 0.05901, 
            "45-49" : 0.05604, 
            "40-44" : 0.07214000000000001, 
            "35-39" : 0.06558, 
            "30-34" : 0.07844000000000001, 
            "25-29" : 0.10429000000000001, 
            "22-24" : 0.06802, 
            "21" : 0.0113, 
            "20" : 0.01577, 
            "18-19" : 0.012589999999999999, 
            "15-17" : 0.031400000000000004, 
            "10-14" : 0.07187, 
            "5-9" : 0.04995, 
            "0-4" : 0.053529999999999994
        }, 
        "household_types" : {
            "Married" : 0.31393462, 
            "Single Female" : 0.24113146, 
            "Single Male" : 0.056805009999999996, 
            "One-Person" : 0.36030605, 
            "Other Non-Family" : 0.02782286
        }, 
        "marital_status" : {
            "Never Married" : {
                "female" : 0.30195994, 
                "male" : 0.51670644
            }, 
            "Now Married" : {
                "female" : 0.29528322, 
                "male" : 0.18390346999999999
            }, 
            "Separated" : {
                "female" : 0.05685978999999999, 
                "male" : 0.04892601
            }, 
            "Absent Spouse" : {
                "female" : 0.04652165, 
                "male" : 0.07133386
            }, 
            "Widowed" : {
                "female" : 0.18070213, 
                "male" : 0.03990984
            }, 
            "Divorced" : {
                "female" : 0.11867327, 
                "male" : 0.13922036999999998
            }
        }, 
        "ancestry" : {
            "Other" : 0.6211423899999999, 
            "Unclassified" : 0.19572279, 
            "Irish" : 0.07613698, 
            "American" : 0.0671359, 
            "English" : 0.05123173, 
            "Welsh" : 0.01603952, 
            "German" : 0.01340011, 
            "Dutch" : 0.01021927, 
            "Mexican" : 0.86803388, 
            "Other Hispanic" : 0.13177, 
            "Central American" : 0.09719125999999999, 
            "Salvadoran" : 0.014750000000000001, 
            "Other Central American" : 0.031208200000000002, 
            "Vietnamese" : 0.3411215, 
            "Filipino" : 0.00494, 
            "Hmong" : 0.11682242999999999, 
            "Chinese" : 0.00169, 
            "Laotian" : 0.11214953, 
            "Not Specified" : 0.0016200000000000001, 
            "Indian" : 0.10747664, 
            "Korean" : 0.00156, 
            "Mixed" : 0.08411215
        }, 
        "employment_status" : {
            "Armed Forces" : 0.0, 
            "Employed" : 0.29785649, 
            "Unemployed" : 0.04659439, 
            "Other" : 0.65554912
        }, 
        "industries" : {
            "Healthcare" : 0.19477633, 
            "Manufacturing" : 0.12864685, 
            "Agriculture" : 0.10947485, 
            "Government" : 0.09141428, 
            "Retail" : 0.0814115, 
            "Education" : 0.06835232000000001, 
            "Construction" : 0.052236729999999995, 
            "Transportation" : 0.04918033, 
            "Other Services" : 0.04667963, 
            "Wholesalers" : 0.04084468, 
            "Professional" : 0.03500972, 
            "Hospitality" : 0.022784110000000003, 
            "Administrative" : 0.02167269, 
            "Finance & Insurance" : 0.01694915, 
            "Entertainment" : 0.01333704, 
            "Oil & Gas, and Mining" : 0.01194776, 
            "Utilities" : 0.01194776, 
            "Information" : 0.0027785500000000003, 
            "Real estate" : 0.0005557100000000001, 
            "Management" : 0.0
        }, 
        "educational_attainment" : {
            "Doctorate" : 0.0047384, 
            "Professional" : 0.0015794700000000001, 
            "Master's" : 0.02003949, 
            "Bachelor's" : 0.06278381000000001, 
            "Associate's" : 0.07788745999999999, 
            "Some College" : 0.17354393, 
            "High School" : 0.33198421000000006, 
            "Some H.S." : 0.21806515, 
            "Less than H.S." : 0.08904245, 
            "None" : 0.020335640000000002
        }
    }
}