{
    "name" : "Sunflower County", 
	"state" : "Mississippi", 
	"FIPS" : "28133",
    "population" : 27424, 
    "demographics" : {
        "race_and_ethnicity" : {
            "White" : 0.24449387, 
            "Hispanic" : 0.01323658, 
            "Black" : 0.7376021, 
            "Asian" : 0.0009116100000000001, 
            "Mixed" : 0.00375583, 
            "Other" : 0.0
        }, 
        "age_and_sex" : {
            "85+" : 0.015609999999999999, 
            "80-84" : 0.014950000000000001, 
            "75-79" : 0.01798, 
            "70-74" : 0.02574, 
            "67-69" : 0.021400000000000002, 
            "65-66" : 0.02053, 
            "62-64" : 0.03398, 
            "60-61" : 0.021259999999999998, 
            "55-59" : 0.06294, 
            "50-54" : 0.06669, 
            "45-49" : 0.06706000000000001, 
            "40-44" : 0.06297, 
            "35-39" : 0.06184, 
            "30-34" : 0.07475, 
            "25-29" : 0.08339, 
            "22-24" : 0.04842, 
            "21" : 0.01714, 
            "20" : 0.01714, 
            "18-19" : 0.031030000000000002, 
            "15-17" : 0.03683, 
            "10-14" : 0.07227, 
            "5-9" : 0.06341000000000001, 
            "0-4" : 0.06265
        }, 
        "household_types" : {
            "Married" : 0.31127307, 
            "Single Female" : 0.29610909, 
            "Single Male" : 0.06723874, 
            "One-Person" : 0.29070177999999997, 
            "Other Non-Family" : 0.03467732
        }, 
        "marital_status" : {
            "Never Married" : {
                "female" : 0.44200445, 
                "male" : 0.51957418
            }, 
            "Now Married" : {
                "female" : 0.25597369000000003, 
                "male" : 0.24141484
            }, 
            "Separated" : {
                "female" : 0.07274838, 
                "male" : 0.04747596
            }, 
            "Absent Spouse" : {
                "female" : 0.01151204, 
                "male" : 0.057606460000000005
            }, 
            "Widowed" : {
                "female" : 0.12547160999999998, 
                "male" : 0.02566964
            }, 
            "Divorced" : {
                "female" : 0.09228982999999999, 
                "male" : 0.10825893
            }
        }, 
        "ancestry" : {
            "Other" : 0.7319136500000001, 
            "American" : 0.10261084999999999, 
            "Unclassified" : 0.07967474000000001, 
            "English" : 0.03372958, 
            "Irish" : 0.02789527, 
            "German" : 0.01804988, 
            "Dutch" : 0.00769399, 
            "French" : 0.00598016, 
            "Scotch-Irish" : 0.005615520000000001, 
            "Mexican" : 0.55299539, 
            "Other Hispanic" : 0.00875, 
            "Puerto Rican" : 0.2718894, 
            "Dominican" : 0.0043, 
            "Cuban" : 0.06682028, 
            "Central American" : 0.00106, 
            "Honduran" : 0.0437788, 
            "Guatemalan" : 0.0006900000000000001, 
            "Chinese" : 0.32, 
            "Filipino" : 0.00029, 
            "Japanese" : 0.32, 
            "Vietnamese" : 0.00029
        }, 
        "employment_status" : {
            "Armed Forces" : 0.00023094, 
            "Employed" : 0.39125213999999997, 
            "Unemployed" : 0.09579233999999999, 
            "Other" : 0.5127245899999999
        }, 
        "industries" : {
            "Healthcare" : 0.17825522, 
            "Retail" : 0.13847244, 
            "Manufacturing" : 0.10282139000000001, 
            "Education" : 0.09396765, 
            "Government" : 0.08169047000000002, 
            "Hospitality" : 0.06988549, 
            "Agriculture" : 0.06598985, 
            "Wholesalers" : 0.045921380000000005, 
            "Transportation" : 0.045095029999999994, 
            "Other Services" : 0.04485893, 
            "Construction" : 0.04426868, 
            "Finance & Insurance" : 0.02479046, 
            "Real estate" : 0.01440208, 
            "Professional" : 0.014284030000000001, 
            "Entertainment" : 0.011096680000000001, 
            "Utilities" : 0.00991618, 
            "Information" : 0.00684689, 
            "Administrative" : 0.00661079, 
            "Oil & Gas, and Mining" : 0.00082635, 
            "Management" : 0.0
        }, 
        "educational_attainment" : {
            "Doctorate" : 0.0047603, 
            "Professional" : 0.0046483, 
            "Master's" : 0.03623432, 
            "Bachelor's" : 0.09576613, 
            "Associate's" : 0.06838038, 
            "Some College" : 0.21914203000000002, 
            "High School" : 0.29653898, 
            "Some H.S." : 0.17870744, 
            "Less than H.S." : 0.07840501999999999, 
            "None" : 0.01741711
        }
    }
}