{
    "name" : "Bolivar County", 
	"state" : "Mississippi", 
	"FIPS" : "28011",
    "population" : 33615, 
    "demographics" : {
        "race_and_ethnicity" : {
            "White" : 0.32321880000000003, 
            "Hispanic" : 0.02008032, 
            "Black" : 0.64358173, 
            "Asian" : 0.00859735, 
            "Mixed" : 0.00232039, 
            "Other" : 0.0022014
        }, 
        "age_and_sex" : {
            "85+" : 0.01788, 
            "80-84" : 0.01458, 
            "75-79" : 0.02059, 
            "70-74" : 0.0326, 
            "67-69" : 0.02793, 
            "65-66" : 0.02683, 
            "62-64" : 0.03573, 
            "60-61" : 0.02347, 
            "55-59" : 0.06432, 
            "50-54" : 0.062, 
            "45-49" : 0.058280000000000005, 
            "40-44" : 0.05545, 
            "35-39" : 0.05753, 
            "30-34" : 0.0667, 
            "25-29" : 0.07107000000000001, 
            "22-24" : 0.0473, 
            "21" : 0.017159999999999998, 
            "20" : 0.014190000000000001, 
            "18-19" : 0.03516, 
            "15-17" : 0.041710000000000004, 
            "10-14" : 0.06726, 
            "5-9" : 0.06973, 
            "0-4" : 0.07253
        }, 
        "household_types" : {
            "Married" : 0.30981108, 
            "Single Female" : 0.27877441000000003, 
            "Single Male" : 0.0437371, 
            "One-Person" : 0.31393872, 
            "Other Non-Family" : 0.05373869
        }, 
        "marital_status" : {
            "Never Married" : {
                "female" : 0.43098768, 
                "male" : 0.4648095
            }, 
            "Now Married" : {
                "female" : 0.27479641, 
                "male" : 0.32765259999999996
            }, 
            "Separated" : {
                "female" : 0.04517297, 
                "male" : 0.041868090000000004
            }, 
            "Absent Spouse" : {
                "female" : 0.01426881, 
                "male" : 0.02154855
            }, 
            "Widowed" : {
                "female" : 0.12869771, 
                "male" : 0.04662024
            }, 
            "Divorced" : {
                "female" : 0.10607643, 
                "male" : 0.09750102
            }
        }, 
        "ancestry" : {
            "Other" : 0.6544399799999999, 
            "Unclassified" : 0.11831028, 
            "American" : 0.09802172, 
            "Irish" : 0.0627101, 
            "English" : 0.03531162, 
            "German" : 0.023144429999999997, 
            "Italian" : 0.01880113, 
            "Dutch" : 0.00934107, 
            "French" : 0.00788339, 
            "Scotch-Irish" : 0.005830729999999999, 
            "Scottish" : 0.0057712300000000005, 
            "Subsaharan African" : 0.005444, 
            "African" : 0.005444, 
            "Mexican" : 0.83783784, 
            "Puerto Rican" : 0.01752, 
            "Other Hispanic" : 0.08250356, 
            "Cuban" : 0.0017299999999999998, 
            "Indian" : 0.58823529, 
            "Chinese" : 0.00506, 
            "Filipino" : 0.23529412
        }, 
        "employment_status" : {
            "Armed Forces" : 7.663e-05, 
            "Employed" : 0.44821641, 
            "Unemployed" : 0.07563508, 
            "Other" : 0.47607188
        }, 
        "industries" : {
            "Healthcare" : 0.15062404000000001, 
            "Education" : 0.1502821, 
            "Retail" : 0.12566251, 
            "Manufacturing" : 0.11360916, 
            "Hospitality" : 0.07120875, 
            "Government" : 0.061719949999999996, 
            "Agriculture" : 0.05898444, 
            "Construction" : 0.055992480000000004, 
            "Transportation" : 0.04351171, 
            "Other Services" : 0.043169769999999996, 
            "Professional" : 0.02769704, 
            "Finance & Insurance" : 0.024192170000000002, 
            "Wholesalers" : 0.020943749999999997, 
            "Administrative" : 0.01718242, 
            "Entertainment" : 0.01102753, 
            "Real estate" : 0.00863395, 
            "Oil & Gas, and Mining" : 0.00564199, 
            "Information" : 0.00530005, 
            "Utilities" : 0.00461617, 
            "Management" : 0.0
        }, 
        "educational_attainment" : {
            "Doctorate" : 0.01030735, 
            "Professional" : 0.01307159, 
            "Master's" : 0.056643549999999994, 
            "Bachelor's" : 0.13483883, 
            "Associate's" : 0.06189093, 
            "Some College" : 0.21968703, 
            "High School" : 0.25163981, 
            "Some H.S." : 0.14940967, 
            "Less than H.S." : 0.09000187, 
            "None" : 0.012509369999999999
        }
    }
}