{
    "name" : "Claiborne County", 
	"state" : "Mississippi", 
	"FIPS" : "28021",
    "population" : 9209, 
    "demographics" : {
        "race_and_ethnicity" : {
            "White" : 0.12618091, 
            "Hispanic" : 0.00423499, 
            "Black" : 0.85839939, 
            "Asian" : 0.00868715, 
            "Mixed" : 0.00043436, 
            "Other" : 0.0020632
        }, 
        "age_and_sex" : {
            "85+" : 0.01737, 
            "80-84" : 0.01705, 
            "75-79" : 0.03019, 
            "70-74" : 0.03464, 
            "67-69" : 0.03399, 
            "65-66" : 0.01672, 
            "62-64" : 0.03334, 
            "60-61" : 0.01965, 
            "55-59" : 0.07319, 
            "50-54" : 0.053970000000000004, 
            "45-49" : 0.0493, 
            "40-44" : 0.04181, 
            "35-39" : 0.05082, 
            "30-34" : 0.048209999999999996, 
            "25-29" : 0.052770000000000004, 
            "22-24" : 0.06048, 
            "21" : 0.03735, 
            "20" : 0.036699999999999997, 
            "18-19" : 0.07536, 
            "15-17" : 0.035070000000000004, 
            "10-14" : 0.07384, 
            "5-9" : 0.05104, 
            "0-4" : 0.05712
        }, 
        "household_types" : {
            "Married" : 0.28142948, 
            "Single Female" : 0.30248883, 
            "Single Male" : 0.07657945, 
            "One-Person" : 0.32195278, 
            "Other Non-Family" : 0.01754946
        }, 
        "marital_status" : {
            "Never Married" : {
                "female" : 0.5004931, 
                "male" : 0.5662927799999999
            }, 
            "Now Married" : {
                "female" : 0.23742604, 
                "male" : 0.27236123
            }, 
            "Separated" : {
                "female" : 0.036735699999999996, 
                "male" : 0.026459589999999998
            }, 
            "Absent Spouse" : {
                "female" : 0.02835306, 
                "male" : 0.027610009999999997
            }, 
            "Widowed" : {
                "female" : 0.11908284, 
                "male" : 0.05694564
            }, 
            "Divorced" : {
                "female" : 0.07790927, 
                "male" : 0.05033074
            }
        }, 
        "ancestry" : {
            "Other" : 0.79183408, 
            "Unclassified" : 0.13475947, 
            "American" : 0.02790748, 
            "English" : 0.01628841, 
            "French" : 0.010424580000000001, 
            "German" : 0.00694972, 
            "Italian" : 0.0061896, 
            "Irish" : 0.0058638299999999996, 
            "Mexican" : 0.7622950799999999, 
            "Cuban" : 0.0101, 
            "Puerto Rican" : 0.14754098000000002, 
            "South American" : 0.0019500000000000001, 
            "Peruvian" : 0.08196721, 
            "Pakistani" : 0.95, 
            "Indian" : 0.00825
        }, 
        "employment_status" : {
            "Armed Forces" : 0.0, 
            "Employed" : 0.32217292000000003, 
            "Unemployed" : 0.08524943, 
            "Other" : 0.59257765
        }, 
        "industries" : {
            "Education" : 0.21702838, 
            "Healthcare" : 0.16944908000000003, 
            "Retail" : 0.10893155, 
            "Manufacturing" : 0.10267111999999999, 
            "Construction" : 0.07846411, 
            "Entertainment" : 0.050918200000000004, 
            "Transportation" : 0.04465776, 
            "Hospitality" : 0.042570949999999996, 
            "Utilities" : 0.040066779999999996, 
            "Government" : 0.03255426, 
            "Finance & Insurance" : 0.02462437, 
            "Professional" : 0.01752922, 
            "Agriculture" : 0.01669449, 
            "Wholesalers" : 0.01669449, 
            "Oil & Gas, and Mining" : 0.01502504, 
            "Other Services" : 0.01043406, 
            "Administrative" : 0.00500835, 
            "Information" : 0.00375626, 
            "Real estate" : 0.0029215400000000002, 
            "Management" : 0.0
        }, 
        "educational_attainment" : {
            "Doctorate" : 0.00909608, 
            "Professional" : 0.012507109999999998, 
            "Master's" : 0.06651507, 
            "Bachelor's" : 0.10403638000000001, 
            "Associate's" : 0.07883267, 
            "Some College" : 0.21660034, 
            "High School" : 0.28804245, 
            "Some H.S." : 0.1413682, 
            "Less than H.S." : 0.05173394, 
            "None" : 0.03126777
        }
    }
}