{
    "name" : "Quitman County", 
	"state" : "Mississippi", 
	"FIPS" : "28119",
    "population" : 7634, 
    "demographics" : {
        "race_and_ethnicity" : {
            "White" : 0.27783599999999997, 
            "Hispanic" : 0.01165837, 
            "Black" : 0.70461095, 
            "Asian" : 0.00091695, 
            "Mixed" : 0.0049777300000000005, 
            "Other" : 0.0
        }, 
        "age_and_sex" : {
            "85+" : 0.020569999999999998, 
            "80-84" : 0.02214, 
            "75-79" : 0.01978, 
            "70-74" : 0.03746, 
            "67-69" : 0.03262, 
            "65-66" : 0.01899, 
            "62-64" : 0.04008, 
            "60-61" : 0.029740000000000003, 
            "55-59" : 0.06589, 
            "50-54" : 0.0689, 
            "45-49" : 0.06956000000000001, 
            "40-44" : 0.06825, 
            "35-39" : 0.05724, 
            "30-34" : 0.046369999999999995, 
            "25-29" : 0.06117, 
            "22-24" : 0.04061, 
            "21" : 0.009300000000000001, 
            "20" : 0.02581, 
            "18-19" : 0.01546, 
            "15-17" : 0.04545, 
            "10-14" : 0.07034, 
            "5-9" : 0.06681, 
            "0-4" : 0.06746
        }, 
        "household_types" : {
            "Married" : 0.31670496, 
            "Single Female" : 0.23596981, 
            "Single Male" : 0.06432557, 
            "One-Person" : 0.35313423, 
            "Other Non-Family" : 0.02986544
        }, 
        "marital_status" : {
            "Never Married" : {
                "female" : 0.3980344, 
                "male" : 0.43607955
            }, 
            "Now Married" : {
                "female" : 0.2767199, 
                "male" : 0.37819602
            }, 
            "Separated" : {
                "female" : 0.06664619, 
                "male" : 0.03267045
            }, 
            "Absent Spouse" : {
                "female" : 0.021191650000000003, 
                "male" : 0.02911932
            }, 
            "Widowed" : {
                "female" : 0.14588452, 
                "male" : 0.03515625
            }, 
            "Divorced" : {
                "female" : 0.09152334, 
                "male" : 0.08877841
            }
        }, 
        "ancestry" : {
            "Other" : 0.71548336, 
            "English" : 0.07427299, 
            "Irish" : 0.07361802, 
            "Unclassified" : 0.06706838, 
            "American" : 0.0334032, 
            "German" : 0.024888659999999996, 
            "Arab" : 0.01676709, 
            "Other Arab" : 0.01676709, 
            "Scotch-Irish" : 0.01454021, 
            "Scottish" : 0.01218234, 
            "French" : 0.00576369, 
            "Subsaharan African" : 0.005501700000000001, 
            "African" : 0.005501700000000001, 
            "Mexican" : 0.8764044900000001, 
            "Central American" : 0.01022, 
            "Salvadoran" : 0.12359550999999999, 
            "Honduran" : 0.0014399999999999999, 
            "Chinese" : 1.0
        }, 
        "employment_status" : {
            "Armed Forces" : 0.0, 
            "Employed" : 0.37652976000000005, 
            "Unemployed" : 0.13294216, 
            "Other" : 0.49052808
        }, 
        "industries" : {
            "Healthcare" : 0.14158504, 
            "Education" : 0.11798753, 
            "Entertainment" : 0.11264469999999999, 
            "Manufacturing" : 0.09706144, 
            "Retail" : 0.08904719999999999, 
            "Government" : 0.07390917, 
            "Agriculture" : 0.05921638, 
            "Construction" : 0.05877115, 
            "Finance & Insurance" : 0.04496883, 
            "Hospitality" : 0.04318789, 
            "Transportation" : 0.04229742, 
            "Other Services" : 0.03873553, 
            "Administrative" : 0.03650935, 
            "Wholesalers" : 0.01780944, 
            "Professional" : 0.01513802, 
            "Real estate" : 0.006233300000000001, 
            "Utilities" : 0.0031166500000000003, 
            "Information" : 0.00178094, 
            "Oil & Gas, and Mining" : 0.0, 
            "Management" : 0.0
        }, 
        "educational_attainment" : {
            "Doctorate" : 0.0, 
            "Professional" : 0.00715848, 
            "Master's" : 0.02863392, 
            "Bachelor's" : 0.09345794, 
            "Associate's" : 0.07098827, 
            "Some College" : 0.16384967, 
            "High School" : 0.31179161, 
            "Some H.S." : 0.18293895, 
            "Less than H.S." : 0.12467687, 
            "None" : 0.01650428
        }
    }
}