{
    "name" : "Yazoo County", 
	"state" : "Mississippi", 
	"FIPS" : "28163",
    "population" : 27719, 
    "demographics" : {
        "race_and_ethnicity" : {
            "White" : 0.36036654, 
            "Hispanic" : 0.0329377, 
            "Black" : 0.5907861, 
            "Asian" : 0.00487031, 
            "Mixed" : 0.00966846, 
            "Other" : 0.0013709
        }, 
        "age_and_sex" : {
            "85+" : 0.015300000000000001, 
            "80-84" : 0.01768, 
            "75-79" : 0.024169999999999997, 
            "70-74" : 0.03232, 
            "67-69" : 0.01923, 
            "65-66" : 0.016200000000000003, 
            "62-64" : 0.02666, 
            "60-61" : 0.01761, 
            "55-59" : 0.06833, 
            "50-54" : 0.06432, 
            "45-49" : 0.06266, 
            "40-44" : 0.06844, 
            "35-39" : 0.07475, 
            "30-34" : 0.08431, 
            "25-29" : 0.078, 
            "22-24" : 0.03709, 
            "21" : 0.017390000000000003, 
            "20" : 0.01209, 
            "18-19" : 0.020640000000000002, 
            "15-17" : 0.04044, 
            "10-14" : 0.07031, 
            "5-9" : 0.06674000000000001, 
            "0-4" : 0.06533
        }, 
        "household_types" : {
            "Married" : 0.33607494000000004, 
            "Single Female" : 0.26559287000000004, 
            "Single Male" : 0.05883025, 
            "One-Person" : 0.30740233, 
            "Other Non-Family" : 0.03209961
        }, 
        "marital_status" : {
            "Never Married" : {
                "female" : 0.38489246, 
                "male" : 0.50185604
            }, 
            "Now Married" : {
                "female" : 0.31110424999999997, 
                "male" : 0.25435765
            }, 
            "Separated" : {
                "female" : 0.04250283, 
                "male" : 0.050193669999999996
            }, 
            "Absent Spouse" : {
                "female" : 0.0206854, 
                "male" : 0.06786637
            }, 
            "Widowed" : {
                "female" : 0.12431821, 
                "male" : 0.025823109999999996
            }, 
            "Divorced" : {
                "female" : 0.11649686000000001, 
                "male" : 0.09990316
            }
        }, 
        "ancestry" : {
            "Other" : 0.61676107, 
            "Unclassified" : 0.15563332000000002, 
            "American" : 0.12904506, 
            "Irish" : 0.03503012, 
            "English" : 0.03438075, 
            "German" : 0.02063567, 
            "Subsaharan African" : 0.01706411, 
            "African" : 0.008946929999999999, 
            "Scotch-Irish" : 0.007503880000000001, 
            "Nigerian" : 0.007323499999999999, 
            "French" : 0.0068905799999999994, 
            "West Indian" : 0.005267150000000001, 
            "Italian" : 0.00519499, 
            "Mexican" : 0.6166832200000001, 
            "Puerto Rican" : 0.022400000000000003, 
            "Other Hispanic" : 0.17874876, 
            "Cuban" : 0.00649, 
            "Central American" : 0.05561072, 
            "South American" : 0.00202, 
            "Peruvian" : 0.051638529999999995, 
            "Spaniard" : 0.00188, 
            "Guatemalan" : 0.04965243, 
            "Honduran" : 0.0018, 
            "Salvadoran" : 0.04766634, 
            "Vietnamese" : 0.53333333, 
            "Filipino" : 0.0026, 
            "Indian" : 0.22222222, 
            "Korean" : 0.00108
        }, 
        "employment_status" : {
            "Armed Forces" : 0.0, 
            "Employed" : 0.37535528, 
            "Unemployed" : 0.08187403, 
            "Other" : 0.5427707
        }, 
        "industries" : {
            "Healthcare" : 0.17489007999999998, 
            "Manufacturing" : 0.13935027, 
            "Government" : 0.08964338, 
            "Retail" : 0.08903273, 
            "Education" : 0.07596483, 
            "Construction" : 0.06656081999999999, 
            "Hospitality" : 0.05569126, 
            "Transportation" : 0.047630679999999995, 
            "Other Services" : 0.04237909, 
            "Finance & Insurance" : 0.0420127, 
            "Wholesalers" : 0.032608700000000004, 
            "Administrative" : 0.03212018, 
            "Agriculture" : 0.03065462, 
            "Professional" : 0.02210552, 
            "Oil & Gas, and Mining" : 0.02088422, 
            "Real estate" : 0.01160234, 
            "Entertainment" : 0.01013679, 
            "Utilities" : 0.00928188, 
            "Information" : 0.0074499300000000004, 
            "Management" : 0.0
        }, 
        "educational_attainment" : {
            "Doctorate" : 0.00700016, 
            "Professional" : 0.00479242, 
            "Master's" : 0.03699316, 
            "Bachelor's" : 0.07974799, 
            "Associate's" : 0.05470895, 
            "Some College" : 0.19837381, 
            "High School" : 0.38463195, 
            "Some H.S." : 0.15454203, 
            "Less than H.S." : 0.04808573, 
            "None" : 0.0311238
        }
    }
}