{
    "name" : "Bullitt County", 
	"state" : "Kentucky", 
	"FIPS" : "21029",
    "population" : 77727, 
    "demographics" : {
        "race_and_ethnicity" : {
            "White" : 0.95111094, 
            "Hispanic" : 0.0160176, 
            "Black" : 0.006252649999999999, 
            "Asian" : 0.005236279999999999, 
            "Mixed" : 0.0175486, 
            "Other" : 0.0038339299999999997
        }, 
        "age_and_sex" : {
            "85+" : 0.01213, 
            "80-84" : 0.01155, 
            "75-79" : 0.02342, 
            "70-74" : 0.036680000000000004, 
            "67-69" : 0.03058, 
            "65-66" : 0.02188, 
            "62-64" : 0.03782, 
            "60-61" : 0.02434, 
            "55-59" : 0.07046000000000001, 
            "50-54" : 0.07879, 
            "45-49" : 0.07531, 
            "40-44" : 0.07277, 
            "35-39" : 0.06439, 
            "30-34" : 0.06368, 
            "25-29" : 0.059210000000000006, 
            "22-24" : 0.03503, 
            "21" : 0.01167, 
            "20" : 0.01518, 
            "18-19" : 0.02303, 
            "15-17" : 0.04279, 
            "10-14" : 0.07013, 
            "5-9" : 0.06577, 
            "0-4" : 0.05337
        }, 
        "household_types" : {
            "Married" : 0.56054393, 
            "Single Female" : 0.12168366000000001, 
            "Single Male" : 0.05852872, 
            "One-Person" : 0.2131567, 
            "Other Non-Family" : 0.046086989999999994
        }, 
        "marital_status" : {
            "Never Married" : {
                "female" : 0.22456621999999998, 
                "male" : 0.29242542
            }, 
            "Now Married" : {
                "female" : 0.50992385, 
                "male" : 0.52918765
            }, 
            "Separated" : {
                "female" : 0.02259393, 
                "male" : 0.01294718
            }, 
            "Absent Spouse" : {
                "female" : 0.016883040000000002, 
                "male" : 0.0118817
            }, 
            "Widowed" : {
                "female" : 0.08656847000000001, 
                "male" : 0.02892936
            }, 
            "Divorced" : {
                "female" : 0.13946449, 
                "male" : 0.12462870000000001
            }
        }, 
        "ancestry" : {
            "Unclassified" : 0.26454128, 
            "American" : 0.24888390999999999, 
            "German" : 0.16672456, 
            "Other" : 0.1529327, 
            "Irish" : 0.14257593999999998, 
            "English" : 0.0857617, 
            "Italian" : 0.02072639, 
            "French" : 0.0164293, 
            "Scottish" : 0.01501409, 
            "Dutch" : 0.013290109999999999, 
            "European" : 0.01307139, 
            "Polish" : 0.009571960000000001, 
            "Scotch-Irish" : 0.00953337, 
            "British" : 0.007552069999999999, 
            "Welsh" : 0.007140379999999999, 
            "Mexican" : 0.38333333, 
            "South American" : 0.00651, 
            "Puerto Rican" : 0.17045455, 
            "Other Hispanic" : 0.0028899999999999998, 
            "Cuban" : 0.15909091, 
            "Spaniard" : 0.0027, 
            "Peruvian" : 0.13863636, 
            "Colombian" : 0.0023499999999999997, 
            "Spanish" : 0.13787879, 
            "Venezuelan" : 0.00234, 
            "Dominican" : 0.11893938999999999, 
            "Korean" : 0.23832924, 
            "Indian" : 0.00125, 
            "Chinese" : 0.17936118, 
            "Mixed" : 0.00094, 
            "Filipino" : 0.14742015, 
            "Hmong" : 0.00077, 
            "Japanese" : 0.12039312, 
            "Vietnamese" : 0.00063, 
            "Cambodian" : 0.11793611999999999, 
            "Laotian" : 0.00062
        }, 
        "employment_status" : {
            "Armed Forces" : 0.0012110600000000001, 
            "Employed" : 0.61402574, 
            "Unemployed" : 0.0443411, 
            "Other" : 0.34042209999999995
        }, 
        "industries" : {
            "Manufacturing" : 0.16854258000000003, 
            "Retail" : 0.12578236, 
            "Healthcare" : 0.12196918, 
            "Transportation" : 0.1014043, 
            "Construction" : 0.06306212, 
            "Education" : 0.057276600000000004, 
            "Other Services" : 0.05580392, 
            "Finance & Insurance" : 0.05538316, 
            "Hospitality" : 0.04665229, 
            "Administrative" : 0.03473939, 
            "Professional" : 0.03423973, 
            "Wholesalers" : 0.03329301, 
            "Government" : 0.029532430000000002, 
            "Information" : 0.02606112, 
            "Real estate" : 0.01330668, 
            "Entertainment" : 0.01209699, 
            "Utilities" : 0.011702520000000001, 
            "Agriculture" : 0.00649556, 
            "Management" : 0.0024457000000000003, 
            "Oil & Gas, and Mining" : 0.00021038
        }, 
        "educational_attainment" : {
            "Doctorate" : 0.00271238, 
            "Professional" : 0.00792993, 
            "Master's" : 0.03961198, 
            "Bachelor's" : 0.09161801, 
            "Associate's" : 0.09207007, 
            "Some College" : 0.22279149, 
            "High School" : 0.41054813, 
            "Some H.S." : 0.09278584000000001, 
            "Less than H.S." : 0.03136184, 
            "None" : 0.00857035
        }
    }
}