{
    "name" : "Mccreary County", 
	"state" : "Kentucky", 
	"FIPS" : "21147",
    "population" : 17850, 
    "demographics" : {
        "race_and_ethnicity" : {
            "White" : 0.89848739, 
            "Hispanic" : 0.027114850000000003, 
            "Black" : 0.059271710000000005, 
            "Asian" : 0.0018487400000000002, 
            "Mixed" : 0.00689076, 
            "Other" : 0.0063865499999999995
        }, 
        "age_and_sex" : {
            "85+" : 0.00773, 
            "80-84" : 0.00936, 
            "75-79" : 0.0321, 
            "70-74" : 0.03501, 
            "67-69" : 0.030699999999999998, 
            "65-66" : 0.02275, 
            "62-64" : 0.032440000000000004, 
            "60-61" : 0.02936, 
            "55-59" : 0.06347, 
            "50-54" : 0.07227, 
            "45-49" : 0.07563, 
            "40-44" : 0.07888, 
            "35-39" : 0.06599000000000001, 
            "30-34" : 0.07008, 
            "25-29" : 0.06235, 
            "22-24" : 0.026779999999999998, 
            "21" : 0.011430000000000001, 
            "20" : 0.01776, 
            "18-19" : 0.03188, 
            "15-17" : 0.04045, 
            "10-14" : 0.06034, 
            "5-9" : 0.06157, 
            "0-4" : 0.06168
        }, 
        "household_types" : {
            "Married" : 0.5017594400000001, 
            "Single Female" : 0.12603967000000002, 
            "Single Male" : 0.09101088, 
            "One-Person" : 0.26519514, 
            "Other Non-Family" : 0.01599488
        }, 
        "marital_status" : {
            "Never Married" : {
                "female" : 0.20982348, 
                "male" : 0.36994290999999996
            }, 
            "Now Married" : {
                "female" : 0.50314658, 
                "male" : 0.37316952000000003
            }, 
            "Separated" : {
                "female" : 0.04113584000000001, 
                "male" : 0.02655746
            }, 
            "Absent Spouse" : {
                "female" : 0.01396777, 
                "male" : 0.04901961
            }, 
            "Widowed" : {
                "female" : 0.09301612000000001, 
                "male" : 0.031521469999999996
            }, 
            "Divorced" : {
                "female" : 0.13891021, 
                "male" : 0.14978903000000002
            }
        }, 
        "ancestry" : {
            "American" : 0.36778711000000003, 
            "Unclassified" : 0.28162465000000003, 
            "Other" : 0.18364146, 
            "Irish" : 0.07960784, 
            "German" : 0.05389356, 
            "English" : 0.04672269, 
            "Italian" : 0.02565826, 
            "Scottish" : 0.01557423, 
            "French" : 0.01338936, 
            "Scotch-Irish" : 0.01159664, 
            "Polish" : 0.0087395, 
            "Subsaharan African" : 0.00773109, 
            "African" : 0.00605042, 
            "Dutch" : 0.005378150000000001, 
            "Puerto Rican" : 0.38961039, 
            "Central American" : 0.01176, 
            "Costa Rican" : 0.27643785, 
            "Mexican" : 0.00835, 
            "Cuban" : 0.24489795999999997, 
            "Dominican" : 0.00739, 
            "Salvadoran" : 0.23005566000000002, 
            "Honduran" : 0.00695, 
            "Other Hispanic" : 0.05565863, 
            "Spaniard" : 0.00168, 
            "Pakistani" : 1.0
        }, 
        "employment_status" : {
            "Armed Forces" : 0.0, 
            "Employed" : 0.30981019, 
            "Unemployed" : 0.06639783, 
            "Other" : 0.62379198
        }, 
        "industries" : {
            "Retail" : 0.15417415, 
            "Manufacturing" : 0.13218132999999999, 
            "Healthcare" : 0.12208259, 
            "Education" : 0.10076302, 
            "Hospitality" : 0.07405745, 
            "Construction" : 0.06867145, 
            "Transportation" : 0.06732496, 
            "Government" : 0.03837522, 
            "Information" : 0.03478456, 
            "Administrative" : 0.03411131, 
            "Professional" : 0.02760323, 
            "Finance & Insurance" : 0.027154400000000002, 
            "Agriculture" : 0.02670557, 
            "Wholesalers" : 0.02356373, 
            "Real estate" : 0.02333932, 
            "Other Services" : 0.02064632, 
            "Utilities" : 0.01638241, 
            "Entertainment" : 0.0049371599999999995, 
            "Oil & Gas, and Mining" : 0.00314183, 
            "Management" : 0.0
        }, 
        "educational_attainment" : {
            "Doctorate" : 0.00089555, 
            "Professional" : 0.006594480000000001, 
            "Master's" : 0.03020435, 
            "Bachelor's" : 0.03932264, 
            "Associate's" : 0.09199707, 
            "Some College" : 0.1502076, 
            "High School" : 0.4029146, 
            "Some H.S." : 0.1446715, 
            "Less than H.S." : 0.11837499, 
            "None" : 0.014817229999999999
        }
    }
}