{
    "name" : "Wolfe County", 
	"state" : "Kentucky", 
	"FIPS" : "21237",
    "population" : 7221, 
    "demographics" : {
        "race_and_ethnicity" : {
            "White" : 0.98296635, 
            "Hispanic" : 0.0027697, 
            "Black" : 0.00332364, 
            "Asian" : 0.0, 
            "Mixed" : 0.00387758, 
            "Other" : 0.007062730000000001
        }, 
        "age_and_sex" : {
            "85+" : 0.01191, 
            "80-84" : 0.01357, 
            "75-79" : 0.04224, 
            "70-74" : 0.04612, 
            "67-69" : 0.0277, 
            "65-66" : 0.03531, 
            "62-64" : 0.03005, 
            "60-61" : 0.03199, 
            "55-59" : 0.08045999999999999, 
            "50-54" : 0.08032, 
            "45-49" : 0.06578, 
            "40-44" : 0.07200999999999999, 
            "35-39" : 0.06329, 
            "30-34" : 0.04321, 
            "25-29" : 0.05096, 
            "22-24" : 0.02645, 
            "21" : 0.01482, 
            "20" : 0.011359999999999999, 
            "18-19" : 0.01565, 
            "15-17" : 0.0403, 
            "10-14" : 0.08489000000000001, 
            "5-9" : 0.05069, 
            "0-4" : 0.06093
        }, 
        "household_types" : {
            "Married" : 0.46084857, 
            "Single Female" : 0.15177647, 
            "Single Male" : 0.04691273, 
            "One-Person" : 0.29113487, 
            "Other Non-Family" : 0.04932735
        }, 
        "marital_status" : {
            "Never Married" : {
                "female" : 0.17680105999999998, 
                "male" : 0.27557637
            }, 
            "Now Married" : {
                "female" : 0.46034368999999997, 
                "male" : 0.47442363
            }, 
            "Separated" : {
                "female" : 0.04560476, 
                "male" : 0.029178670000000004
            }, 
            "Absent Spouse" : {
                "female" : 0.01949769, 
                "male" : 0.02377522
            }, 
            "Widowed" : {
                "female" : 0.12458691, 
                "male" : 0.02737752
            }, 
            "Divorced" : {
                "female" : 0.1731659, 
                "male" : 0.16966859
            }
        }, 
        "employment_status" : {
            "Armed Forces" : 0.0, 
            "Employed" : 0.32858149, 
            "Unemployed" : 0.03731081, 
            "Other" : 0.63410771
        }, 
        "industries" : {
            "Education" : 0.16657740000000001, 
            "Manufacturing" : 0.13658275, 
            "Healthcare" : 0.11997858, 
            "Government" : 0.11194430000000001, 
            "Construction" : 0.09694697, 
            "Hospitality" : 0.08891268999999999, 
            "Retail" : 0.07123728, 
            "Other Services" : 0.041242640000000004, 
            "Real estate" : 0.02945903, 
            "Transportation" : 0.02517408, 
            "Information" : 0.01928227, 
            "Professional" : 0.01821103, 
            "Oil & Gas, and Mining" : 0.01606856, 
            "Utilities" : 0.01392608, 
            "Entertainment" : 0.01285485, 
            "Administrative" : 0.01178361, 
            "Wholesalers" : 0.011247990000000001, 
            "Agriculture" : 0.0085699, 
            "Finance & Insurance" : 0.0, 
            "Management" : 0.0
        }, 
        "educational_attainment" : {
            "Doctorate" : 0.0017935400000000002, 
            "Professional" : 0.00358709, 
            "Master's" : 0.06038262, 
            "Bachelor's" : 0.052411320000000004, 
            "Associate's" : 0.04085293, 
            "Some College" : 0.14308489, 
            "High School" : 0.39258668999999996, 
            "Some H.S." : 0.15663611, 
            "Less than H.S." : 0.14009565999999998, 
            "None" : 0.00856915
        }
    }
}