{
    "name" : "Floyd County", 
	"state" : "Kentucky", 
	"FIPS" : "21071",
    "population" : 38144, 
    "demographics" : {
        "race_and_ethnicity" : {
            "White" : 0.97370491, 
            "Hispanic" : 0.00686871, 
            "Black" : 0.00731439, 
            "Asian" : 0.00298867, 
            "Mixed" : 0.00810088, 
            "Other" : 0.0010224400000000001
        }, 
        "age_and_sex" : {
            "85+" : 0.01424, 
            "80-84" : 0.01958, 
            "75-79" : 0.02719, 
            "70-74" : 0.03765, 
            "67-69" : 0.02886, 
            "65-66" : 0.03036, 
            "62-64" : 0.04638, 
            "60-61" : 0.02622, 
            "55-59" : 0.07422, 
            "50-54" : 0.07267, 
            "45-49" : 0.06953000000000001, 
            "40-44" : 0.06829, 
            "35-39" : 0.06048, 
            "30-34" : 0.06203, 
            "25-29" : 0.0582, 
            "22-24" : 0.02847, 
            "21" : 0.017589999999999998, 
            "20" : 0.016200000000000003, 
            "18-19" : 0.021789999999999997, 
            "15-17" : 0.03796, 
            "10-14" : 0.05899, 
            "5-9" : 0.05946, 
            "0-4" : 0.06365
        }, 
        "household_types" : {
            "Married" : 0.48952931, 
            "Single Female" : 0.14265081999999998, 
            "Single Male" : 0.055274729999999994, 
            "One-Person" : 0.28306965, 
            "Other Non-Family" : 0.02947548
        }, 
        "marital_status" : {
            "Never Married" : {
                "female" : 0.19844912999999997, 
                "male" : 0.31051863999999996
            }, 
            "Now Married" : {
                "female" : 0.49745658, 
                "male" : 0.48381748
            }, 
            "Separated" : {
                "female" : 0.026054590000000002, 
                "male" : 0.02036079
            }, 
            "Absent Spouse" : {
                "female" : 0.01544665, 
                "male" : 0.01624884
            }, 
            "Widowed" : {
                "female" : 0.12047146, 
                "male" : 0.04184905
            }, 
            "Divorced" : {
                "female" : 0.14212159, 
                "male" : 0.12720520000000002
            }
        }, 
        "ancestry" : {
            "Unclassified" : 0.39466233, 
            "American" : 0.26675231, 
            "Other" : 0.11611263, 
            "English" : 0.09118079, 
            "Irish" : 0.08559668999999999, 
            "German" : 0.06137269, 
            "Scotch-Irish" : 0.019740979999999998, 
            "French" : 0.01213821, 
            "Scottish" : 0.00904467, 
            "Dutch" : 0.00679006, 
            "Italian" : 0.00576762, 
            "Mexican" : 0.46181818, 
            "Central American" : 0.00333, 
            "Cuban" : 0.19636364, 
            "Puerto Rican" : 0.0014199999999999998, 
            "Guatemalan" : 0.17090908999999999, 
            "Honduran" : 0.00123, 
            "Dominican" : 0.13818182, 
            "Indian" : 0.7192982499999999, 
            "Filipino" : 0.00215
        }, 
        "employment_status" : {
            "Armed Forces" : 0.00032423, 
            "Employed" : 0.3702743, 
            "Unemployed" : 0.04659231, 
            "Other" : 0.5828091599999999
        }, 
        "industries" : {
            "Healthcare" : 0.18782837, 
            "Retail" : 0.14001751, 
            "Education" : 0.11444834, 
            "Hospitality" : 0.07075306, 
            "Oil & Gas, and Mining" : 0.06961471000000001, 
            "Construction" : 0.06541156, 
            "Government" : 0.051401050000000004, 
            "Manufacturing" : 0.042206650000000005, 
            "Professional" : 0.03756567, 
            "Transportation" : 0.03730298, 
            "Wholesalers" : 0.03660245, 
            "Other Services" : 0.03423818, 
            "Finance & Insurance" : 0.02977233, 
            "Administrative" : 0.02154116, 
            "Information" : 0.01996497, 
            "Utilities" : 0.013222419999999999, 
            "Entertainment" : 0.01252189, 
            "Real estate" : 0.01024518, 
            "Agriculture" : 0.005341510000000001, 
            "Management" : 0.0
        }, 
        "educational_attainment" : {
            "Doctorate" : 0.00414406, 
            "Professional" : 0.00979506, 
            "Master's" : 0.046149789999999996, 
            "Bachelor's" : 0.0575648, 
            "Associate's" : 0.06592827, 
            "Some College" : 0.21194997000000002, 
            "High School" : 0.36222875000000004, 
            "Some H.S." : 0.12744876, 
            "Less than H.S." : 0.10669078000000001, 
            "None" : 0.008099760000000001
        }
    }
}