{
    "name" : "Gallatin County", 
	"state" : "Kentucky", 
	"FIPS" : "21077",
    "population" : 8543, 
    "demographics" : {
        "race_and_ethnicity" : {
            "White" : 0.91454992, 
            "Hispanic" : 0.05115299, 
            "Black" : 0.00409692, 
            "Asian" : 0.00760857, 
            "Mixed" : 0.0225916, 
            "Other" : 0.0
        }, 
        "age_and_sex" : {
            "85+" : 0.00819, 
            "80-84" : 0.0137, 
            "75-79" : 0.016040000000000002, 
            "70-74" : 0.02891, 
            "67-69" : 0.03055, 
            "65-66" : 0.023530000000000002, 
            "62-64" : 0.03793, 
            "60-61" : 0.028210000000000002, 
            "55-59" : 0.07, 
            "50-54" : 0.08077, 
            "45-49" : 0.07397999999999999, 
            "40-44" : 0.051500000000000004, 
            "35-39" : 0.07269, 
            "30-34" : 0.057359999999999994, 
            "25-29" : 0.06426, 
            "22-24" : 0.02681, 
            "21" : 0.00878, 
            "20" : 0.021070000000000002, 
            "18-19" : 0.02774, 
            "15-17" : 0.046239999999999996, 
            "10-14" : 0.07058, 
            "5-9" : 0.06753999999999999, 
            "0-4" : 0.07363
        }, 
        "household_types" : {
            "Married" : 0.50236327, 
            "Single Female" : 0.12727887000000002, 
            "Single Male" : 0.05469278, 
            "One-Person" : 0.28089129, 
            "Other Non-Family" : 0.0347738
        }, 
        "marital_status" : {
            "Never Married" : {
                "female" : 0.21939539, 
                "male" : 0.28234601000000004
            }, 
            "Now Married" : {
                "female" : 0.44866806, 
                "male" : 0.43913939999999996
            }, 
            "Separated" : {
                "female" : 0.02304699, 
                "male" : 0.01414677
            }, 
            "Absent Spouse" : {
                "female" : 0.060760249999999995, 
                "male" : 0.09313292000000001
            }, 
            "Widowed" : {
                "female" : 0.07273271, 
                "male" : 0.012378430000000001
            }, 
            "Divorced" : {
                "female" : 0.17539659, 
                "male" : 0.15885647
            }
        }, 
        "ancestry" : {
            "Unclassified" : 0.32108159000000003, 
            "German" : 0.2377385, 
            "Other" : 0.19864215999999998, 
            "Irish" : 0.18178626, 
            "American" : 0.0978579, 
            "English" : 0.048694839999999996, 
            "Italian" : 0.048460729999999994, 
            "Scottish" : 0.01779234, 
            "European" : 0.014631860000000002, 
            "Canadian" : 0.01369542, 
            "Dutch" : 0.01240782, 
            "Polish" : 0.00819384, 
            "Welsh" : 0.00737446, 
            "French" : 0.007257400000000001, 
            "Scotch-Irish" : 0.00655507, 
            "Mexican" : 0.64988558, 
            "Central American" : 0.03324, 
            "Guatemalan" : 0.23112127999999998, 
            "Other Hispanic" : 0.011819999999999999, 
            "Spanish" : 0.19221968, 
            "Costa Rican" : 0.00983, 
            "Thai" : 0.56923077, 
            "Filipino" : 0.00433, 
            "Chinese" : 0.36923077
        }, 
        "employment_status" : {
            "Armed Forces" : 0.0007617300000000001, 
            "Employed" : 0.5510359499999999, 
            "Unemployed" : 0.03503961, 
            "Other" : 0.41316271
        }, 
        "industries" : {
            "Manufacturing" : 0.23831904999999998, 
            "Construction" : 0.09787116, 
            "Retail" : 0.07685928, 
            "Healthcare" : 0.07685928, 
            "Transportation" : 0.06911805, 
            "Government" : 0.06580039, 
            "Education" : 0.05916505, 
            "Administrative" : 0.05225325, 
            "Hospitality" : 0.042300250000000005, 
            "Wholesalers" : 0.039812, 
            "Professional" : 0.03428255, 
            "Finance & Insurance" : 0.03234725, 
            "Agriculture" : 0.02654133, 
            "Entertainment" : 0.025435439999999997, 
            "Other Services" : 0.024053079999999998, 
            "Utilities" : 0.017141280000000002, 
            "Real estate" : 0.01050594, 
            "Information" : 0.00940006, 
            "Oil & Gas, and Mining" : 0.00193531, 
            "Management" : 0.0
        }, 
        "educational_attainment" : {
            "Doctorate" : 0.0026699899999999997, 
            "Professional" : 0.00391598, 
            "Master's" : 0.02064792, 
            "Bachelor's" : 0.07244571, 
            "Associate's" : 0.041295830000000006, 
            "Some College" : 0.21804912999999998, 
            "High School" : 0.44428621999999995, 
            "Some H.S." : 0.12602349999999998, 
            "Less than H.S." : 0.061587750000000004, 
            "None" : 0.009077960000000001
        }
    }
}