{
    "name" : "Henry County", 
	"state" : "Kentucky", 
	"FIPS" : "21103",
    "population" : 15528, 
    "demographics" : {
        "race_and_ethnicity" : {
            "White" : 0.91846986, 
            "Hispanic" : 0.032650700000000005, 
            "Black" : 0.03471149, 
            "Asian" : 0.0, 
            "Mixed" : 0.01075477, 
            "Other" : 0.00341319
        }, 
        "age_and_sex" : {
            "85+" : 0.01282, 
            "80-84" : 0.01687, 
            "75-79" : 0.03104, 
            "70-74" : 0.04154, 
            "67-69" : 0.0351, 
            "65-66" : 0.020870000000000003, 
            "62-64" : 0.035230000000000004, 
            "60-61" : 0.03471, 
            "55-59" : 0.07740999999999999, 
            "50-54" : 0.07889, 
            "45-49" : 0.07148, 
            "40-44" : 0.06387999999999999, 
            "35-39" : 0.05738000000000001, 
            "30-34" : 0.05744, 
            "25-29" : 0.05023, 
            "22-24" : 0.02685, 
            "21" : 0.01397, 
            "20" : 0.01236, 
            "18-19" : 0.02563, 
            "15-17" : 0.04347, 
            "10-14" : 0.06665, 
            "5-9" : 0.06891, 
            "0-4" : 0.057249999999999995
        }, 
        "household_types" : {
            "Married" : 0.52735157, 
            "Single Female" : 0.12458306000000001, 
            "Single Male" : 0.05953969, 
            "One-Person" : 0.24733155, 
            "Other Non-Family" : 0.041194129999999995
        }, 
        "marital_status" : {
            "Never Married" : {
                "female" : 0.20883534, 
                "male" : 0.25660066
            }, 
            "Now Married" : {
                "female" : 0.49799197, 
                "male" : 0.53630363
            }, 
            "Separated" : {
                "female" : 0.02347853, 
                "male" : 0.02953795
            }, 
            "Absent Spouse" : {
                "female" : 0.02069818, 
                "male" : 0.021617160000000003
            }, 
            "Widowed" : {
                "female" : 0.11970961000000001, 
                "male" : 0.03580858
            }, 
            "Divorced" : {
                "female" : 0.12928638, 
                "male" : 0.12013201000000001
            }
        }, 
        "employment_status" : {
            "Armed Forces" : 0.0, 
            "Employed" : 0.57888763, 
            "Unemployed" : 0.0393222, 
            "Other" : 0.38179017000000004
        }, 
        "industries" : {
            "Manufacturing" : 0.18487394999999998, 
            "Healthcare" : 0.15280112, 
            "Retail" : 0.1254902, 
            "Construction" : 0.0859944, 
            "Hospitality" : 0.06610644, 
            "Education" : 0.060084030000000004, 
            "Government" : 0.05770308, 
            "Other Services" : 0.042857139999999995, 
            "Transportation" : 0.04033613, 
            "Agriculture" : 0.03977591, 
            "Finance & Insurance" : 0.03907563, 
            "Administrative" : 0.02843137, 
            "Wholesalers" : 0.017366950000000003, 
            "Real estate" : 0.01526611, 
            "Professional" : 0.013865549999999999, 
            "Utilities" : 0.012885150000000001, 
            "Information" : 0.007563029999999999, 
            "Entertainment" : 0.00686275, 
            "Oil & Gas, and Mining" : 0.0018207300000000002, 
            "Management" : 0.00084034
        }, 
        "educational_attainment" : {
            "Doctorate" : 0.00470146, 
            "Professional" : 0.005171599999999999, 
            "Master's" : 0.03319229, 
            "Bachelor's" : 0.06958157, 
            "Associate's" : 0.0651622, 
            "Some College" : 0.19896567999999998, 
            "High School" : 0.44880113, 
            "Some H.S." : 0.10390221000000001, 
            "Less than H.S." : 0.06130701, 
            "None" : 0.00921486
        }
    }
}