{
    "name" : "Jessamine County", 
	"state" : "Kentucky", 
	"FIPS" : "21113",
    "population" : 51015, 
    "demographics" : {
        "race_and_ethnicity" : {
            "White" : 0.9007938799999999, 
            "Hispanic" : 0.029853960000000002, 
            "Black" : 0.03751838, 
            "Asian" : 0.01342742, 
            "Mixed" : 0.01672057, 
            "Other" : 0.00168578
        }, 
        "age_and_sex" : {
            "85+" : 0.01552, 
            "80-84" : 0.018600000000000002, 
            "75-79" : 0.020950000000000003, 
            "70-74" : 0.03009, 
            "67-69" : 0.02241, 
            "65-66" : 0.027440000000000003, 
            "62-64" : 0.0278, 
            "60-61" : 0.02932, 
            "55-59" : 0.06663000000000001, 
            "50-54" : 0.07196, 
            "45-49" : 0.06641, 
            "40-44" : 0.06804, 
            "35-39" : 0.05941, 
            "30-34" : 0.061509999999999995, 
            "25-29" : 0.060899999999999996, 
            "22-24" : 0.03681, 
            "21" : 0.01768, 
            "20" : 0.01952, 
            "18-19" : 0.02956, 
            "15-17" : 0.04314, 
            "10-14" : 0.07045, 
            "5-9" : 0.06808, 
            "0-4" : 0.06774
        }, 
        "household_types" : {
            "Married" : 0.5573610099999999, 
            "Single Female" : 0.15205695, 
            "Single Male" : 0.05059508, 
            "One-Person" : 0.18841367, 
            "Other Non-Family" : 0.05157328
        }, 
        "marital_status" : {
            "Never Married" : {
                "female" : 0.25112875, 
                "male" : 0.28481826
            }, 
            "Now Married" : {
                "female" : 0.49265718999999997, 
                "male" : 0.5443936
            }, 
            "Separated" : {
                "female" : 0.02979896, 
                "male" : 0.02205542
            }, 
            "Absent Spouse" : {
                "female" : 0.01468561, 
                "male" : 0.01927921
            }, 
            "Widowed" : {
                "female" : 0.08003422, 
                "male" : 0.015680430000000002
            }, 
            "Divorced" : {
                "female" : 0.13169525999999998, 
                "male" : 0.11377307
            }
        }, 
        "ancestry" : {
            "American" : 0.2547486, 
            "Other" : 0.1820837, 
            "Unclassified" : 0.18080957, 
            "German" : 0.14080172, 
            "English" : 0.12917769, 
            "Irish" : 0.12149368, 
            "Scottish" : 0.02748211, 
            "Italian" : 0.0217387, 
            "Dutch" : 0.01877879, 
            "French" : 0.01460355, 
            "Scotch-Irish" : 0.013584240000000001, 
            "European" : 0.01221209, 
            "Russian" : 0.010663530000000001, 
            "Polish" : 0.01021268, 
            "Swedish" : 0.00835049, 
            "Ukrainian" : 0.00742919, 
            "British" : 0.00588062, 
            "Subsaharan African" : 0.00588062, 
            "Welsh" : 0.00582182, 
            "African" : 0.00517495, 
            "Mexican" : 0.6303781, 
            "Puerto Rican" : 0.018959999999999998, 
            "Central American" : 0.16232073, 
            "Honduran" : 0.00488, 
            "Other Hispanic" : 0.14602347, 
            "Costa Rican" : 0.00439, 
            "Spaniard" : 0.1095176, 
            "South American" : 0.00329, 
            "Chilean" : 0.0482399, 
            "Korean" : 0.25109489, 
            "Vietnamese" : 0.00337, 
            "Filipino" : 0.16058394, 
            "Burmese" : 0.00216, 
            "Chinese" : 0.13430657000000001, 
            "Indian" : 0.0018, 
            "Thai" : 0.12116787999999999, 
            "Bangladeshi" : 0.0016300000000000002, 
            "Japanese" : 0.11386861, 
            "Mixed" : 0.00153, 
            "Taiwanese" : 0.09781022
        }, 
        "employment_status" : {
            "Armed Forces" : 0.0, 
            "Employed" : 0.58970296, 
            "Unemployed" : 0.051585799999999994, 
            "Other" : 0.35871124000000004
        }, 
        "industries" : {
            "Healthcare" : 0.15874776000000002, 
            "Retail" : 0.13499104, 
            "Education" : 0.12036168, 
            "Manufacturing" : 0.10338651, 
            "Construction" : 0.08325514, 
            "Hospitality" : 0.07719867, 
            "Other Services" : 0.04896358, 
            "Transportation" : 0.047726689999999995, 
            "Professional" : 0.03714919, 
            "Administrative" : 0.035656400000000005, 
            "Government" : 0.02900281, 
            "Wholesalers" : 0.02866161, 
            "Finance & Insurance" : 0.02827774, 
            "Agriculture" : 0.016335409999999998, 
            "Real estate" : 0.011515820000000001, 
            "Entertainment" : 0.011259920000000001, 
            "Utilities" : 0.01104666, 
            "Information" : 0.00998038, 
            "Oil & Gas, and Mining" : 0.00648298, 
            "Management" : 0.0
        }, 
        "educational_attainment" : {
            "Doctorate" : 0.01732966, 
            "Professional" : 0.02308601, 
            "Master's" : 0.08407308000000001, 
            "Bachelor's" : 0.1623292, 
            "Associate's" : 0.07462054, 
            "Some College" : 0.19629169999999999, 
            "High School" : 0.29112007, 
            "Some H.S." : 0.10085739, 
            "Less than H.S." : 0.044687489999999996, 
            "None" : 0.00560487
        }
    }
}