{
    "name" : "Madison County", 
	"state" : "Kentucky", 
	"FIPS" : "21151",
    "population" : 87324, 
    "demographics" : {
        "race_and_ethnicity" : {
            "White" : 0.8995236099999999, 
            "Hispanic" : 0.02225047, 
            "Black" : 0.04456965, 
            "Asian" : 0.0096308, 
            "Mixed" : 0.01795612, 
            "Other" : 0.00606935
        }, 
        "age_and_sex" : {
            "85+" : 0.015609999999999999, 
            "80-84" : 0.01366, 
            "75-79" : 0.021429999999999998, 
            "70-74" : 0.027919999999999997, 
            "67-69" : 0.028650000000000002, 
            "65-66" : 0.01924, 
            "62-64" : 0.0318, 
            "60-61" : 0.02122, 
            "55-59" : 0.05915, 
            "50-54" : 0.06405999999999999, 
            "45-49" : 0.061959999999999994, 
            "40-44" : 0.06354, 
            "35-39" : 0.05946, 
            "30-34" : 0.06093, 
            "25-29" : 0.05962, 
            "22-24" : 0.06036, 
            "21" : 0.03506, 
            "20" : 0.02886, 
            "18-19" : 0.05649, 
            "15-17" : 0.03504, 
            "10-14" : 0.05515, 
            "5-9" : 0.06358, 
            "0-4" : 0.0572
        }, 
        "household_types" : {
            "Married" : 0.46175445000000004, 
            "Single Female" : 0.11407325, 
            "Single Male" : 0.04597488, 
            "One-Person" : 0.28526027, 
            "Other Non-Family" : 0.09293715000000001
        }, 
        "marital_status" : {
            "Never Married" : {
                "female" : 0.34836516, 
                "male" : 0.38947946
            }, 
            "Now Married" : {
                "female" : 0.40261896, 
                "male" : 0.44089779999999995
            }, 
            "Separated" : {
                "female" : 0.017700769999999998, 
                "male" : 0.01305679
            }, 
            "Absent Spouse" : {
                "female" : 0.01692419, 
                "male" : 0.01126582
            }, 
            "Widowed" : {
                "female" : 0.08938757000000001, 
                "male" : 0.02871339
            }, 
            "Divorced" : {
                "female" : 0.12500334999999999, 
                "male" : 0.11658675
            }
        }, 
        "ancestry" : {
            "Unclassified" : 0.25470661, 
            "Other" : 0.22455452999999997, 
            "American" : 0.16110119, 
            "Irish" : 0.13854152, 
            "German" : 0.12974669, 
            "English" : 0.11456186, 
            "Scotch-Irish" : 0.026430310000000002, 
            "Scottish" : 0.025067560000000003, 
            "Italian" : 0.02194128, 
            "Dutch" : 0.01548257, 
            "European" : 0.01524209, 
            "French" : 0.01428015, 
            "Polish" : 0.013249509999999999, 
            "Welsh" : 0.00952774, 
            "British" : 0.005073060000000001, 
            "Mexican" : 0.59958932, 
            "Puerto Rican" : 0.013380000000000001, 
            "Central American" : 0.112423, 
            "South American" : 0.00251, 
            "Other Hispanic" : 0.09907598000000001, 
            "Salvadoran" : 0.00221, 
            "Spaniard" : 0.0775154, 
            "Cuban" : 0.0017299999999999998, 
            "Colombian" : 0.07032854000000001, 
            "Guatemalan" : 0.00157, 
            "Peruvian" : 0.06365503, 
            "Venezuelan" : 0.0014199999999999998, 
            "Honduran" : 0.05492813, 
            "Japanese" : 0.23186683, 
            "Filipino" : 0.00223, 
            "Chinese" : 0.21759810000000002, 
            "Sri Lankan" : 0.0021, 
            "Korean" : 0.21403092, 
            "Indian" : 0.0020599999999999998, 
            "Vietnamese" : 0.10463734000000001, 
            "Not Specified" : 0.00101, 
            "Nepalese" : 0.07966706, 
            "Cambodian" : 0.00077
        }, 
        "employment_status" : {
            "Armed Forces" : 0.00083438, 
            "Employed" : 0.5709436999999999, 
            "Unemployed" : 0.04781434, 
            "Other" : 0.38040757
        }, 
        "industries" : {
            "Education" : 0.16293471, 
            "Manufacturing" : 0.13757059, 
            "Healthcare" : 0.13207173, 
            "Retail" : 0.12179233, 
            "Hospitality" : 0.08845238999999999, 
            "Government" : 0.05815912, 
            "Construction" : 0.05431983, 
            "Other Services" : 0.04465967, 
            "Professional" : 0.03985435, 
            "Administrative" : 0.0294511, 
            "Transportation" : 0.02206975, 
            "Entertainment" : 0.02130189, 
            "Information" : 0.01775983, 
            "Finance & Insurance" : 0.01748737, 
            "Real estate" : 0.015332410000000001, 
            "Wholesalers" : 0.01523333, 
            "Agriculture" : 0.01089864, 
            "Utilities" : 0.0077529, 
            "Oil & Gas, and Mining" : 0.00200634, 
            "Management" : 0.00089171
        }, 
        "educational_attainment" : {
            "Doctorate" : 0.0201638, 
            "Professional" : 0.013574319999999999, 
            "Master's" : 0.08283912, 
            "Bachelor's" : 0.17456461999999998, 
            "Associate's" : 0.06566883, 
            "Some College" : 0.20775675, 
            "High School" : 0.2928363, 
            "Some H.S." : 0.0805987, 
            "Less than H.S." : 0.049910569999999994, 
            "None" : 0.01208698
        }
    }
}