{
    "name" : "Rowan County", 
	"state" : "Kentucky", 
	"FIPS" : "21205",
    "population" : 24302, 
    "demographics" : {
        "race_and_ethnicity" : {
            "White" : 0.9461772700000001, 
            "Hispanic" : 0.022261540000000003, 
            "Black" : 0.01320879, 
            "Asian" : 0.00316846, 
            "Mixed" : 0.01353798, 
            "Other" : 0.00164596
        }, 
        "age_and_sex" : {
            "85+" : 0.01498, 
            "80-84" : 0.01424, 
            "75-79" : 0.025019999999999997, 
            "70-74" : 0.03526, 
            "67-69" : 0.01839, 
            "65-66" : 0.022099999999999998, 
            "62-64" : 0.031190000000000002, 
            "60-61" : 0.01753, 
            "55-59" : 0.05732, 
            "50-54" : 0.0646, 
            "45-49" : 0.055999999999999994, 
            "40-44" : 0.04687, 
            "35-39" : 0.05901, 
            "30-34" : 0.04967, 
            "25-29" : 0.06008, 
            "22-24" : 0.0753, 
            "21" : 0.040119999999999996, 
            "20" : 0.045259999999999995, 
            "18-19" : 0.07769, 
            "15-17" : 0.0302, 
            "10-14" : 0.06082, 
            "5-9" : 0.04407, 
            "0-4" : 0.05428
        }, 
        "household_types" : {
            "Married" : 0.42381683000000003, 
            "Single Female" : 0.12061844000000001, 
            "Single Male" : 0.05558834, 
            "One-Person" : 0.31606279, 
            "Other Non-Family" : 0.08391361
        }, 
        "marital_status" : {
            "Never Married" : {
                "female" : 0.38353074, 
                "male" : 0.40741119
            }, 
            "Now Married" : {
                "female" : 0.34799774, 
                "male" : 0.38219682
            }, 
            "Separated" : {
                "female" : 0.014664410000000001, 
                "male" : 0.00969784
            }, 
            "Absent Spouse" : {
                "female" : 0.00921226, 
                "male" : 0.04848918
            }, 
            "Widowed" : {
                "female" : 0.08676443, 
                "male" : 0.03705594
            }, 
            "Divorced" : {
                "female" : 0.15783042, 
                "male" : 0.11514904
            }
        }, 
        "ancestry" : {
            "American" : 0.29627190999999997, 
            "Unclassified" : 0.24648177000000002, 
            "Other" : 0.16694099, 
            "Irish" : 0.14430911, 
            "English" : 0.09941569, 
            "German" : 0.08900501999999999, 
            "Scottish" : 0.01670644, 
            "Scotch-Irish" : 0.0163361, 
            "European" : 0.01106905, 
            "Dutch" : 0.01016377, 
            "Hungarian" : 0.00600774, 
            "French" : 0.005678539999999999, 
            "Arab" : 0.00551395, 
            "French Canadian" : 0.00514361, 
            "Italian" : 0.00510246, 
            "Polish" : 0.00506131, 
            "Mexican" : 0.74861368, 
            "Puerto Rican" : 0.01667, 
            "Central American" : 0.17005545000000002, 
            "Costa Rican" : 0.00379, 
            "South American" : 0.05360444, 
            "Peruvian" : 0.0011899999999999999, 
            "Other Hispanic" : 0.05360444, 
            "Chinese" : 0.79220779, 
            "Indian" : 0.00251
        }, 
        "employment_status" : {
            "Armed Forces" : 0.00014843000000000001, 
            "Employed" : 0.49161348, 
            "Unemployed" : 0.033249219999999996, 
            "Other" : 0.47498887
        }, 
        "industries" : {
            "Education" : 0.17864332000000002, 
            "Manufacturing" : 0.15136876000000002, 
            "Retail" : 0.14100242, 
            "Healthcare" : 0.13898953, 
            "Hospitality" : 0.09349838999999999, 
            "Construction" : 0.06672705, 
            "Other Services" : 0.056058779999999996, 
            "Government" : 0.0556562, 
            "Finance & Insurance" : 0.02163849, 
            "Administrative" : 0.02133655, 
            "Transportation" : 0.01529791, 
            "Agriculture" : 0.014593400000000001, 
            "Wholesalers" : 0.012379230000000001, 
            "Professional" : 0.011775359999999999, 
            "Real estate" : 0.00533414, 
            "Information" : 0.00483092, 
            "Entertainment" : 0.00473027, 
            "Utilities" : 0.00442834, 
            "Oil & Gas, and Mining" : 0.00171095, 
            "Management" : 0.0
        }, 
        "educational_attainment" : {
            "Doctorate" : 0.03171065, 
            "Professional" : 0.02725246, 
            "Master's" : 0.10929748, 
            "Bachelor's" : 0.09822392, 
            "Associate's" : 0.06787949, 
            "Some College" : 0.17796793, 
            "High School" : 0.29805134, 
            "Some H.S." : 0.0980082, 
            "Less than H.S." : 0.07061192, 
            "None" : 0.02099662
        }
    }
}