{
    "name" : "Merrimack County", 
	"state" : "New Hampshire", 
	"FIPS" : "33013",
    "population" : 147715, 
    "demographics" : {
        "race_and_ethnicity" : {
            "White" : 0.93418407, 
            "Hispanic" : 0.0186237, 
            "Black" : 0.01173882, 
            "Asian" : 0.016674, 
            "Mixed" : 0.01669431, 
            "Other" : 0.0020851
        }, 
        "age_and_sex" : {
            "85+" : 0.02503, 
            "80-84" : 0.01816, 
            "75-79" : 0.02527, 
            "70-74" : 0.040839999999999994, 
            "67-69" : 0.0282, 
            "65-66" : 0.02302, 
            "62-64" : 0.03826, 
            "60-61" : 0.03088, 
            "55-59" : 0.08331, 
            "50-54" : 0.08224999999999999, 
            "45-49" : 0.07411, 
            "40-44" : 0.06443, 
            "35-39" : 0.0564, 
            "30-34" : 0.05662, 
            "25-29" : 0.05588, 
            "22-24" : 0.03717, 
            "21" : 0.01425, 
            "20" : 0.01555, 
            "18-19" : 0.029900000000000003, 
            "15-17" : 0.03914, 
            "10-14" : 0.05929, 
            "5-9" : 0.05406, 
            "0-4" : 0.048
        }, 
        "household_types" : {
            "Married" : 0.5260081, 
            "Single Female" : 0.0931502, 
            "Single Male" : 0.04298292, 
            "One-Person" : 0.26316253, 
            "Other Non-Family" : 0.07469624999999999
        }, 
        "marital_status" : {
            "Never Married" : {
                "female" : 0.25928678, 
                "male" : 0.33174417
            }, 
            "Now Married" : {
                "female" : 0.48340236, 
                "male" : 0.50009073
            }, 
            "Separated" : {
                "female" : 0.012456130000000001, 
                "male" : 0.01082169
            }, 
            "Absent Spouse" : {
                "female" : 0.01822579, 
                "male" : 0.01994424
            }, 
            "Widowed" : {
                "female" : 0.08714551999999999, 
                "male" : 0.02725218
            }, 
            "Divorced" : {
                "female" : 0.13948342, 
                "male" : 0.11014697999999999
            }
        }, 
        "ancestry" : {
            "English" : 0.19231628, 
            "Irish" : 0.19119927, 
            "French" : 0.14699929, 
            "Unclassified" : 0.14503605, 
            "Other" : 0.11355651, 
            "German" : 0.09359916, 
            "French Canadian" : 0.08936804000000001, 
            "Italian" : 0.08475780999999999, 
            "American" : 0.05443591, 
            "Scottish" : 0.04954135, 
            "Polish" : 0.037497880000000004, 
            "Swedish" : 0.02320685, 
            "Canadian" : 0.01492739, 
            "Scotch-Irish" : 0.01376299, 
            "Greek" : 0.01027655, 
            "Portuguese" : 0.010141150000000002, 
            "European" : 0.0096808, 
            "Dutch" : 0.00946417, 
            "Norwegian" : 0.00895644, 
            "Russian" : 0.00863826, 
            "Puerto Rican" : 0.34412811, 
            "Mexican" : 0.00655, 
            "South American" : 0.16903915000000003, 
            "Other Hispanic" : 0.00322, 
            "Central American" : 0.12775801, 
            "Dominican" : 0.00243, 
            "Colombian" : 0.12740214, 
            "Cuban" : 0.00242, 
            "Guatemalan" : 0.11565835999999999, 
            "Spaniard" : 0.0022, 
            "Uruguayan" : 0.06298932, 
            "Nicaraguan" : 0.0012, 
            "Salvadoran" : 0.05338078, 
            "Spanish" : 0.0010199999999999999, 
            "Argentinean" : 0.05302491, 
            "Chilean" : 0.00101, 
            "Panamanian" : 0.04875445, 
            "Paraguayan" : 0.0009299999999999999, 
            "Peruvian" : 0.046975090000000004, 
            "Chinese" : 0.34145350999999996, 
            "Indian" : 0.00569, 
            "Nepalese" : 0.17539586, 
            "Korean" : 0.00292, 
            "Filipino" : 0.16808769999999998, 
            "Vietnamese" : 0.0028000000000000004, 
            "Mixed" : 0.13763703, 
            "Bhutanese" : 0.00229, 
            "Cambodian" : 0.02842063, 
            "Thai" : 0.00047, 
            "Japanese" : 0.02476654, 
            "Pakistani" : 0.00041, 
            "Burmese" : 0.023548520000000003, 
            "Indonesian" : 0.00039
        }, 
        "employment_status" : {
            "Armed Forces" : 0.00140917, 
            "Employed" : 0.6273165199999999, 
            "Unemployed" : 0.03168985, 
            "Other" : 0.33958446000000003
        }, 
        "industries" : {
            "Healthcare" : 0.16509291999999998, 
            "Retail" : 0.12015306, 
            "Education" : 0.10787656, 
            "Manufacturing" : 0.10218235, 
            "Construction" : 0.074299, 
            "Professional" : 0.062414290000000004, 
            "Government" : 0.058117510000000004, 
            "Hospitality" : 0.05720331, 
            "Other Services" : 0.04919746, 
            "Finance & Insurance" : 0.047982870000000004, 
            "Administrative" : 0.0310439, 
            "Wholesalers" : 0.029764, 
            "Entertainment" : 0.02120963, 
            "Transportation" : 0.02115739, 
            "Information" : 0.01729159, 
            "Real estate" : 0.01645575, 
            "Utilities" : 0.008711100000000001, 
            "Agriculture" : 0.00804503, 
            "Oil & Gas, and Mining" : 0.0014757899999999998, 
            "Management" : 0.00032649999999999997
        }, 
        "educational_attainment" : {
            "Doctorate" : 0.01299727, 
            "Professional" : 0.02228517, 
            "Master's" : 0.10076017999999999, 
            "Bachelor's" : 0.21340963999999998, 
            "Associate's" : 0.11208101, 
            "Some College" : 0.18985268000000002, 
            "High School" : 0.27924387, 
            "Some H.S." : 0.05178676, 
            "Less than H.S." : 0.013546450000000002, 
            "None" : 0.00403696
        }
    }
}