{
    "name" : "Windham County", 
	"state" : "Connecticut", 
	"FIPS" : "09015",
    "population" : 117078, 
    "demographics" : {
        "race_and_ethnicity" : {
            "White" : 0.83782606, 
            "Hispanic" : 0.10400758, 
            "Black" : 0.02299322, 
            "Asian" : 0.01328174, 
            "Mixed" : 0.02068706, 
            "Other" : 0.00120433
        }, 
        "age_and_sex" : {
            "85+" : 0.01916, 
            "80-84" : 0.018520000000000002, 
            "75-79" : 0.024470000000000002, 
            "70-74" : 0.03499, 
            "67-69" : 0.02612, 
            "65-66" : 0.02246, 
            "62-64" : 0.03522, 
            "60-61" : 0.02995, 
            "55-59" : 0.07708999999999999, 
            "50-54" : 0.08113, 
            "45-49" : 0.07296, 
            "40-44" : 0.06602000000000001, 
            "35-39" : 0.057699999999999994, 
            "30-34" : 0.06033, 
            "25-29" : 0.06213, 
            "22-24" : 0.03624, 
            "21" : 0.01701, 
            "20" : 0.0184, 
            "18-19" : 0.032850000000000004, 
            "15-17" : 0.039009999999999996, 
            "10-14" : 0.057999999999999996, 
            "5-9" : 0.05973, 
            "0-4" : 0.05054
        }, 
        "household_types" : {
            "Married" : 0.48055851, 
            "Single Female" : 0.1259122, 
            "Single Male" : 0.06827681000000001, 
            "One-Person" : 0.2565238, 
            "Other Non-Family" : 0.06872868
        }, 
        "marital_status" : {
            "Never Married" : {
                "female" : 0.30079363000000003, 
                "male" : 0.36868719
            }, 
            "Now Married" : {
                "female" : 0.44025526, 
                "male" : 0.45473160999999995
            }, 
            "Separated" : {
                "female" : 0.01563036, 
                "male" : 0.01684114
            }, 
            "Absent Spouse" : {
                "female" : 0.01799309, 
                "male" : 0.0236946
            }, 
            "Widowed" : {
                "female" : 0.08752196, 
                "male" : 0.02611839
            }, 
            "Divorced" : {
                "female" : 0.13780569, 
                "male" : 0.10992708000000001
            }
        }, 
        "ancestry" : {
            "Other" : 0.18335639, 
            "French" : 0.18216061, 
            "Irish" : 0.15719435, 
            "Unclassified" : 0.13710518, 
            "English" : 0.11822033, 
            "Italian" : 0.11716975, 
            "French Canadian" : 0.10092417, 
            "Polish" : 0.08807803, 
            "German" : 0.0818685, 
            "American" : 0.0299971, 
            "Swedish" : 0.02312988, 
            "Scottish" : 0.0192265, 
            "Portuguese" : 0.01575872, 
            "Greek" : 0.01078768, 
            "Russian" : 0.00918191, 
            "Canadian" : 0.00708075, 
            "Lithuanian" : 0.006858680000000001, 
            "Finnish" : 0.00651702, 
            "Dutch" : 0.006149750000000001, 
            "British" : 0.0052870700000000005, 
            "Puerto Rican" : 0.69202984, 
            "Mexican" : 0.07527, 
            "South American" : 0.13663133, 
            "Central American" : 0.01486, 
            "Guatemalan" : 0.07035728, 
            "Ecuadorian" : 0.0076500000000000005, 
            "Dominican" : 0.05041225, 
            "Colombian" : 0.0054800000000000005, 
            "Peruvian" : 0.046329010000000004, 
            "Other Hispanic" : 0.00504, 
            "Spaniard" : 0.02968198, 
            "Cuban" : 0.0032300000000000002, 
            "Chinese" : 0.27073955, 
            "Indian" : 0.0036, 
            "Laotian" : 0.21543408, 
            "Filipino" : 0.0028599999999999997, 
            "Korean" : 0.19807074, 
            "Not Specified" : 0.00263, 
            "Pakistani" : 0.08167203, 
            "Thai" : 0.00108, 
            "Japanese" : 0.042443730000000006, 
            "Vietnamese" : 0.0005600000000000001, 
            "Bangladeshi" : 0.03665595, 
            "Malaysian" : 0.00049, 
            "Taiwanese" : 0.03601286, 
            "Mixed" : 0.00048
        }, 
        "employment_status" : {
            "Armed Forces" : 0.00121025, 
            "Employed" : 0.6155266699999999, 
            "Unemployed" : 0.056266170000000004, 
            "Other" : 0.32699691000000003
        }, 
        "industries" : {
            "Healthcare" : 0.14549892, 
            "Retail" : 0.13582047, 
            "Education" : 0.12905741, 
            "Manufacturing" : 0.12059935, 
            "Construction" : 0.06780006, 
            "Hospitality" : 0.06515586, 
            "Administrative" : 0.042527590000000004, 
            "Other Services" : 0.040256280000000005, 
            "Transportation" : 0.03632388, 
            "Government" : 0.03603573, 
            "Professional" : 0.03573063, 
            "Finance & Insurance" : 0.03559503, 
            "Entertainment" : 0.03452718, 
            "Wholesalers" : 0.027035269999999997, 
            "Information" : 0.01600081, 
            "Agriculture" : 0.01549231, 
            "Real estate" : 0.00833941, 
            "Utilities" : 0.006390160000000001, 
            "Oil & Gas, and Mining" : 0.0014407500000000002, 
            "Management" : 0.00037289999999999996
        }, 
        "educational_attainment" : {
            "Doctorate" : 0.010834360000000001, 
            "Professional" : 0.00982911, 
            "Master's" : 0.07301091, 
            "Bachelor's" : 0.14489246, 
            "Associate's" : 0.09224717, 
            "Some College" : 0.21704705000000002, 
            "High School" : 0.33288656000000005, 
            "Some H.S." : 0.07750351, 
            "Less than H.S." : 0.03229209, 
            "None" : 0.00945679
        }
    }
}